frame_index,seconds,value,normalized_value
0,0.0,65.38145446777344,0.0004219504952838204
1,0.023219954648526078,67.6203842163086,0.0004363998146510691
2,0.046439909297052155,60.72472381591797,0.0003918974806950693
3,0.06965986394557823,60.511959075927734,0.000390524366741753
4,0.09287981859410431,61.63988494873047,0.00039780363093902066
5,0.11609977324263039,68.77690887451172,0.0004438636460434603
6,0.13931972789115646,68.79319763183594,0.00044396876834880606
7,0.16253968253968254,68.88011932373047,0.0004445297324822039
8,0.18575963718820862,68.8208236694336,0.00044414705774817705
9,0.2089795918367347,68.97435760498047,0.00044513791548718326
10,0.23219954648526078,68.64788055419922,0.0004430309395198033
11,0.25541950113378686,68.31739807128906,0.00044089811380520707
12,0.2786394557823129,68.27117156982422,0.00044059978310352556
13,0.301859410430839,68.23979949951172,0.00044039731803580573
14,0.3250793650793651,68.28107452392578,0.00044066369352616666
15,0.34829931972789113,68.15666961669922,0.0004398608249964392
16,0.37151927437641724,67.6722412109375,0.00043673448271169455
17,0.3947392290249433,67.87386322021484,0.0004380356851301361
18,0.4179591836734694,67.65962219238281,0.00043665304369856013
19,0.44117913832199546,67.238525390625,0.00043393542284551347
20,0.46439909297052157,67.1891098022461,0.00043361651082128653
21,0.4876190476190476,67.27967834472656,0.00043420101053405453
22,0.5108390022675737,67.16827392578125,0.0004334820428981487
23,0.5340589569160997,66.90718841552734,0.0004317970825181778
24,0.5572789115646258,66.83062744140625,0.00043130298306424584
25,0.5804988662131519,66.95499420166016,0.0004321056054059046
26,0.603718820861678,66.85255432128906,0.00043144449196614925
27,0.626938775510204,67.06230163574219,0.0004327981324432293
28,0.6501587301587302,66.69981384277344,0.0004304587549389725
29,0.6733786848072563,66.54855346679688,0.0004294825700088623
30,0.6965986394557823,66.4865493774414,0.0004290824159219559
31,0.7198185941043084,66.40107727050781,0.0004285308069351696
32,0.7430385487528345,66.36104583740234,0.0004282724571758491
33,0.7662585034013606,66.26100158691406,0.0004276268043468097
34,0.7894784580498866,66.26435089111328,0.0004276484196592438
35,0.8126984126984127,65.93047332763672,0.00042549368320653105
36,0.8359183673469388,65.98845672607422,0.00042586788907099377
37,0.8591383219954648,65.89935302734375,0.0004252928429800648
38,0.8823582766439909,66.06035614013672,0.00042633190434292754
39,0.905578231292517,66.30951690673828,0.00042793990633261476
40,0.9287981859410431,65.90614318847656,0.00042533666445629793
41,0.9520181405895691,65.84290313720703,0.00042492853387596485
42,0.9752380952380952,65.83394622802734,0.00042487072891742814
43,0.9984580498866213,65.54889678955078,0.000423031113192684
44,1.0216780045351475,65.68876647949219,0.0004239337863654728
45,1.0448979591836736,65.43675231933594,0.0004223073695082448
46,1.0681179138321995,65.55660247802734,0.0004230808431825665
47,1.0913378684807256,65.34375,0.00042170716299669216
48,1.1145578231292517,65.54371643066406,0.00042299768085295105
49,1.1377777777777778,65.165771484375,0.0004205585479432466
50,1.1609977324263039,65.15193939208984,0.00042046928014952676
51,1.18421768707483,65.39730834960938,0.00042205281104518275
52,1.207437641723356,65.41576385498047,0.0004221719168328321
53,1.230657596371882,65.07810974121094,0.0004199928077613155
54,1.253877551020408,65.0840835571289,0.0004200313608128779
55,1.2770975056689342,65.3045425415039,0.0004214541308996561
56,1.3003174603174603,65.06743621826172,0.0004199239243396861
57,1.3235374149659864,64.99002075195312,0.0004194243102730147
58,1.3467573696145125,65.11306762695312,0.00042021841450749553
59,1.3699773242630386,64.86825561523438,0.000418638477957643
60,1.3931972789115645,64.86164855957031,0.00041859583818413973
61,1.4164172335600906,64.7303466796875,0.0004177484588515867
62,1.4396371882086167,64.66839599609375,0.00041734864942797657
63,1.4628571428571429,64.74064636230469,0.0004178149296301426
64,1.486077097505669,64.78714752197266,0.0004181150328859189
65,1.509297052154195,64.42835235595703,0.00041579948638671466
66,1.5325170068027212,64.48324584960938,0.0004161537510176106
67,1.555736961451247,64.4573974609375,0.00041598693398224227
68,1.5789569160997732,64.52920532226562,0.0004164503584028111
69,1.6021768707482993,64.39411163330078,0.0004155785079762267
70,1.6253968253968254,64.10848236083984,0.0004137351501928379
71,1.6486167800453515,63.66218948364258,0.0004108549221203981
72,1.6718367346938776,63.81214904785156,0.0004118227120373648
73,1.6950566893424037,63.90541076660156,0.0004124245926277848
74,1.7182766439909296,63.919246673583984,0.00041251388504031153
75,1.7414965986394557,63.972259521484375,0.0004128560125994193
76,1.7647165532879818,63.9665412902832,0.00041281910900791736
77,1.787936507936508,63.85511016845703,0.0004120999690403634
78,1.811156462585034,63.39871597290039,0.00040915455036732507
79,1.8343764172335602,63.25477600097656,0.00040822560892760323
80,1.8575963718820863,63.761051177978516,0.000411492943119307
81,1.8808163265306121,63.44959259033203,0.0004094828913945842
82,1.9040362811791383,63.73993682861328,0.00041135667802326745
83,1.9272562358276644,63.38653564453125,0.00040907594251698103
84,1.9504761904761905,63.50831604003906,0.0004098618733075802
85,1.9736961451247166,63.63621520996094,0.00041068729266440293
86,1.9969160997732427,63.51152801513672,0.0004098826023429669
87,2.020136054421769,63.4434700012207,0.00040944337820955374
88,2.043356009070295,63.05789566040039,0.00040695500768610427
89,2.066575963718821,63.76607131958008,0.0004115253414691513
90,2.089795918367347,63.63850402832031,0.00041070206394852647
91,2.1130158730158732,63.496986389160156,0.0004097887554511687
92,2.136235827664399,63.32341766357422,0.00040866859973846787
93,2.159455782312925,63.22807693481445,0.00040805330189830233
94,2.182675736961451,63.24605178833008,0.00040816930571628573
95,2.2058956916099772,63.416812896728516,0.0004092713419871284
96,2.2291156462585033,63.30362319946289,0.0004085408527496062
97,2.2523356009070294,62.61600112915039,0.00040410316509798845
98,2.2755555555555556,62.56095504760742,0.00040374791571481765
99,2.2987755102040817,62.5362548828125,0.0004035885089403179
100,2.3219954648526078,62.90525817871094,0.00040596993536671307
101,2.345215419501134,62.45562744140625,0.00040306816583825976
102,2.36843537414966,62.48762512207031,0.00040327466839030666
103,2.391655328798186,62.52806091308594,0.00040353562774315564
104,2.414875283446712,62.63250732421875,0.000404209690675326
105,2.4380952380952383,62.78437042236328,0.0004051897653769221
106,2.461315192743764,63.07460403442383,0.000407062838060206
107,2.48453514739229,62.81049728393555,0.00040535837958519214
108,2.507755102040816,63.00994873046875,0.00040664557390252324
109,2.5309750566893423,62.89689254760742,0.0004059159463232416
110,2.5541950113378684,62.621826171875,0.00040414075801608283
111,2.5774149659863945,62.45522689819336,0.0004030655808635381
112,2.6006349206349206,62.59571075439453,0.0004039722176642334
113,2.6238548752834467,62.502262115478516,0.0004033691307522766
114,2.647074829931973,62.2993049621582,0.00040205931175142965
115,2.670294784580499,62.49120330810547,0.0004032977608311531
116,2.693514739229025,61.91840744018555,0.0003996011238852059
117,2.716734693877551,62.09722137451172,0.00040075513045735654
118,2.7399546485260773,62.2018928527832,0.00040143064589913234
119,2.7631746031746034,62.442745208740234,0.0004029850281274512
120,2.786394557823129,62.527000427246094,0.0004035287837148451
121,2.809614512471655,62.335819244384766,0.0004022949629708137
122,2.8328344671201813,62.28385543823242,0.0004019596055835959
123,2.8560544217687074,62.257850646972656,0.0004017917791771457
124,2.8792743764172335,62.000205993652344,0.0004001290249609739
125,2.9024943310657596,61.6145133972168,0.00039763989125451136
126,2.9257142857142857,61.920433044433594,0.00039961419647165526
127,2.948934240362812,61.912986755371094,0.00039956614056064
128,2.972154195011338,62.056156158447266,0.00040049010900137356
129,2.995374149659864,61.94683074951172,0.00039978455861521326
130,3.01859410430839,62.287078857421875,0.00040198040847540316
131,3.0418140589569163,61.92238235473633,0.0003996267766819671
132,3.0650340136054424,62.02315139770508,0.0004002771070843123
133,3.0882539682539685,62.085086822509766,0.00040067681803269495
134,3.111473922902494,62.049678802490234,0.00040044830626730397
135,3.1346938775510202,62.42232894897461,0.0004028532682730693
136,3.1579138321995464,62.15540313720703,0.0004011306164997766
137,3.1811337868480725,62.0152587890625,0.000400226170772893
138,3.2043537414965986,62.002750396728516,0.0004001454457051579
139,3.2275736961451247,62.16820526123047,0.0004012132372156409
140,3.250793650793651,61.75778579711914,0.00039856452440303045
141,3.274013605442177,61.90092086791992,0.00039948827127450214
142,3.297233560090703,61.921966552734375,0.000399624093232018
143,3.320453514739229,61.89359664916992,0.0003994410031653069
144,3.3436734693877552,61.767921447753906,0.0003986299365728908
145,3.3668934240362813,62.01042556762695,0.00040019497874458547
146,3.3901133786848074,61.85649871826172,0.00039920158526847134
147,3.4133333333333336,62.076438903808594,0.00040062100719751487
148,3.436553287981859,62.140357971191406,0.0004010335199254713
149,3.4597732426303853,62.17258834838867,0.00040124152422473745
150,3.4829931972789114,62.015384674072266,0.00040022698319351976
151,3.5062131519274375,62.235652923583984,0.0004016485223399544
152,3.5294331065759637,62.55540084838867,0.0004037120707320112
153,3.5526530612244898,62.56990051269531,0.00040380564681693375
154,3.575873015873016,62.22264099121094,0.0004015645475897121
155,3.599092970521542,62.039459228515625,0.0004003823524836924
156,3.622312925170068,62.31415557861328,0.0004021551527665845
157,3.645532879818594,61.84836959838867,0.00039914912259102594
158,3.6687528344671203,62.16828918457031,0.0004012137788293921
159,3.6919727891156464,61.88267135620117,0.0003993704949024239
160,3.7151927437641725,61.7017936706543,0.00039820316955575526
161,3.7384126984126986,62.025814056396484,0.0004002942910115093
162,3.7616326530612243,61.9836540222168,0.0004000222039579539
163,3.7848526077097504,61.994789123535156,0.0004000940662552149
164,3.8080725623582765,61.91154479980469,0.0003995568346516422
165,3.8312925170068026,62.00894546508789,0.0004001854266475189
166,3.8545124716553287,61.662811279296875,0.0003979515899683247
167,3.877732426303855,61.44680404663086,0.0003965575500291667
168,3.900952380952381,61.85192108154297,0.0003991720427002243
169,3.924172335600907,61.83712387084961,0.0003990765463483657
170,3.947392290249433,61.85207748413086,0.00039917305207130604
171,3.9706122448979593,61.8708610534668,0.0003992942750763465
172,3.9938321995464854,62.19834899902344,0.00040140777502754773
173,4.017052154195011,62.554805755615234,0.0004037082301981391
174,4.040272108843538,62.10611343383789,0.0004008125168961764
175,4.063492063492063,62.2012939453125,0.00040142678074645336
176,4.08671201814059,61.61134719848633,0.00039761945764480713
177,4.1099319727891155,61.48899459838867,0.0003968298340331771
178,4.133151927437642,61.657386779785156,0.0003979165820249519
179,4.156371882086168,61.658470153808594,0.0003979235737661037
180,4.179591836734694,61.49629592895508,0.0003968769544295312
181,4.20281179138322,61.79896926879883,0.0003988303090420265
182,4.2260317460317465,61.734947204589844,0.00039841713160628455
183,4.249251700680272,61.308921813964844,0.00039566770325475856
184,4.272471655328798,61.48048782348633,0.00039677493409385133
185,4.295691609977324,61.369754791259766,0.000396060299367955
186,4.31891156462585,61.44124984741211,0.0003965217050463603
187,4.342131519274377,61.38018035888672,0.00039612758256713773
188,4.365351473922902,61.41175079345703,0.0003963313278128149
189,4.388571428571429,61.58167266845703,0.0003974279479461456
190,4.4117913832199545,61.83282470703125,0.0003990488009530203
191,4.435011337868481,61.59404754638672,0.00039750781135564013
192,4.458231292517007,61.52110290527344,0.00039703705053062335
193,4.481451247165533,61.62736511230469,0.000397722832014865
194,4.504671201814059,61.16141128540039,0.00039471571861180403
195,4.527891156462585,61.11497497558594,0.0003944160338757445
196,4.551111111111111,61.19535446166992,0.00039493477675535594
197,4.574331065759637,61.36409378051758,0.0003960237650585562
198,4.597551020408163,61.681522369384766,0.0003980723452160345
199,4.620770975056689,61.305641174316406,0.0003956465310808482
200,4.6439909297052155,61.089622497558594,0.0003942524172852696
201,4.667210884353741,61.22388458251953,0.00039511890081195576
202,4.690430839002268,61.1270637512207,0.00039449405087472366
203,4.713650793650793,61.02006912231445,0.00039380354257956247
204,4.73687074829932,60.92578887939453,0.0003931950887677075
205,4.760090702947846,61.304222106933594,0.00039563737288469156
206,4.783310657596372,61.00053405761719,0.00039367746966956815
207,4.806530612244898,60.987735748291016,0.00039359487357251076
208,4.829750566893424,60.93373107910156,0.0003932463451236161
209,4.85297052154195,61.11895751953125,0.00039444173591011945
210,4.876190476190477,61.24396514892578,0.00039524849421133284
211,4.899410430839002,61.506568908691406,0.00039694325287643894
212,4.922630385487528,61.33934020996094,0.00039586401362076023
213,4.9458503401360545,61.45585632324219,0.0003966159704578753
214,4.96907029478458,61.33321762084961,0.00039582450043572977
215,4.992290249433107,60.9544792175293,0.0003933802468141959
216,5.015510204081632,60.89751052856445,0.0003930125895523613
217,5.038730158730159,60.84908676147461,0.0003927000784179212
218,5.061950113378685,61.09312057495117,0.0003942749927311717
219,5.085170068027211,60.94898223876953,0.00039334477111349256
220,5.108390022675737,60.83966827392578,0.00039263929458375286
221,5.131609977324263,60.751121520996094,0.0003920678428386273
222,5.154829931972789,60.78384017944336,0.00039227899834517316
223,5.178049886621316,60.84053421020508,0.0003926448830529129
224,5.201269841269841,60.761722564697266,0.0003921362585029261
225,5.224489795918367,60.546302795410156,0.00039074600986002656
226,5.2477097505668935,60.854400634765625,0.0003927343724158946
227,5.270929705215419,60.50025939941406,0.0003904488608610749
228,5.294149659863946,60.62211608886719,0.00039123528402781156
229,5.317369614512471,60.62270736694336,0.00039123909994287677
230,5.340589569160998,60.82933807373047,0.000392572626854742
231,5.363809523809524,60.96543884277344,0.0003934509766463407
232,5.38702947845805,61.065189361572266,0.0003940947338272509
233,5.410249433106576,61.10690689086914,0.0003943639650992091
234,5.433469387755102,60.75357437133789,0.00039208367273144633
235,5.456689342403628,60.75514221191406,0.00039209379106107097
236,5.479909297052155,60.9825553894043,0.0003935614412327778
237,5.50312925170068,61.133914947509766,0.00039453826625186674
238,5.526349206349207,60.769832611083984,0.00039218859808633715
239,5.5495691609977325,60.712955474853516,0.0003918215316758675
240,5.572789115646258,60.91371536254883,0.0003931171702439559
241,5.596009070294785,61.19439697265625,0.00039492859743483095
242,5.61922902494331,61.198543548583984,0.0003949553580779014
243,5.642448979591837,61.340980529785156,0.0003958745997077154
244,5.6656689342403626,61.50078582763672,0.00039690593076522013
245,5.688888888888889,60.64535903930664,0.000391385286418086
246,5.712108843537415,61.135284423828125,0.00039454710440353397
247,5.735328798185941,61.202152252197266,0.00039497864746920286
248,5.758548752834467,61.1575813293457,0.000394691001329704
249,5.7817687074829935,60.855045318603516,0.0003927385329942561
250,5.804988662131519,60.857872009277344,0.00039275677553014864
251,5.828208616780046,60.90961456298828,0.00039309070502656785
252,5.851428571428571,60.94214630126953,0.00039330065421157697
253,5.874648526077097,60.69984817504883,0.0003917369414554534
254,5.897868480725624,60.241615295410156,0.00038877965651750254
255,5.921088435374149,60.522789001464844,0.00039059425953446415
256,5.944308390022676,60.84902572631836,0.0003926996845170112
257,5.9675283446712015,60.797672271728516,0.00039236826613889297
258,5.990748299319728,60.865962982177734,0.0003928089920195253
259,6.013968253968254,61.262752532958984,0.0003953697418351801
260,6.03718820861678,61.49895477294922,0.00039689411373792133
261,6.060408163265306,60.9485969543457,0.0003933422846139984
262,6.0836281179138325,60.8119010925293,0.0003924600942885276
263,6.106848072562358,60.863346099853516,0.0003927921035180108
264,6.130068027210885,61.03951644897461,0.0003939290492569987
265,6.15328798185941,61.01390838623047,0.00039376378320646327
266,6.176507936507937,60.865962982177734,0.0003928089920195253
267,6.199727891156463,61.216705322265625,0.00039507256821742163
268,6.222947845804988,61.11435317993164,0.0003944120210102243
269,6.246167800453515,61.23359680175781,0.0003951815802942532
270,6.2693877551020405,61.33594512939453,0.0003958421028826437
271,6.292607709750567,61.02573013305664,0.0003938400768889613
272,6.315827664399093,60.85061264038086,0.0003927099259406702
273,6.339047619047619,60.8158073425293,0.0003924853039467651
274,6.362267573696145,60.76875305175781,0.0003921816309639922
275,6.3854875283446715,60.74663543701172,0.0003920388911217452
276,6.408707482993197,61.21287155151367,0.0003950478263165147
277,6.431927437641724,60.86832809448242,0.0003928242556797863
278,6.455147392290249,60.82764434814453,0.0003925616961044906
279,6.478367346938776,60.78056716918945,0.0003922578754088765
280,6.501587301587302,60.7822380065918,0.0003922686584462867
281,6.524807256235827,60.80149841308594,0.00039239295880218617
282,6.548027210884354,60.72276306152344,0.0003918848266283368
283,6.5712471655328795,61.28240966796875,0.00039549660254699435
284,6.594467120181406,61.403743743896484,0.00039627965293718943
285,6.617687074829932,61.2899284362793,0.0003955451262153401
286,6.640907029478458,60.81504440307617,0.00039248038018539056
287,6.664126984126984,60.86717224121094,0.0003928167961813039
288,6.6873469387755105,60.81195831298828,0.0003924604635706307
289,6.710566893424036,60.96135711669922,0.00039342463452298707
290,6.733786848072563,61.09909439086914,0.00039431354578273414
291,6.757006802721088,61.22410583496094,0.00039512032870275436
292,6.780226757369615,60.75795364379883,0.000392111935121736
293,6.8034467120181406,60.64450454711914,0.0003913797718053465
294,6.826666666666667,61.1502571105957,0.0003946437332205087
295,6.849886621315193,60.864166259765625,0.00039279739656148836
296,6.873106575963718,60.61491775512695,0.00039118882833924306
297,6.896326530612245,60.74803161621094,0.00039204790160506054
298,6.919546485260771,60.85735321044922,0.00039275342737241396
299,6.942766439909297,60.9035530090332,0.0003930515857424474
300,6.965986394557823,60.78647994995117,0.00039229603455952894
301,6.989206349206349,60.62176513671875,0.00039123301909757926
302,7.012426303854875,60.686927795410156,0.0003916535575565761
303,7.035646258503402,60.86722946166992,0.000392817165463407
304,7.058866213151927,60.56745910644531,0.0003908825457629417
305,7.082086167800454,61.0074348449707,0.00039372200509120057
306,7.1053061224489795,60.838260650634766,0.0003926302102440169
307,7.128526077097506,61.02338790893555,0.0003938249609415416
308,7.151746031746032,60.83245086669922,0.00039259271580115
309,7.174965986394557,60.38420867919922,0.0003896999075183983
310,7.198185941043084,60.25282669067383,0.00038885201119090093
311,7.22140589569161,60.409934997558594,0.00038986593675194677
312,7.244625850340136,60.47538757324219,0.0003902883462402659
313,7.267845804988662,60.76313781738281,0.00039214539208027585
314,7.291065759637188,60.77415466308594,0.0003922164911945237
315,7.314285714285714,60.29226303100586,0.0003891065204163493
316,7.337505668934241,60.068809509277344,0.0003876644245661762
317,7.360725623582766,60.32244110107422,0.00038930127979751805
318,7.383945578231293,60.4437370300293,0.0003900840839996444
319,7.4071655328798185,60.606781005859375,0.0003911363164241839
320,7.430385487528345,60.714115142822266,0.0003918290157931567
321,7.453605442176871,60.68338394165039,0.0003916306866849915
322,7.476825396825397,60.47454833984375,0.0003902829301027539
323,7.500045351473923,60.586727142333984,0.00039100689535645494
324,7.523265306122449,60.10536193847656,0.0003879003219736289
325,7.546485260770975,60.10974884033203,0.0003879286336015323
326,7.569705215419501,59.95135498046875,0.0003869064115025705
327,7.592925170068027,60.11994552612305,0.00038799443967230265
328,7.616145124716553,60.09046936035156,0.0003878042101515985
329,7.63936507936508,60.404319763183594,0.00038982969786823034
330,7.662585034013605,60.31097412109375,0.00038922727566405914
331,7.685804988662132,60.11921691894531,0.00038798973748018997
332,7.7090249433106575,60.19457244873047,0.0003884760573911503
333,7.732244897959184,60.096641540527344,0.00038784404338111823
334,7.75546485260771,60.5567741394043,0.0003908135884848917
335,7.778684807256236,60.15604782104492,0.0003882274320605444
336,7.801904761904762,60.025108337402344,0.00038738239151464424
337,7.825124716553288,60.523704528808594,0.00039060016804811357
338,7.848344671201814,60.28321838378906,0.0003890481492252545
339,7.87156462585034,60.63399124145508,0.00039131192237360575
340,7.894784580498866,60.68989181518555,0.00039167268636951605
341,7.918004535147392,60.4112663269043,0.00038987452871554526
342,7.9412244897959186,60.309932708740234,0.00038922055472978296
343,7.964444444444444,60.124385833740234,0.00038802309596350226
344,7.987664399092971,60.23808670043945,0.0003887568841211454
345,8.010884353741497,60.167442321777344,0.0003883009684366727
346,8.034104308390022,60.08544921875,0.0003877718118017542
347,8.057324263038549,59.90873718261719,0.00038663137019219034
348,8.080544217687075,60.42116928100586,0.0003899384391381864
349,8.103764172335602,60.593406677246094,0.00039105000288728876
350,8.126984126984127,60.69386672973633,0.00039169833916627726
351,8.150204081632653,60.94582748413086,0.00039332441136020893
352,8.17342403628118,60.99289321899414,0.00039362815819940245
353,8.196643990929704,60.95473861694336,0.00039338192089306324
354,8.219863945578231,60.73553466796875,0.00039196725039374606
355,8.243083900226758,60.75270080566406,0.00039207803502467253
356,8.266303854875284,60.77186965942383,0.00039220174452920707
357,8.289523809523809,60.43638229370117,0.0003900366189399941
358,8.312743764172335,60.44371032714844,0.0003900839116679963
359,8.335963718820862,60.079185485839844,0.0003877313877208695
360,8.359183673469389,60.10939025878906,0.0003879263194336863
361,8.382403628117913,59.96311569213867,0.0003869823112841585
362,8.40562358276644,59.72419738769531,0.00038544041079092403
363,8.428843537414966,59.795555114746094,0.0003859009301922819
364,8.452063492063493,60.02082443237305,0.0003873547445945264
365,8.475283446712018,60.00221252441406,0.00038723462943579523
366,8.498503401360544,59.891571044921875,0.0003865205855612639
367,8.52172335600907,60.06099319458008,0.00038761398063089433
368,8.544943310657596,60.498844146728516,0.0003904397272837252
369,8.568163265306122,60.470149993896484,0.0003902545446184299
370,8.591383219954649,60.49452590942383,0.0003904118587943455
371,8.614603174603175,60.23842239379883,0.00038875905057615017
372,8.6378231292517,60.33079528808594,0.0003893551949845689
373,8.661043083900227,60.18560791015625,0.0003884182031949998
374,8.684263038548753,59.812347412109375,0.00038600930218013485
375,8.70748299319728,59.43024444580078,0.00038354333477093935
376,8.730702947845804,59.83469772338867,0.0003861535437696011
377,8.753922902494331,60.078094482421875,0.00038772434674210393
378,8.777142857142858,59.8061637878418,0.00038596939509419445
379,8.800362811791382,59.518924713134766,0.00038411564817430544
380,8.823582766439909,59.69766616821289,0.0003852691869891255
381,8.846802721088435,60.0421257019043,0.0003874922160121027
382,8.870022675736962,59.85957336425781,0.000386314083009217
383,8.893242630385487,60.00419998168945,0.0003872474558341758
384,8.916462585034013,59.736263275146484,0.0003855182800770619
385,8.93968253968254,59.56471252441406,0.00038441114771319663
386,8.962902494331066,59.44549560546875,0.00038364176076081583
387,8.986122448979591,59.741580963134766,0.0003855525986938423
388,9.009342403628118,59.56515121459961,0.00038441397887598695
389,9.032562358276644,59.853492736816406,0.00038627484063106214
390,9.05578231292517,59.99751663208008,0.0003872043236845351
391,9.079002267573696,60.030006408691406,0.0003874140020626686
392,9.102222222222222,59.86962890625,0.000386378978184133
393,9.125442176870749,59.75248718261719,0.0003856229838626909
394,9.148662131519274,60.21446990966797,0.0003886044690877975
395,9.1718820861678,60.3045539855957,0.00038918584221209266
396,9.195102040816327,59.836238861083984,0.0003861634897675776
397,9.218321995464853,59.63185501098633,0.00038484446333296034
398,9.241541950113378,59.645225524902344,0.0003849307522510486
399,9.264761904761905,59.953922271728516,0.00038692297995959567
400,9.287981859410431,60.157997131347656,0.0003882400122708563
401,9.311201814058958,60.02325439453125,0.0003873704267745042
402,9.334421768707482,60.19733428955078,0.000388493881407326
403,9.357641723356009,59.94511795043945,0.00038686615975333386
404,9.380861678004536,60.038063049316406,0.0003874659969827834
405,9.404081632653062,60.20384216308594,0.00038853588109185054
406,9.427301587301587,60.11054992675781,0.00038793380355097557
407,9.450521541950113,59.94185256958008,0.00038684508605465095
408,9.47374149659864,60.00636291503906,0.0003872614146976726
409,9.496961451247165,60.116477966308594,0.0003879720611768555
410,9.520181405895691,59.7939453125,0.0003858905410557817
411,9.543401360544218,59.90693283081055,0.00038661972549653963
412,9.566621315192744,59.82160186767578,0.0003860690274056077
413,9.58984126984127,60.026248931884766,0.00038738975253789916
414,9.613061224489796,60.188087463378906,0.0003884342054194669
415,9.636281179138322,59.95029830932617,0.00038689959209306675
416,9.659501133786849,60.253395080566406,0.00038885567939312495
417,9.682721088435374,60.42924499511719,0.0003899905571523356
418,9.7059410430839,60.54121017456055,0.0003907131437528517
419,9.729160997732427,60.04240417480469,0.0003874940131850044
420,9.752380952380953,60.31575393676758,0.00038925812302907046
421,9.775600907029478,60.34257888793945,0.0003894312424789982
422,9.798820861678005,59.804840087890625,0.0003859608523682097
423,9.822040816326531,59.69154357910156,0.00038522967380409505
424,9.845260770975056,59.80176544189453,0.0003859410096098704
425,9.868480725623582,59.704830169677734,0.00038531542110843215
426,9.891700680272109,59.626853942871094,0.0003848121880771504
427,9.914920634920636,59.73667526245117,0.00038552093890820415
428,9.93814058956916,59.40827560424805,0.00038340155506216036
429,9.961360544217687,59.45172882080078,0.00038368198789124556
430,9.984580498866213,59.66219711303711,0.00038504028132282453
431,10.00780045351474,59.78648376464844,0.000385842386669539
432,10.031020408163265,60.14992141723633,0.0003881878942567071
433,10.054240362811791,59.73509216308594,0.00038551072210335203
434,10.077460317460318,59.80287170410156,0.00038594814906386346
435,10.100680272108843,59.84518814086914,0.00038622124548850064
436,10.12390022675737,59.87583541870117,0.00038641903298291467
437,10.147120181405896,59.948856353759766,0.00038689028618406893
438,10.170340136054422,59.976341247558594,0.0003870676646875856
439,10.193560090702947,59.56499099731445,0.00038441294488609834
440,10.216780045351474,59.64337921142578,0.0003849188367485223
441,10.24,59.51076889038086,0.00038406301316521195
442,10.263219954648527,59.55060577392578,0.00038432010736538195
443,10.286439909297052,59.44252395629883,0.0003836225827102621
444,10.309659863945578,59.492286682128906,0.00038394373504591447
445,10.332879818594105,59.99822998046875,0.0003872089274014203
446,10.356099773242631,59.883663177490234,0.0003864695507746171
447,10.379319727891156,59.431114196777344,0.0003835489478589063
448,10.402539682539683,59.81388854980469,0.00038601924817811134
449,10.425759637188209,60.00116729736328,0.00038722788388271216
450,10.448979591836734,59.98823547363281,0.00038714442612741424
451,10.47219954648526,59.9172477722168,0.000386686294750323
452,10.495419501133787,60.04414367675781,0.00038750523936093825
453,10.518639455782314,59.46902084350586,0.0003837935849427988
454,10.541859410430838,59.53974914550781,0.0003842500422410227
455,10.565079365079365,60.112457275390625,0.00038794611295441184
456,10.588299319727891,59.63349151611328,0.0003848550248011086
457,10.611519274376418,59.53972625732422,0.0003842498945281814
458,10.634739229024943,59.64275360107422,0.0003849147992641952
459,10.65795918367347,59.953468322753906,0.00038692005032157787
460,10.681179138321996,59.966094970703125,0.000387001538572326
461,10.704399092970522,60.06229782104492,0.00038762240026284474
462,10.727619047619047,59.99028396606445,0.0003871576464267048
463,10.750839002267574,60.0333137512207,0.0003874353465682271
464,10.7740589569161,59.61507797241211,0.00038473618982033485
465,10.797278911564625,59.9162712097168,0.00038667999233576365
466,10.820498866213152,59.48917770385742,0.00038392367071831334
467,10.843718820861678,59.57856750488281,0.00038450056321975775
468,10.866938775510205,59.394412994384766,0.00038331209031798553
469,10.89015873015873,59.55070877075195,0.0003843207720731675
470,10.913378684807256,59.21076583862305,0.0003821268917175274
471,10.936598639455783,59.432159423828125,0.0003835556934119894
472,10.95981859410431,59.417057037353516,0.000383458227555581
473,10.983038548752834,59.397064208984375,0.00038332920038876197
474,11.00625850340136,59.45484161376953,0.00038370207683765357
475,11.029478458049887,59.87232971191406,0.0003863964082993988
476,11.052698412698414,59.99533462524414,0.00038719024172700407
477,11.075918367346938,59.9985237121582,0.0003872108230495495
478,11.099138321995465,59.965087890625,0.0003869950392073116
479,11.122358276643991,60.15715789794922,0.00038823459613334435
480,11.145578231292516,60.05126953125,0.0003875512272921762
481,11.168798185941043,60.20036315917969,0.0003885134287399828
482,11.19201814058957,60.15771484375,0.0003882381904791477
483,11.215238095238096,59.8568115234375,0.00038629625899304126
484,11.23845804988662,59.41592788696289,0.0003834509403887467
485,11.261678004535147,59.782596588134766,0.00038581730010533587
486,11.284897959183674,60.005592346191406,0.0003872564416986843
487,11.3081179138322,59.684051513671875,0.00038518132246739736
488,11.331337868480725,59.36178207397461,0.0003831015010439978
489,11.354557823129252,59.37697982788086,0.000383199582370578
490,11.377777777777778,59.48177719116211,0.0003838759102329806
491,11.400997732426303,59.634857177734375,0.000384863838333969
492,11.42421768707483,59.67230987548828,0.0003851055457798437
493,11.447437641723356,59.54722595214844,0.0003842982951024929
494,11.470657596371883,59.60511016845703,0.0003846718608779769
495,11.493877551020407,59.46574020385742,0.0003837724127688884
496,11.517097505668934,59.55177688598633,0.0003843276653390918
497,11.54031746031746,59.92548751831055,0.0003867394713731677
498,11.563537414965987,59.652366638183594,0.000384976838657514
499,11.586757369614512,59.86703109741211,0.0003863622127766528
500,11.609977324263038,59.730045318603516,0.00038547815142185967
501,11.633197278911565,59.70893859863281,0.0003853419355634339
502,11.656417233560092,59.708740234375,0.0003853406553854765
503,11.679637188208616,59.171478271484375,0.00038187334262554704
504,11.702857142857143,59.484771728515625,0.00038389523599637553
505,11.72607709750567,59.31035614013672,0.00038276961490854897
506,11.749297052154194,59.46062088012695,0.00038373937433006545
507,11.77251700680272,59.726043701171875,0.00038545232629345037
508,11.795736961451247,59.23907470703125,0.00038230958788332855
509,11.818956916099774,59.376747131347656,0.0003831980806233588
510,11.842176870748299,59.11933517456055,0.0003815368281544062
511,11.865396825396825,59.352352142333984,0.00038304064335340887
512,11.888616780045352,59.14220428466797,0.0003816844179016071
513,11.911836734693878,59.08573913574219,0.0003813200103222797
514,11.935056689342403,58.89639663696289,0.00038009805584316087
515,11.95827664399093,59.132415771484375,0.0003816212460431722
516,11.981496598639456,58.89640426635742,0.0003800981050807746
517,12.004716553287983,59.275062561035156,0.0003825418417073642
518,12.027936507936507,59.67491912841797,0.0003851223850437445
519,12.051156462585034,59.23550033569336,0.000382286520061289
520,12.07437641723356,59.11212158203125,0.0003814902739906102
521,12.097596371882085,59.4532356262207,0.0003836917123199602
522,12.120816326530612,59.72957992553711,0.0003854751479274212
523,12.144036281179138,59.59227752685547,0.00038458904321165763
524,12.167256235827665,59.39381408691406,0.00038330822516530655
525,12.19047619047619,59.50008010864258,0.00038399403126835506
526,12.213696145124716,59.63884735107422,0.0003848895896059577
527,12.236916099773243,59.22653579711914,0.0003822286658651385
528,12.26013605442177,59.77067184448242,0.0003857403417150523
529,12.283356009070294,59.632537841796875,0.0003848488700993905
530,12.30657596371882,59.10007858276367,0.0003814125524173136
531,12.329795918367347,59.165504455566406,0.00038183478957398465
532,12.353015873015874,59.689945220947266,0.00038521935852401545
533,12.376235827664399,59.6650276184082,0.000385058548477524
534,12.399455782312925,59.30778121948242,0.00038275299721391
535,12.422675736961452,58.859432220458984,0.00037985949960456586
536,12.445895691609977,59.149742126464844,0.00038173306466398726
537,12.469115646258503,59.494354248046875,0.0003839570784392394
538,12.49233560090703,59.63634490966797,0.0003848734396686493
539,12.515555555555556,59.6810188293457,0.0003851617505159337
540,12.538775510204081,59.82236099243164,0.0003860739265481753
541,12.561995464852608,59.91574478149414,0.0003866765949404152
542,12.585215419501134,59.78620910644531,0.0003858406141154442
543,12.60843537414966,59.40195846557617,0.00038336078631797944
544,12.631655328798185,59.22212600708008,0.00038220020652439385
545,12.654875283446712,59.057518005371094,0.0003811378803890366
546,12.678095238095239,59.55130386352539,0.00038432461260703966
547,12.701315192743763,59.49094009399414,0.00038393504460708844
548,12.72453514739229,59.23276138305664,0.0003822688437579545
549,12.747755102040816,59.295066833496094,0.0003826709427306038
550,12.770975056689343,59.281402587890625,0.0003825827581643864
551,12.794195011337868,59.54218673706055,0.00038426577365861423
552,12.817414965986394,59.483436584472656,0.00038388661941397015
553,12.84063492063492,59.61079406738281,0.000384708542900217
554,12.863854875283447,59.328025817871094,0.00038288364922198264
555,12.887074829931972,59.4021110534668,0.00038336177107025434
556,12.910294784580499,59.41163635253906,0.0003834232442310151
557,12.933514739229025,59.651329040527344,0.00038497014234204467
558,12.956734693877552,59.46567916870117,0.00038377201886797847
559,12.979954648526077,59.403709411621094,0.00038337208635033393
560,13.003174603174603,59.33694839477539,0.0003829412326112575
561,13.02639455782313,59.46537399291992,0.0003837700493634287
562,13.049614512471654,59.37599182128906,0.000383193206099598
563,13.072834467120181,59.817440032958984,0.0003860421682873097
564,13.096054421768708,59.519020080566406,0.0003841162636444773
565,13.119274376417234,59.38016891479492,0.00038322016369312343
566,13.142494331065759,59.563262939453125,0.00038440179256658504
567,13.165714285714285,59.66653060913086,0.00038506824828743176
568,13.188934240362812,59.690128326416016,0.00038522054022674537
569,13.212154195011339,59.50209426879883,0.0003840070299983838
570,13.235374149659863,59.19243621826172,0.0003820085983505048
571,13.25859410430839,59.29863357543945,0.0003826939613150296
572,13.281814058956916,59.268714904785156,0.00038250087601272826
573,13.305034013605443,59.91318130493164,0.0003866600511021969
574,13.328253968253968,59.77220153808594,0.0003857502138566082
575,13.351473922902494,59.76456832885742,0.0003857009516240562
576,13.374693877551021,59.39225387573242,0.0003832981560732957
577,13.397913832199546,59.037288665771484,0.00038100732685619147
578,13.421133786848072,59.578468322753906,0.000384499923130779
579,13.444353741496599,59.68161392211914,0.0003851655910498058
580,13.467573696145125,59.39925003051758,0.00038334330696509995
581,13.49079365079365,59.34044647216797,0.00038296380805715965
582,13.514013605442177,59.27645492553711,0.0003825508275718727
583,13.537233560090703,59.41028594970703,0.0003834145291733822
584,13.56045351473923,59.37932586669922,0.0003832147229368046
585,13.583673469387755,59.769813537597656,0.00038573480248350596
586,13.606893424036281,59.462928771972656,0.00038375426870822335
587,13.630113378684808,59.4660530090332,0.00038377443151105196
588,13.653333333333334,58.99817657470703,0.00038075491022932726
589,13.676553287981859,58.831687927246094,0.00037968044702218183
590,13.699773242630386,59.54572296142578,0.0003842885952925851
591,13.722993197278912,59.947147369384766,0.00038687925695859
592,13.746213151927437,60.02764892578125,0.00038739878764002135
593,13.769433106575963,59.15177917480469,0.00038174621110685723
594,13.79265306122449,58.73569869995117,0.00037906096398484797
595,13.815873015873017,59.26511001586914,0.0003824776112402337
596,13.839092970521541,59.35149002075195,0.00038303507950305566
597,13.862312925170068,59.193931579589844,0.00038201824892279885
598,13.885532879818594,58.844112396240234,0.0003797606304761657
599,13.908752834467121,59.327247619628906,0.0003828786269853806
600,13.931972789115646,58.90155792236328,0.0003801313650888594
601,13.955192743764172,59.00019073486328,0.000380767908959356
602,13.978412698412699,59.04526138305664,0.0003810587801625551
603,14.001632653061224,59.00799560546875,0.00038081827903821723
604,14.02485260770975,59.221031188964844,0.00038219314092682145
605,14.048072562358277,59.23809051513672,0.0003823032362311555
606,14.071292517006803,59.42450714111328,0.00038350630808540304
607,14.094512471655328,59.331398010253906,0.00038290541224725793
608,14.117732426303855,59.32358932495117,0.00038285501754958985
609,14.140952380952381,59.11073303222656,0.0003814813127449086
610,14.164172335600908,59.43251037597656,0.0003835579583422217
611,14.187392290249432,59.572105407714844,0.00038445885896091564
612,14.210612244897959,59.146217346191406,0.00038171031688643707
613,14.233832199546486,59.14971923828125,0.00038173291695114606
614,14.257052154195012,59.408634185791016,0.0003834038692300064
615,14.280272108843537,59.62821960449219,0.00038482100161001077
616,14.303492063492063,59.43426513671875,0.000383569282993383
617,14.32671201814059,59.69557571411133,0.0003852556958829593
618,14.349931972789115,59.90595626831055,0.00038661342308198026
619,14.373151927437641,59.42337417602539,0.0003834989962997619
620,14.396371882086168,59.58854293823242,0.00038456494139972944
621,14.419591836734694,59.92332458496094,0.00038672551250967097
622,14.44281179138322,60.03799057006836,0.0003874655292254529
623,14.466031746031746,59.830841064453125,0.000386128654155853
624,14.489251700680272,59.7325553894043,0.0003854943505967818
625,14.512471655328799,60.353214263916016,0.00038949987971255884
626,14.535691609977324,59.583045959472656,0.0003845294656990261
627,14.55891156462585,59.76581954956055,0.00038570902659271043
628,14.582131519274377,60.247684478759766,0.0003888188250392367
629,14.605351473922903,60.03590393066406,0.00038745206273809357
630,14.628571428571428,59.88950729370117,0.00038650726678674587
631,14.651791383219955,59.82509231567383,0.000386091553613896
632,14.675011337868481,59.64012145996094,0.0003848978122874531
633,14.698231292517006,60.003997802734375,0.0003872461510374116
634,14.721451247165533,59.57072067260742,0.0003844499223340209
635,14.744671201814059,59.53607940673828,0.0003842263589488113
636,14.767891156462586,59.378658294677734,0.0003832104146456019
637,14.79111111111111,59.602806091308594,0.0003846569911186259
638,14.814331065759637,59.51036834716797,0.0003840604281904903
639,14.837551020408164,59.40277099609375,0.0003833660301238433
640,14.86077097505669,59.667667388916016,0.0003850755846918798
641,14.883990929705215,59.24188232421875,0.00038232770732518677
642,14.907210884353741,59.638160705566406,0.00038488515822072066
643,14.930430839002268,59.396427154541016,0.00038332508904801425
644,14.953650793650795,59.60111999511719,0.00038464610960598823
645,14.97687074829932,59.34510803222656,0.00038299389223915787
646,15.000090702947846,59.3314323425293,0.0003829056338165198
647,15.023310657596372,59.105228424072266,0.00038144578780659156
648,15.046530612244897,59.60011672973633,0.00038463963485978073
649,15.069750566893424,59.20840835571289,0.0003821116772948802
650,15.09297052154195,59.50596618652344,0.00038403201808735944
651,15.116190476190477,58.95805358886719,0.00038049596961864184
652,15.139410430839002,59.171878814697266,0.0003818759276002687
653,15.162630385487528,59.131866455078125,0.00038161770093498253
654,15.185850340136055,59.04801940917969,0.000381076579559924
655,15.209070294784581,58.983646392822266,0.00038066113719394974
656,15.232290249433106,59.21417236328125,0.0003821488763120646
657,15.255510204081633,59.1279296875,0.00038159229432629005
658,15.27873015873016,59.3215217590332,0.0003828416741562649
659,15.301950113378684,59.39303207397461,0.0003833031783098977
660,15.32517006802721,59.83320617675781,0.00038614391781611394
661,15.348390022675737,59.75130081176758,0.0003856153274137535
662,15.371609977324264,59.425533294677734,0.0003835129305444518
663,15.394829931972788,59.92539978027344,0.0003867389051406096
664,15.418049886621315,59.982627868652344,0.0003871082364813116
665,15.441269841269841,60.14665222167969,0.0003881667959392173
666,15.464489795918368,59.96805953979492,0.0003870142172578653
667,15.487709750566893,59.78657150268555,0.0003858429529020971
668,15.51092970521542,59.95033264160156,0.0003868998136623286
669,15.534149659863946,59.8330192565918,0.0003861427114945772
670,15.557369614512472,60.17155456542969,0.00038832750751048134
671,15.580589569160997,60.01866912841797,0.0003873408349686434
672,15.603809523809524,59.63901901245117,0.000384890697452267
673,15.62702947845805,59.594051361083984,0.0003846004909568534
674,15.650249433106575,59.48360824584961,0.0003838877272602794
675,15.673469387755102,59.998497009277344,0.00038721065071790136
676,15.696689342403628,59.746002197265625,0.0003855811318910075
677,15.719909297052155,59.1058235168457,0.00038144962834046366
678,15.74312925170068,59.290035247802734,0.0003826384705243389
679,15.766349206349206,59.112545013427734,0.0003814930066781731
680,15.789569160997733,59.4422492980957,0.0003836208101561673
681,15.81278911564626,59.931758880615234,0.00038677994469166617
682,15.836009070294784,59.63924789428711,0.0003848921745806793
683,15.85922902494331,59.68114471435547,0.0003851625629365605
684,15.882448979591837,59.51703643798828,0.00038410346186490353
685,15.905668934240364,59.655155181884766,0.0003849948350053378
686,15.928888888888888,59.60176467895508,0.00038465027018434966
687,15.952108843537415,59.81468963623047,0.0003860244181275546
688,15.975328798185942,59.955116271972656,0.0003869306856461468
689,15.998548752834466,59.61809158325195,0.0003847556386777642
690,16.021768707482995,59.778778076171875,0.00038579265667965643
691,16.04498866213152,59.810546875,0.000385997682103291
692,16.068208616780044,59.85803985595703,0.0003863041862488542
693,16.091428571428573,59.901737213134766,0.00038658619468157925
694,16.114648526077097,59.75792694091797,0.0003856580902812911
695,16.137868480725622,59.8115234375,0.0003860039845178504
696,16.16108843537415,59.708805084228516,0.0003853410739051933
697,16.184308390022675,59.61379623413086,0.0003847279179012257
698,16.207528344671204,59.670265197753906,0.00038509235009936
699,16.23074829931973,59.64347457885742,0.0003849194522186941
700,16.253968253968253,59.55699157714844,0.00038436131924808657
701,16.27718820861678,59.35007858276367,0.0003830259705445128
702,16.300408163265306,59.597930908203125,0.00038462552828344275
703,16.32362811791383,59.707706451416016,0.000385333983688814
704,16.34684807256236,59.78927230834961,0.0003858603830173628
705,16.370068027210884,59.966522216796875,0.0003870042958786957
706,16.39328798185941,59.843685150146484,0.0003862115456785928
707,16.416507936507937,59.402610778808594,0.00038336499613395464
708,16.439727891156462,59.251251220703125,0.00038238817111486577
709,16.46294784580499,59.13636016845703,0.00038164670188947837
710,16.486167800453515,59.09832763671875,0.0003814012523849591
711,16.50938775510204,59.52381896972656,0.0003841472341035229
712,16.532607709750568,59.36424255371094,0.00038311738017443055
713,16.555827664399093,59.22106170654297,0.0003821933378772764
714,16.579047619047618,59.96033477783203,0.00038696436417394843
715,16.602267573696146,59.616859436035156,0.00038474768680314437
716,16.62548752834467,59.730934143066406,0.00038548388760386096
717,16.648707482993196,59.46111297607422,0.00038374255015615204
718,16.671927437641724,59.09807586669922,0.0003813996275437055
719,16.69514739229025,59.44672775268555,0.00038364971263543565
720,16.718367346938777,59.347965240478516,0.0003830123317255054
721,16.741587301587302,59.35737991333008,0.00038307309094086687
722,16.764807256235827,59.48575973510742,0.00038390161226735554
723,16.788027210884355,59.238250732421875,0.0003823042702210441
724,16.81124716553288,59.16374206542969,0.00038182341568520955
725,16.834467120181404,59.230430603027344,0.0003822538016669554
726,16.857687074829933,59.15679931640625,0.0003817786094567015
727,16.880907029478458,59.353031158447266,0.00038304502550103216
728,16.904126984126986,59.16728973388672,0.000381846311175601
729,16.92734693877551,59.184635162353516,0.00038195825289045045
730,16.950566893424035,59.529476165771484,0.0003841837437941149
731,16.973786848072564,59.14362335205078,0.00038169357609776374
732,16.99700680272109,59.07997131347656,0.0003812827866862884
733,17.020226757369613,59.135223388671875,0.0003816393654850304
734,17.04344671201814,59.372398376464844,0.0003831700151835241
735,17.066666666666666,59.25444412231445,0.0003824087770562181
736,17.08988662131519,59.230159759521484,0.0003822520537316674
737,17.11310657596372,59.49592208862305,0.000383967196768864
738,17.136326530612244,59.35795593261719,0.0003830768083807046
739,17.159546485260773,59.55660629272461,0.0003843588327485925
740,17.182766439909297,59.24300003051758,0.00038233492063560043
741,17.205986394557822,59.299259185791016,0.00038269799879935674
742,17.22920634920635,59.482421875,0.00038388007081134205
743,17.252426303854875,58.90619659423828,0.0003801613015580164
744,17.2756462585034,58.988616943359375,0.0003806932154993047
745,17.29886621315193,58.63654708862305,0.00037842107195661676
746,17.322086167800453,59.16187286376953,0.00038181135246984196
747,17.345306122448978,59.11153793334961,0.0003814865073131587
748,17.368526077097506,58.83660125732422,0.00037971215604543367
749,17.39174603174603,58.789756774902344,0.0003794098370970388
750,17.41496598639456,59.09449005126953,0.00038137648586524534
751,17.438185941043084,58.602176666259766,0.0003781992565066951
752,17.46140589569161,58.58403015136719,0.0003780821448424024
753,17.484625850340137,58.81878662109375,0.0003795971862173389
754,17.507845804988662,59.10577392578125,0.0003814493082959743
755,17.531065759637187,59.40858459472656,0.00038340354918551704
756,17.554285714285715,59.100276947021484,0.000381413832595271
757,17.57750566893424,58.99169921875,0.0003807131074952577
758,17.600725623582765,58.97779083251953,0.0003806233473254004
759,17.623945578231293,59.27165222167969,0.0003825198324940201
760,17.647165532879818,59.1813850402832,0.0003819372776669951
761,17.670385487528346,59.21036148071289,0.00038212428212399893
762,17.69360544217687,59.19499969482422,0.0003820251421887232
763,17.716825396825396,59.07624053955078,0.00038125870949316706
764,17.740045351473924,59.324222564697266,0.0003828591042715307
765,17.76326530612245,59.56303405761719,0.0003844003154381727
766,17.786485260770974,59.513065338134766,0.0003840778336869492
767,17.809705215419502,59.089088439941406,0.0003813416256347138
768,17.832925170068027,59.027587890625,0.0003809447212303146
769,17.856145124716555,58.83152770996094,0.0003796794130322932
770,17.87936507936508,59.215553283691406,0.0003821577883201525
771,17.902585034013605,59.44121551513672,0.0003836141384595048
772,17.925804988662133,59.32170104980469,0.00038284283124018795
773,17.949024943310658,59.36153793334961,0.00038309992544035794
774,17.972244897959182,59.39509582519531,0.0003833164970844157
775,17.99546485260771,59.5947380065918,0.00038460492234209043
776,18.018684807256236,59.94760513305664,0.00038688221121541475
777,18.04190476190476,59.73642349243164,0.0003855193140669506
778,18.06512471655329,60.07075119018555,0.0003876769555388743
779,18.088344671201813,59.72606658935547,0.0003854524740062916
780,18.11156462585034,59.440425872802734,0.0003836090423664822
781,18.134784580498867,59.771514892578125,0.0003857457824713711
782,18.15800453514739,59.522926330566406,0.00038414147330271474
783,18.18122448979592,59.4807243347168,0.0003838691154422838
784,18.204444444444444,58.81989669799805,0.0003796043502901388
785,18.22766439909297,58.871768951416016,0.0003799391168259917
786,18.250884353741498,59.39299011230469,0.0003833029075030221
787,18.274104308390022,59.56293487548828,0.00038439967534919405
788,18.297324263038547,59.430625915527344,0.0003835457966516266
789,18.320544217687075,59.423667907714844,0.0003835008919478911
790,18.3437641723356,58.939422607421875,0.0003803757313658763
791,18.36698412698413,59.03653335571289,0.0003810024523324307
792,18.390204081632653,59.46097946166992,0.00038374168849791146
793,18.413424036281178,59.441368103027344,0.0003836151232117797
794,18.436643990929706,59.6828727722168,0.00038517371525607376
795,18.45986394557823,59.21084976196289,0.0003821274333312786
796,18.483083900226756,59.34707260131836,0.00038300657092469725
797,18.506303854875284,59.74217987060547,0.00038555646384652126
798,18.52952380952381,59.6151123046875,0.0003847364113895967
799,18.552743764172334,59.282371520996094,0.00038258901134133197
800,18.575963718820862,59.36555862426758,0.0003831258736628016
801,18.599183673469387,58.92566680908203,0.0003802869559482939
802,18.622403628117915,59.034942626953125,0.0003809921862899649
803,18.64562358276644,59.285282135009766,0.00038260779549097575
804,18.668843537414965,59.050777435302734,0.0003810943789572928
805,18.692063492063493,59.40439987182617,0.0003833765423543779
806,18.715283446712018,59.263771057128906,0.00038246897003902145
807,18.738503401360543,59.18035888671875,0.0003819306552079463
808,18.76172335600907,59.18717575073242,0.00038197464901582756
809,18.784943310657596,59.0764045715332,0.00038125976810186255
810,18.808163265306124,58.81866455078125,0.00037959639841551895
811,18.83138321995465,58.82843017578125,0.0003796594225611127
812,18.854603174603174,59.04245376586914,0.00038104066072069693
813,18.877823129251702,58.996429443359375,0.00038074363481577965
814,18.901043083900227,59.391292572021484,0.0003832919521339638
815,18.92426303854875,59.20586013793945,0.0003820952319318893
816,18.94748299319728,59.047760009765625,0.00038107490548105663
817,18.970702947845805,58.62047576904297,0.0003783173529232627
818,18.99392290249433,59.06376266479492,0.00038117818137588694
819,19.017142857142858,59.270896911621094,0.00038251495797025936
820,19.040362811791383,59.30368423461914,0.00038272655661532887
821,19.06358276643991,58.967002868652344,0.00038055372533956483
822,19.086802721088436,59.00352478027344,0.0003807894257965626
823,19.11002267573696,59.609458923339844,0.0003846999263178116
824,19.13324263038549,59.83342742919922,0.00038614534570691254
825,19.156462585034014,59.41099166870117,0.0003834190836526536
826,19.17968253968254,59.23588180541992,0.00038228898194197624
827,19.202902494331067,58.91891860961914,0.0003802434052789364
828,19.22612244897959,59.039432525634766,0.0003810211626256539
829,19.249342403628116,59.42464065551758,0.0003835071697436436
830,19.272562358276645,59.19355010986328,0.0003820157870421116
831,19.29578231292517,59.018516540527344,0.0003808861777075717
832,19.319002267573698,59.239200592041016,0.00038231040030395537
833,19.342222222222222,59.46534729003906,0.00038376987703178054
834,19.365442176870747,59.17950439453125,0.0003819251405952069
835,19.388662131519276,59.030799865722656,0.0003809654502657013
836,19.4118820861678,59.0914306640625,0.00038135674158213355
837,19.435102040816325,59.20280075073242,0.00038207548764877754
838,19.458321995464853,58.99052429199219,0.00038070552490274096
839,19.481541950113378,59.366798400878906,0.0003831338747750352
840,19.504761904761907,59.466983795166016,0.0003837804384999289
841,19.52798185941043,59.196022033691406,0.00038203174002896504
842,19.551201814058956,59.10653305053711,0.00038145420743854197
843,19.574421768707484,59.14238739013672,0.00038168559960433704
844,19.59764172335601,59.40559005737305,0.0003833842234221221
845,19.620861678004534,59.581878662109375,0.0003845219323441231
846,19.644081632653062,59.154762268066406,0.00038176546301383154
847,19.667301587301587,59.065162658691406,0.0003811872164780092
848,19.690521541950112,59.2750358581543,0.00038254166937571607
849,19.71374149659864,59.365928649902344,0.0003831282616870682
850,19.736961451247165,59.23544692993164,0.0003822861753979928
851,19.760181405895693,59.35519790649414,0.00038305900898333577
852,19.783401360544218,59.2127799987793,0.0003821398904475561
853,19.806621315192743,59.2667350769043,0.0003824880988519614
854,19.82984126984127,59.104434967041016,0.00038144066709476206
855,19.853061224489796,58.954341888427734,0.00038047201551955485
856,19.87628117913832,59.16559600830078,0.0003818353804253496
857,19.89950113378685,59.09023666381836,0.0003813490358955824
858,19.922721088435374,58.71059036254883,0.00037889892299801284
859,19.9459410430839,58.457435607910156,0.0003772651451175301
860,19.969160997732427,58.87955856323242,0.00037998938842962544
861,19.99238095238095,59.26423645019531,0.0003824719735334599
862,20.01560090702948,58.711830139160156,0.0003789069241102464
863,20.038820861678005,59.080631256103516,0.00038128704573987734
864,20.06204081632653,59.064815521240234,0.0003811849761665838
865,20.085260770975058,59.09642028808594,0.0003813889429815228
866,20.108480725623583,59.412689208984375,0.0003834300390217119
867,20.131700680272107,59.38936996459961,0.00038327954425530005
868,20.154920634920636,59.03462219238281,0.0003809901183101876
869,20.17814058956916,59.23728942871094,0.0003822980662817122
870,20.201360544217685,59.20209503173828,0.0003820709331695061
871,20.224580498866214,59.02203369140625,0.00038090887624750815
872,20.24780045351474,58.89373016357422,0.00038008084729715695
873,20.271020408163267,58.902687072753906,0.0003801386522556937
874,20.29424036281179,59.139373779296875,0.0003816661507469077
875,20.317460317460316,59.39548873901367,0.0003833190328215236
876,20.340680272108845,59.22338104248047,0.0003822083061118549
877,20.36390022675737,59.03141784667969,0.00038096943851241463
878,20.387120181405894,58.93766784667969,0.0003803644067147149
879,20.410340136054423,59.367515563964844,0.0003831385031107272
880,20.433560090702947,59.40616989135742,0.00038338796548076674
881,20.456780045351476,59.342166900634766,0.0003829749111390591
882,20.48,58.866729736328125,0.0003799065953821131
883,20.503219954648525,59.13655471801758,0.0003816479574486289
884,20.526439909297054,59.373653411865234,0.00038317811477098517
885,20.54965986394558,58.89451599121094,0.0003800859187713727
886,20.572879818594103,58.80926513671875,0.00037953573767538504
887,20.59609977324263,59.29833221435547,0.0003826920164292867
888,20.619319727891156,58.9671630859375,0.00038055475932945344
889,20.64253968253968,59.28105545043945,0.00038258051785296097
890,20.66575963718821,59.61118698120117,0.0003847110786373249
891,20.688979591836734,59.33649826049805,0.0003829383275920465
892,20.712199546485262,59.224754333496094,0.00038221716888232904
893,20.735419501133787,59.36383056640625,0.0003831147213432883
894,20.758639455782312,59.4295539855957,0.00038353887876689546
895,20.78185941043084,59.22102355957031,0.0003821930916892077
896,20.805079365079365,59.323482513427734,0.0003828543282229974
897,20.82829931972789,58.99913024902344,0.0003807610649310454
898,20.851519274376418,58.7299919128418,0.0003790241342497666
899,20.874739229024943,58.671600341796875,0.00037864729417296856
900,20.897959183673468,58.702606201171875,0.0003788473958352286
901,20.921179138321996,58.611148834228516,0.0003782571599404593
902,20.94439909297052,58.37612533569336,0.00037674039524904175
903,20.96761904761905,58.988739013671875,0.00038069400330112456
904,20.990839002267574,58.680152893066406,0.0003787024895379768
905,21.0140589569161,58.94546890258789,0.0003804147521747693
906,21.037278911564627,59.394508361816406,0.0003833127057881574
907,21.060498866213152,59.17792510986328,0.00038191494840916166
908,21.083718820861677,58.710662841796875,0.0003788993907553434
909,21.106938775510205,58.553253173828125,0.0003778835203085547
910,21.13015873015873,58.984703063964844,0.0003806679566034534
911,21.153378684807254,59.28090286254883,0.00038257953310068607
912,21.176598639455783,59.010169982910156,0.00038083231175813456
913,21.199818594104308,59.077064514160156,0.0003812640271554515
914,21.223038548752836,58.3494987487793,0.0003765685559770714
915,21.24625850340136,58.548648834228516,0.0003778538054086595
916,21.269478458049885,58.728668212890625,0.00037901559152378185
917,21.292698412698414,58.87360382080078,0.00037995095847209736
918,21.31591836734694,58.964473724365234,0.0003805374030706083
919,21.339138321995463,58.57927703857422,0.0003780514698090392
920,21.36235827664399,58.6514892578125,0.0003785175038231365
921,21.385578231292516,59.03271484375,0.0003809778089067513
922,21.408798185941045,58.71520233154297,0.00037892868713552177
923,21.43201814058957,58.36674499511719,0.00037667985760294216
924,21.455238095238094,58.90035629272461,0.00038012361016469455
925,21.478458049886623,58.85466384887695,0.0003798287260959752
926,21.501678004535147,59.19263458251953,0.0003820098785284622
927,21.524897959183672,59.292972564697266,0.0003826574270056308
928,21.5481179138322,59.14507293701172,0.00038170293124437527
929,21.571337868480725,59.24043655395508,0.00038231837679738207
930,21.59455782312925,59.15591049194336,0.00038177287327470017
931,21.61777777777778,59.3104362487793,0.0003827701319034933
932,21.640997732426303,59.56736373901367,0.00038442825778397307
933,21.66421768707483,59.23917770385742,0.0003823102525911141
934,21.687437641723356,59.07206344604492,0.0003812317518996416
935,21.71065759637188,59.13284683227539,0.0003816240279683488
936,21.73387755102041,58.8121337890625,0.0003795542510181532
937,21.757097505668934,59.221343994140625,0.000382195159668985
938,21.78031746031746,59.34275817871094,0.0003829787270541244
939,21.803537414965987,59.18708419799805,0.00038197405816446265
940,21.826757369614512,59.34064865112305,0.0003829651128539239
941,21.849977324263037,59.16395568847656,0.0003818247943383944
942,21.873197278911565,58.776363372802734,0.0003793234004661093
943,21.89641723356009,59.115638732910156,0.00038151297253054674
944,21.91963718820862,59.37196350097656,0.0003831672086395406
945,21.942857142857143,59.18017578125,0.00038192947350521646
946,21.966077097505668,59.04731750488281,0.00038107204969945943
947,21.989297052154196,59.018428802490234,0.0003808856114750136
948,22.01251700680272,59.256591796875,0.0003824226374444873
949,22.035736961451246,59.52495574951172,0.00038415457050797094
950,22.058956916099774,59.18342971801758,0.00038195047334747877
951,22.0821768707483,59.34751510620117,0.00038300942670629445
952,22.105396825396827,59.14549255371094,0.0003817056393131313
953,22.128616780045352,59.38213348388672,0.0003832328423786628
954,22.151836734693877,58.9643669128418,0.0003805367137440159
955,22.175056689342405,58.9254264831543,0.00038028540496346094
956,22.19827664399093,59.45164489746094,0.00038368144627749437
957,22.221496598639455,58.87090301513672,0.00037993352835683164
958,22.244716553287983,58.86674118041992,0.0003799066692385337
959,22.267936507936508,59.41242980957031,0.00038342836494284456
960,22.291156462585032,59.44830322265625,0.000383659880202674
961,22.31437641723356,59.704280853271484,0.0003853118760002425
962,22.337596371882086,59.61824035644531,0.0003847565988112322
963,22.360816326530614,59.408267974853516,0.00038340150582454665
964,22.38403628117914,59.47618865966797,0.0003838398436809123
965,22.407256235827663,59.24576950073242,0.0003823527938893899
966,22.430476190476192,59.39961624145508,0.0003833456703705597
967,22.453696145124717,59.2916374206543,0.0003826488104232254
968,22.47691609977324,59.07972717285156,0.00038128121108264856
969,22.50013605442177,59.25606155395508,0.00038241921543033205
970,22.523356009070294,59.73667907714844,0.00038552096352701103
971,22.54657596371882,59.53392791748047,0.0003842124739417352
972,22.569795918367348,59.52656936645508,0.000384164984263278
973,22.593015873015872,59.83807373046875,0.00038617533141368333
974,22.6162358276644,59.847190856933594,0.0003862341703621087
975,22.639455782312925,59.39814376831055,0.0003833361675111069
976,22.66267573696145,59.274208068847656,0.0003825363270946247
977,22.68589569160998,59.427364349365234,0.0003835247475717506
978,22.709115646258503,59.25931167602539,0.0003824401906537874
979,22.732335600907028,59.46882629394531,0.00038379232938364833
980,22.755555555555556,59.25364685058594,0.0003824036317255817
981,22.77877551020408,59.31472396850586,0.00038279780344241805
982,22.801995464852606,59.34667205810547,0.0003830039859499756
983,22.825215419501134,59.489017486572266,0.0003839226367284247
984,22.84843537414966,59.23055648803711,0.00038225461408758217
985,22.871655328798187,58.938018798828125,0.0003803666716449472
986,22.894875283446712,59.269004821777344,0.00038250274704205057
987,22.918095238095237,59.1263313293457,0.00038158197904621045
988,22.941315192743765,58.85551452636719,0.00037983421608990775
989,22.96453514739229,58.989280700683594,0.0003806974991717005
990,22.987755102040815,59.4550666809082,0.00038370352934725906
991,23.010975056689343,59.16756820678711,0.0003818481083485027
992,23.034195011337868,59.257083892822266,0.00038242581327057386
993,23.057414965986396,59.24192428588867,0.0003823279781320624
994,23.08063492063492,59.235321044921875,0.000382285362977366
995,23.103854875283446,59.29216766357422,0.0003826522324373807
996,23.127074829931974,59.54535675048828,0.00038428623188712535
997,23.1502947845805,59.49657440185547,0.0003839714065848392
998,23.173514739229024,59.410804748535156,0.00038341787733111687
999,23.196734693877552,59.582496643066406,0.00038452592059083645
1000,23.219954648526077,59.63850021362305,0.0003848873492945323
1001,23.2431746031746,59.57365798950195,0.00038446887881531274
1002,23.26639455782313,59.63671112060547,0.0003848758030741091
1003,23.289614512471655,59.4373779296875,0.000383589371939791
1004,23.312834467120183,59.42664337158203,0.0003835200946172517
1005,23.336054421768708,59.45962142944336,0.00038373292420266483
1006,23.359274376417233,59.492652893066406,0.00038394609845137425
1007,23.38249433106576,59.545616149902344,0.0003842879059659927
1008,23.405714285714286,59.47150421142578,0.00038380961178607285
1009,23.42893424036281,59.311424255371094,0.0003827765081744733
1010,23.45215419501134,59.32986831665039,0.00038289554010570204
1011,23.475374149659864,59.186729431152344,0.00038197176861542347
1012,23.49859410430839,59.14794158935547,0.0003817214445871434
1013,23.521814058956917,58.80299377441406,0.00037949526435688657
1014,23.54503401360544,59.137451171875,0.00038165374286824394
1015,23.56825396825397,59.59419631958008,0.00038460142647151456
1016,23.591473922902495,59.54377746582031,0.0003842760397010801
1017,23.61469387755102,59.34160232543945,0.000382971267555642
1018,23.637913832199548,59.91571044921875,0.00038667637337115335
1019,23.661133786848072,60.168949127197266,0.00038831069286538735
1020,23.684353741496597,60.025245666503906,0.00038738327779169166
1021,23.707573696145126,59.932193756103516,0.00038678275123564965
1022,23.73079365079365,59.61302947998047,0.00038472296952104433
1023,23.754013605442175,59.635433197021484,0.00038486755577380675
1024,23.777233560090703,59.78573989868164,0.00038583758600219885
1025,23.800453514739228,59.77629852294922,0.0003857766544551893
1026,23.823673469387757,59.490535736083984,0.00038393243501356
1027,23.84689342403628,59.34294128417969,0.00038297990875685425
1028,23.870113378684806,59.32283401489258,0.0003828501430258291
1029,23.893333333333334,59.34013748168945,0.000382961813933803
1030,23.91655328798186,59.16900634765625,0.00038185738963869364
1031,23.939773242630384,59.471046447753906,0.0003838066575292481
1032,23.962993197278912,58.891361236572266,0.0003800655590180891
1033,23.986213151927437,59.15044021606445,0.00038173756990564497
1034,24.009433106575965,59.44670486450195,0.0003836495649225944
1035,24.03265306122449,59.52061080932617,0.0003841265296869431
1036,24.055873015873015,59.40538787841797,0.00038338291862535784
1037,24.079092970521543,59.35193634033203,0.00038303795990345975
1038,24.102312925170068,59.70875549316406,0.00038534075386070397
1039,24.125532879818593,59.82766342163086,0.00038610814668972815
1040,24.14875283446712,59.569610595703125,0.000384442758261221
1041,24.171972789115646,59.44198226928711,0.0003836190868396862
1042,24.19519274376417,59.32313537597656,0.000382852087911572
1043,24.2184126984127,59.26447677612305,0.0003824735245182929
1044,24.241632653061224,59.58555221557617,0.00038454564025514136
1045,24.264852607709752,59.651126861572266,0.00038496883754528044
1046,24.288072562358277,59.46724319458008,0.0003837821125787962
1047,24.3112925170068,59.540931701660156,0.00038425767407115316
1048,24.33451247165533,59.109397888183594,0.00038147269616250324
1049,24.357732426303855,59.206329345703125,0.00038209826004513466
1050,24.38095238095238,59.14012908935547,0.00038167102527066846
1051,24.404172335600908,59.462589263916016,0.0003837520776344117
1052,24.427392290249433,59.508243560791016,0.0003840467155150623
1053,24.450612244897957,59.68145751953125,0.00038516458167872403
1054,24.473832199546486,59.440452575683594,0.0003836092146981303
1055,24.49705215419501,59.449405670166016,0.00038366699503786017
1056,24.52027210884354,59.268768310546875,0.0003825012206760245
1057,24.543492063492064,59.70836639404297,0.000385338242742403
1058,24.56671201814059,59.384254455566406,0.000383246530435284
1059,24.589931972789117,59.64902877807617,0.00038495529720150053
1060,24.61315192743764,59.27871322631836,0.0003825654019055412
1061,24.636371882086166,59.453853607177734,0.00038369570056667355
1062,24.659591836734695,59.76034164428711,0.0003856736739860414
1063,24.68281179138322,59.38022994995117,0.0003832205575940334
1064,24.706031746031748,59.4071044921875,0.0003833939970884505
1065,24.729251700680273,59.48174285888672,0.00038387568866371876
1066,24.752471655328797,59.15275573730469,0.0003817525135214166
1067,24.775691609977326,58.987667083740234,0.0003806870854163934
1068,24.79891156462585,59.128231048583984,0.000381594239212033
1069,24.822131519274375,59.30433654785156,0.0003827307664313041
1070,24.845351473922904,59.67829895019531,0.00038514419730663357
1071,24.86857142857143,59.36092758178711,0.0003830959864312583
1072,24.891791383219953,59.3048095703125,0.0003827338191633563
1073,24.91501133786848,59.175899505615234,0.00038190187582271234
1074,24.938231292517006,59.31086349487305,0.00038277288920986305
1075,24.961451247165535,59.121131896972656,0.0003815484236124432
1076,24.98467120181406,59.27477264404297,0.00038253997067804184
1077,25.007891156462584,59.20930480957031,0.0003821174627144952
1078,25.031111111111112,59.631038665771484,0.0003848391949082896
1079,25.054331065759637,59.76280212402344,0.0003856895531164742
1080,25.077551020408162,59.476417541503906,0.0003838413208093247
1081,25.10077097505669,59.29179000854492,0.0003826497951755003
1082,25.123990929705215,59.27867889404297,0.00038256518033627935
1083,25.14721088435374,59.004783630371094,0.00038079755000283054
1084,25.170430839002268,59.00783157348633,0.0003808172204295217
1085,25.193650793650793,59.07194900512695,0.00038123101333543545
1086,25.21687074829932,59.36231231689453,0.0003831049230581531
1087,25.240090702947846,59.36817932128906,0.000383142786783123
1088,25.26331065759637,59.37792205810547,0.0003832056632158755
1089,25.2865306122449,59.53652572631836,0.0003842292393492154
1090,25.309750566893424,59.561065673828125,0.00038438761213382646
1091,25.33297052154195,59.606040954589844,0.0003846778678668538
1092,25.356190476190477,59.57223129272461,0.0003844596713815424
1093,25.379410430839002,59.02544403076172,0.00038093088546085224
1094,25.402630385487527,58.981449127197266,0.00038064695676119116
1095,25.425850340136055,59.238712310791016,0.0003823072490966757
1096,25.44907029478458,59.10825729370117,0.0003814653351392483
1097,25.472290249433108,59.363651275634766,0.00038311356425936534
1098,25.495510204081633,59.20014190673828,0.0003820583283403874
1099,25.518730158730158,59.45799255371094,0.00038372241197213026
1100,25.541950113378686,59.310142517089844,0.00038276823625536414
1101,25.56517006802721,59.34737777709961,0.00038300854042924704
1102,25.588390022675735,58.777732849121094,0.00037933223861777655
1103,25.611609977324264,58.888511657714844,0.0003800471687693553
1104,25.63482993197279,59.063499450683594,0.00038117648267821277
1105,25.658049886621317,59.664947509765625,0.00038505803148257964
1106,25.68126984126984,59.465110778808594,0.00038376835066575445
1107,25.704489795918366,59.3669319152832,0.0003831347364332757
1108,25.727709750566895,59.142799377441406,0.00038168825843547927
1109,25.75092970521542,59.27359390258789,0.00038253236346671825
1110,25.774149659863944,59.55455017089844,0.0003843455632116882
1111,25.797369614512473,59.595497131347656,0.0003846098214846581
1112,25.820589569160997,59.72122573852539,0.0003854212327403703
1113,25.843809523809522,59.68964767456055,0.0003852174382570794
1114,25.86702947845805,59.38877868652344,0.0003832757283402348
1115,25.890249433106575,59.450992584228516,0.00038367723646151917
1116,25.913469387755104,59.29848861694336,0.0003826930258003685
1117,25.93668934240363,59.51581573486328,0.0003840955838467043
1118,25.959909297052153,59.28059005737305,0.0003825775143585225
1119,25.98312925170068,59.48651885986328,0.0003839065114099232
1120,26.006349206349206,59.175594329833984,0.00038189990631816255
1121,26.02956916099773,59.18974685668945,0.0003819912420916597
1122,26.05278911564626,59.43729782104492,0.0003835888549448467
1123,26.076009070294784,59.43120574951172,0.0003835495387102712
1124,26.09922902494331,59.691864013671875,0.0003852317417838724
1125,26.122448979591837,59.8141975402832,0.00038602124230146807
1126,26.145668934240362,59.64873504638672,0.00038495340155337134
1127,26.16888888888889,59.58518981933594,0.00038454330146848846
1128,26.192108843537415,59.456336975097656,0.0003837117274099476
1129,26.21532879818594,59.46804428100586,0.00038378728252823943
1130,26.23854875283447,59.27970504760742,0.00038257180279532805
1131,26.261768707482993,59.182861328125,0.00038194680514525475
1132,26.284988662131518,59.410823822021484,0.00038341800042515124
1133,26.308208616780046,59.258277893066406,0.000382433518957125
1134,26.33142857142857,59.2309684753418,0.0003822572729187244
1135,26.354648526077096,59.56662368774414,0.0003844234817354398
1136,26.377868480725624,59.508399963378906,0.0003840477248861441
1137,26.40108843537415,59.54306411743164,0.0003842714359841949
1138,26.424308390022677,59.202274322509766,0.00038207209025342914
1139,26.447528344671202,58.951473236083984,0.0003804535021767867
1140,26.470748299319727,59.278194427490234,0.0003825620537478065
1141,26.493968253968255,59.644073486328125,0.00038492331737137307
1142,26.51718820861678,59.27420425415039,0.0003825363024758179
1143,26.540408163265305,59.06353759765625,0.00038117672886628145
1144,26.563628117913833,59.26818084716797,0.0003824974293797661
1145,26.586848072562358,58.96541213989258,0.00038054345929709895
1146,26.610068027210886,59.02956008911133,0.0003809574491534677
1147,26.63328798185941,59.08259201049805,0.00038129969980660983
1148,26.656507936507936,59.154884338378906,0.00038176625081565147
1149,26.679727891156464,59.34127426147461,0.00038296915033825095
1150,26.70294784580499,59.393829345703125,0.00038330832364053403
1151,26.726167800453513,59.27875900268555,0.00038256569733122366
1152,26.749387755102042,59.43681335449219,0.0003835857283563739
1153,26.772607709750567,59.389339447021484,0.0003832793473048451
1154,26.79582766439909,59.30324935913086,0.00038272375007134544
1155,26.81904761904762,59.52332305908203,0.0003841440336586295
1156,26.842267573696144,59.20637130737305,0.00038209853085201023
1157,26.865487528344673,59.124900817871094,0.00038157274699363323
1158,26.888707482993198,59.31915283203125,0.00038282638587719707
1159,26.911927437641722,59.47919464111328,0.0003838592433007279
1160,26.93514739229025,59.13517761230469,0.0003816390700593479
1161,26.958367346938775,59.68755340576172,0.00038520392253210635
1162,26.9815873015873,59.75572967529297,0.00038564390984853253
1163,27.00480725623583,59.64094543457031,0.00038490312994973763
1164,27.028027210884353,59.63275146484375,0.00038485024875257534
1165,27.051247165532878,59.28163528442383,0.0003825842599116056
1166,27.074467120181406,59.39630126953125,0.00038332427662738744
1167,27.09768707482993,59.66094207763672,0.0003850321817353635
1168,27.12090702947846,59.70936584472656,0.0003853446928698036
1169,27.144126984126984,59.83524703979492,0.00038615708887779074
1170,27.16734693877551,59.68027877807617,0.00038515697446740043
1171,27.190566893424037,59.37617492675781,0.0003831943878023279
1172,27.213786848072562,59.28485870361328,0.00038260506280341286
1173,27.237006802721087,59.39048767089844,0.0003832867575657137
1174,27.260226757369615,59.611915588378906,0.0003847157808294375
1175,27.28344671201814,59.53852462768555,0.0003842421396040166
1176,27.30666666666667,59.52936935424805,0.00038418305446752247
1177,27.329886621315193,59.92905044555664,0.0003867624653387867
1178,27.353106575963718,59.444801330566406,0.000383637280137965
1179,27.376326530612246,59.86345291137695,0.00038633912033580634
1180,27.39954648526077,59.871402740478516,0.00038639042592932877
1181,27.422766439909296,59.787567138671875,0.0003858493784106908
1182,27.445986394557824,59.47068405151367,0.0003838043187425952
1183,27.46920634920635,59.242713928222656,0.000382333074225085
1184,27.492426303854874,59.42967987060547,0.0003835396911875222
1185,27.515646258503402,59.7938346862793,0.0003858898271103824
1186,27.538866213151927,59.54793930053711,0.000384302898819378
1187,27.562086167800455,59.68920135498047,0.00038521455785667534
1188,27.58530612244898,59.82297897338867,0.0003860779147948886
1189,27.608526077097505,59.25349044799805,0.0003824026223544999
1190,27.631746031746033,59.100467681884766,0.0003814150635356146
1191,27.654965986394558,58.97644805908203,0.00038061468150538125
1192,27.678185941043083,59.436283111572266,0.0003835823063422186
1193,27.70140589569161,59.08420181274414,0.0003813100889431101
1194,27.724625850340136,59.298397064208984,0.00038269243494900353
1195,27.74784580498866,59.552818298339844,0.000384334386273368
1196,27.77106575963719,59.521278381347656,0.0003841308379781458
1197,27.794285714285714,59.43247985839844,0.00038355776139176667
1198,27.817505668934242,59.21585464477539,0.0003821597332058954
1199,27.840725623582767,58.65761947631836,0.0003785570662457807
1200,27.86394557823129,58.66142272949219,0.00037858161119623264
1201,27.88716553287982,58.94114685058594,0.0003803868590665827
1202,27.910385487528345,58.90681076049805,0.00038016526518592293
1203,27.93360544217687,58.844913482666016,0.000379765800425609
1204,27.956825396825398,59.216007232666016,0.0003821607179581703
1205,27.980045351473922,59.207611083984375,0.0003821065319642438
1206,28.003265306122447,58.69069290161133,0.0003787705113013657
1207,28.026485260770976,59.2646484375,0.00038247463236460214
1208,28.0497052154195,59.08723449707031,0.00038132966089457373
1209,28.07292517006803,59.086265563964844,0.0003813234077176281
1210,28.096145124716553,59.05918884277344,0.0003811486634264468
1211,28.11936507936508,59.0898323059082,0.00038134642630205395
1212,28.142585034013607,59.34724426269531,0.0003830076787710065
1213,28.16580498866213,59.362403869628906,0.000383105513909518
1214,28.189024943310656,59.345314025878906,0.000382995221654729
1215,28.212244897959184,59.73089599609375,0.0003854836414157922
1216,28.23546485260771,59.40660858154297,0.00038339079664355706
1217,28.258684807256238,59.12936782836914,0.000381601575616481
1218,28.281904761904762,59.36662292480469,0.00038313274230991905
1219,28.305124716553287,59.19867706298828,0.0003820488747185483
1220,28.328344671201815,58.96047592163086,0.0003805116025610059
1221,28.35156462585034,59.471736907958984,0.00038381111353329205
1222,28.374784580498865,59.648643493652344,0.0003849528107020064
1223,28.398004535147393,59.65597915649414,0.0003850001526676223
1224,28.421224489795918,59.79631042480469,0.0003859058047160427
1225,28.444444444444443,59.60584259033203,0.00038467658768889644
1226,28.46766439909297,59.478145599365234,0.00038385247312883793
1227,28.490884353741496,59.138671875,0.00038166162088644316
1228,28.514104308390024,59.28293991088867,0.000382592679543556
1229,28.53732426303855,58.99512481689453,0.00038073521518382924
1230,28.560544217687074,58.955570220947266,0.0003804799427753678
1231,28.583764172335602,59.59352493286133,0.000384597093561505
1232,28.606984126984127,59.51082992553711,0.00038406340706612194
1233,28.63020408163265,59.58663558959961,0.00038455263199629316
1234,28.65342403628118,59.65362548828125,0.0003849849628637819
1235,28.676643990929705,59.687496185302734,0.0003852035532500033
1236,28.69986394557823,59.52928924560547,0.00038418253747257816
1237,28.723083900226758,59.64186477661133,0.0003849090630821939
1238,28.746303854875283,59.104183197021484,0.00038143904225350844
1239,28.76952380952381,58.774391174316406,0.0003793106725429562
1240,28.792743764172336,59.26799774169922,0.00038249624767703623
1241,28.81596371882086,59.0658073425293,0.0003811913770563706
1242,28.83918367346939,59.49173355102539,0.00038394016531891794
1243,28.862403628117914,59.30918502807617,0.0003827620569348391
1244,28.88562358276644,59.12339401245117,0.0003815630225649186
1245,28.908843537414967,59.37651824951172,0.00038319660349494643
1246,28.93206349206349,59.591739654541016,0.00038458557195988864
1247,28.955283446712016,59.59428787231445,0.00038460201732287946
1248,28.978503401360545,59.321388244628906,0.0003828408124980244
1249,29.00172335600907,58.94095993041992,0.00038038565274504596
1250,29.024943310657598,59.33921813964844,0.00038295588080134666
1251,29.048163265306123,59.362728118896484,0.0003831076065081022
1252,29.071383219954647,59.36903381347656,0.00038314830139586246
1253,29.094603174603176,59.586753845214844,0.0003845533951793062
1254,29.1178231292517,59.08026123046875,0.0003812846577156107
1255,29.141043083900225,59.17277145385742,0.00038188168840107685
1256,29.164263038548754,59.10948181152344,0.0003814732377762544
1257,29.18748299319728,59.13059616088867,0.000381609502872294
1258,29.210702947845807,59.27017593383789,0.00038251030501576045
1259,29.23392290249433,59.43104934692383,0.0003835485293391895
1260,29.257142857142856,59.26934814453125,0.0003825049627346691
1261,29.280362811791385,59.13990783691406,0.00038166959737986986
1262,29.30358276643991,59.30916976928711,0.0003827619584596116
1263,29.326802721088434,59.27666091918945,0.0003825521569874438
1264,29.350022675736962,59.36040115356445,0.0003830925890359099
1265,29.373242630385487,59.37224578857422,0.0003831690304312492
1266,29.396462585034012,59.595237731933594,0.00038460814740579074
1267,29.41968253968254,59.24797439575195,0.0003823670235597622
1268,29.442902494331065,59.235660552978516,0.00038228755405117764
1269,29.466122448979593,59.361839294433594,0.00038310187032610085
1270,29.489342403628118,59.61735153198242,0.0003847508626292309
1271,29.512562358276643,59.46712112426758,0.0003837813247769763
1272,29.53578231292517,59.53110122680664,0.00038419423140584265
1273,29.559002267573696,59.4340934753418,0.00038356817514707375
1274,29.58222222222222,59.20124816894531,0.0003820654677943804
1275,29.60544217687075,59.36540222167969,0.00038312486429171983
1276,29.628662131519274,59.71432876586914,0.0003853767219375448
1277,29.6518820861678,59.52071762084961,0.00038412721901353556
1278,29.675102040816327,59.456886291503906,0.00038371527251813726
1279,29.698321995464852,59.55449295043945,0.0003843451939295851
1280,29.72154195011338,59.01388168334961,0.00038085626585722155
1281,29.744761904761905,59.1935920715332,0.0003820160578489872
1282,29.76798185941043,59.713134765625,0.00038536901625099365
1283,29.791201814058958,59.59969711303711,0.0003846369267910248
1284,29.814421768707483,59.32200622558594,0.00038284480074473774
1285,29.837641723356008,59.40614318847656,0.0003833877931491186
1286,29.860861678004536,59.727176666259766,0.0003854596380790915
1287,29.88408163265306,59.063560485839844,0.0003811768765791227
1288,29.90730158730159,58.68305206298828,0.0003787211998312
1289,29.930521541950114,58.6767463684082,0.00037868050494343965
1290,29.95374149659864,58.72050476074219,0.0003789629072770746
1291,29.976961451247167,58.83540725708008,0.0003797044503588826
1292,30.00018140589569,59.02046585083008,0.0003808987579178836
1293,30.023401360544216,59.144744873046875,0.00038170081402698423
1294,30.046621315192745,59.27910614013672,0.00038256793764264907
1295,30.06984126984127,59.26871109008789,0.0003825008513939214
1296,30.093061224489794,59.77532196044922,0.0003857703520406299
1297,30.116281179138323,59.71599197387695,0.0003853874557373412
1298,30.139501133786847,59.30817794799805,0.00038275555756982476
1299,30.162721088435376,58.865997314453125,0.0003799018685711935
1300,30.1859410430839,58.64616394042969,0.00037848313596874244
1301,30.209160997732425,58.64240264892578,0.0003784588618251661
1302,30.232380952380954,59.256690979003906,0.000382423277533466
1303,30.25560090702948,59.75049591064453,0.0003856101328455034
1304,30.278820861678003,59.497074127197266,0.0003839746316485395
1305,30.30204081632653,59.58415222167969,0.0003845366051530191
1306,30.325260770975056,59.710636138916016,0.00038535289093249216
1307,30.34848072562358,59.74509811401367,0.00038557529723377875
1308,30.37170068027211,59.34080505371094,0.00038296612222500566
1309,30.394920634920634,59.58242416381836,0.00038452545283350586
1310,30.418140589569163,59.073280334472656,0.00038123960529903395
1311,30.441360544217687,59.20918655395508,0.00038211669953148216
1312,30.464580498866212,59.36301803588867,0.0003831094775374245
1313,30.48780045351474,59.84904861450195,0.00038624615972105564
1314,30.511020408163265,59.61132049560547,0.0003847119402955654
1315,30.53424036281179,59.853668212890625,0.0003862759730961783
1316,30.55746031746032,59.92843246459961,0.0003867584770920733
1317,30.580680272108843,59.8281135559082,0.00038611105170893907
1318,30.603900226757368,59.698699951171875,0.000385275858685788
1319,30.627120181405896,59.47547149658203,0.0003838352153452203
1320,30.65034013605442,59.72063064575195,0.0003854173922064982
1321,30.67356009070295,59.4559211730957,0.0003837090439599985
1322,30.696780045351474,59.98684310913086,0.00038713544026290576
1323,30.72,59.389957427978516,0.00038328333555155843
1324,30.743219954648527,59.60605239868164,0.00038467794172327444
1325,30.766439909297052,59.40473937988281,0.0003833787334281895
1326,30.789659863945577,60.13538360595703,0.0003880940719837158
1327,30.812879818594105,59.594390869140625,0.000384602682030665
1328,30.83609977324263,60.03409194946289,0.0003874403688048291
1329,30.859319727891158,59.93632888793945,0.0003868094380222995
1330,30.882539682539683,59.30440139770508,0.00038273118495102095
1331,30.905759637188208,59.359622955322266,0.0003830875667993079
1332,30.928979591836736,59.30778121948242,0.00038275299721391
1333,30.95219954648526,59.204063415527344,0.0003820836364738523
1334,30.975419501133786,59.3790168762207,0.0003832127288134479
1335,30.998639455782314,59.40924072265625,0.0003834077836202991
1336,31.02185941043084,59.484920501708984,0.0003838961961298436
1337,31.045079365079363,59.39649963378906,0.00038332555680534484
1338,31.068299319727892,59.281707763671875,0.00038258472766893617
1339,31.091519274376417,59.147491455078125,0.00038171853956793245
1340,31.114739229024945,59.69384002685547,0.00038524449432583236
1341,31.13795918367347,60.0076789855957,0.0003872699081860436
1342,31.161179138321994,59.79648208618164,0.00038590691256235195
1343,31.184399092970523,59.535064697265625,0.0003842198103461832
1344,31.207619047619048,59.53759765625,0.00038423615723394655
1345,31.230839002267572,59.43589782714844,0.00038357981984272447
1346,31.2540589569161,59.2064094543457,0.00038209877704007897
1347,31.277278911564625,59.25950241088867,0.00038244142159413105
1348,31.30049886621315,59.72821807861328,0.0003854663590133677
1349,31.32371882086168,59.76511764526367,0.00038570449673224584
1350,31.346938775510203,59.8048095703125,0.0003859606554177547
1351,31.37015873015873,59.38025665283203,0.0003832207299256815
1352,31.393378684807256,59.13249588012695,0.0003816217630381165
1353,31.41659863945578,59.46417999267578,0.00038376234367687754
1354,31.43981859410431,59.807987213134766,0.00038598116288387954
1355,31.463038548752834,59.63962173461914,0.00038489458722375285
1356,31.48625850340136,59.47672653198242,0.00038384331493268136
1357,31.509478458049887,59.353633880615234,0.000383048915272518
1358,31.532698412698412,59.51664352416992,0.00038410092612779567
1359,31.555918367346937,59.422576904296875,0.00038349385096912556
1360,31.579138321995465,59.11537170410156,0.00038151124921406563
1361,31.60235827664399,59.33945846557617,0.00038295743178617963
1362,31.62557823129252,59.47515869140625,0.00038383319660305673
1363,31.648798185941043,59.32938003540039,0.0003828923888984224
1364,31.672018140589568,59.3074951171875,0.0003827511508033946
1365,31.695238095238096,59.42463302612305,0.00038350712050602985
1366,31.71845804988662,59.551368713378906,0.0003843250311267565
1367,31.741678004535146,59.160438537597656,0.0003818020957984579
1368,31.764897959183674,59.414695739746094,0.0003834429885141269
1369,31.7881179138322,59.934593200683594,0.00038679823646517247
1370,31.811337868480727,59.585105895996094,0.00038454275985473727
1371,31.834557823129252,59.82440185546875,0.00038608709760985213
1372,31.857777777777777,59.38544845581055,0.00038325423612183506
1373,31.880997732426305,59.32982635498047,0.00038289526929882647
1374,31.90421768707483,59.433815002441406,0.0003835663779741721
1375,31.927437641723355,59.15203094482422,0.0003817478359481108
1376,31.950657596371883,58.62189865112305,0.00037832653573822614
1377,31.973877551020408,59.199317932128906,0.0003820530106781029
1378,31.997097505668933,59.29737854003906,0.0003826858617275686
1379,32.02031746031746,59.34394454956055,0.00038298638350306175
1380,32.04353741496599,59.56935119628906,0.00038444108418235365
1381,32.066757369614514,59.43574905395508,0.00038357885970925645
1382,32.08997732426304,59.4713134765625,0.0003838083808457292
1383,32.113197278911564,59.816951751708984,0.00038603901708003
1384,32.13641723356009,59.612918853759766,0.000384722255575645
1385,32.15963718820862,59.53957748413086,0.0003842489343947134
1386,32.182857142857145,59.780921936035156,0.0003858064924491188
1387,32.20607709750567,59.70814895629883,0.0003853368394704113
1388,32.229297052154195,59.53202438354492,0.0003842001891571058
1389,32.25251700680272,59.162452697753906,0.00038181509452848663
1390,32.275736961451244,59.41049575805664,0.0003834158832077602
1391,32.298956916099776,59.38178253173828,0.0003832305774484305
1392,32.3221768707483,59.508399963378906,0.0003840477248861441
1393,32.345396825396826,59.75183868408203,0.0003856187986655225
1394,32.36861678004535,59.741798400878906,0.000385554001965834
1395,32.391836734693875,59.7796516418457,0.00038579829438643024
1396,32.41505668934241,60.00765609741211,0.00038726976047320235
1397,32.43827664399093,59.46055603027344,0.0003837389558103486
1398,32.46149659863946,59.112545013427734,0.0003814930066781731
1399,32.48471655328798,59.68678665161133,0.000385198974151925
1400,32.507936507936506,59.804141998291016,0.000385956347126552
1401,32.53115646258503,60.024513244628906,0.00038737855098077215
1402,32.55437641723356,59.91743469238281,0.00038668750107185976
1403,32.57759637188209,60.15090560913086,0.00038819424590888024
1404,32.60081632653061,59.85454177856445,0.0003862816108029521
1405,32.62403628117914,59.63909912109375,0.0003848912144472113
1406,32.64725623582766,59.5380859375,0.00038423930844122626
1407,32.670476190476194,60.026859283447266,0.00038739369154699874
1408,32.69369614512472,59.74171447753906,0.0003855534603520828
1409,32.71691609977324,59.6986083984375,0.000385275267834423
1410,32.74013605442177,59.99713897705078,0.00038720188642265473
1411,32.76335600907029,60.15333938598633,0.0003882099527076649
1412,32.78657596371882,59.565223693847656,0.00038441444663331754
1413,32.80979591836735,59.693355560302734,0.00038524136773735953
1414,32.833015873015874,60.11516189575195,0.00038796356768848445
1415,32.8562358276644,59.84663772583008,0.00038623060063511217
1416,32.879455782312924,59.720829010009766,0.00038541867238445557
1417,32.90267573696145,59.68935012817383,0.00038521551799014335
1418,32.92589569160998,59.78975296020508,0.00038586348498702874
1419,32.949115646258505,60.0168342590332,0.0003873289933225377
1420,32.97233560090703,60.02150344848633,0.0003873591267421497
1421,32.995555555555555,59.80781936645508,0.00038598007965637716
1422,33.01877551020408,59.84954833984375,0.00038624938478475595
1423,33.041995464852604,59.825016021728516,0.0003860910612377586
1424,33.065215419501136,59.73421096801758,0.0003855050351589645
1425,33.08843537414966,60.043792724609375,0.000387502974430706
1426,33.111655328798186,59.664913177490234,0.0003850578099133178
1427,33.13487528344671,59.815032958984375,0.00038602663382017314
1428,33.158095238095235,60.02504348754883,0.0003873819729949274
1429,33.18131519274377,59.87491989135742,0.00038641312446926525
1430,33.20453514739229,59.72248458862305,0.0003854293569466383
1431,33.22775510204082,59.737876892089844,0.000385528693832369
1432,33.25097505668934,59.83651351928711,0.0003861652623216724
1433,33.274195011337866,59.81395721435547,0.00038601969131663505
1434,33.29741496598639,59.84364318847656,0.0003862112748717172
1435,33.32063492063492,59.74351501464844,0.00038556508042892663
1436,33.34385487528345,60.00667953491211,0.000387263458058643
1437,33.36707482993197,60.32841873168945,0.0003893398574678873
1438,33.3902947845805,59.996337890625,0.0003871967164732115
1439,33.41351473922902,59.805809020996094,0.0003859671055451553
1440,33.436734693877554,59.635398864746094,0.0003848673342045449
1441,33.45995464852608,59.70160675048828,0.0003852946182166248
1442,33.483174603174604,59.5681266784668,0.00038443318154534755
1443,33.50639455782313,59.95038604736328,0.0003869001583256248
1444,33.52961451247165,59.631893157958984,0.000384844709521029
1445,33.55283446712018,59.69601821899414,0.00038525855166455657
1446,33.57605442176871,59.84468460083008,0.00038621799580599344
1447,33.599274376417235,59.896968841552734,0.00038655542117298854
1448,33.62249433106576,60.09803009033203,0.0003878530046268199
1449,33.645714285714284,60.11210632324219,0.00038794384802417955
1450,33.66893424036281,59.9516716003418,0.00038690845486354087
1451,33.69215419501134,59.670677185058594,0.00038509500893050224
1452,33.715374149659866,59.52726745605469,0.00038416948950493573
1453,33.73859410430839,59.71937942504883,0.00038540931723784404
1454,33.761814058956915,59.80508804321289,0.0003859624525906564
1455,33.78503401360544,59.4970817565918,0.00038397468088615327
1456,33.80825396825397,59.890560150146484,0.00038651406157744265
1457,33.8314739229025,59.556705474853516,0.00038435947283757115
1458,33.85469387755102,59.924591064453125,0.00038673368595355264
1459,33.877913832199546,59.74284362792969,0.00038556074751891706
1460,33.90113378684807,59.40442657470703,0.00038337671468602596
1461,33.924353741496596,59.200439453125,0.0003820602486073234
1462,33.94757369614513,59.04739761352539,0.00038107256669440374
1463,33.97079365079365,59.1814079284668,0.0003819374253798363
1464,33.99401360544218,59.34245681762695,0.0003829767821683815
1465,34.0172335600907,59.2780647277832,0.0003825612167083729
1466,34.04045351473923,59.480194091796875,0.0003838656934281285
1467,34.06367346938776,59.75930404663086,0.0003856669776705721
1468,34.08689342403628,59.48861312866211,0.0003839200271348962
1469,34.11011337868481,59.68777084350586,0.0003852053258040981
1470,34.13333333333333,59.66636276245117,0.0003850671650599294
1471,34.15655328798186,59.62234878540039,0.00038478311326623394
1472,34.17977324263038,59.44873046875,0.0003836626375090437
1473,34.202993197278914,59.48975372314453,0.0003839273881581511
1474,34.22621315192744,59.27698516845703,0.00038255424958602796
1475,34.249433106575964,59.05488967895508,0.0003811209180311014
1476,34.27265306122449,59.214500427246094,0.00038215099352945564
1477,34.29587301587301,59.350120544433594,0.0003830262413513884
1478,34.319092970521545,59.406803131103516,0.0003833920522027076
1479,34.34231292517007,59.81786346435547,0.00038604490097487255
1480,34.365532879818595,59.629886627197266,0.0003848317600286141
1481,34.38875283446712,59.77976608276367,0.00038579903295063645
1482,34.411972789115644,59.4131965637207,0.00038343331332302597
1483,34.43519274376417,59.223533630371094,0.0003822092908641298
1484,34.4584126984127,59.05880355834961,0.00038114617692695265
1485,34.481632653061226,59.09006881713867,0.00038134795266808004
1486,34.50485260770975,59.44384002685547,0.0003836310761986331
1487,34.528072562358275,59.460044860839844,0.0003837356568902277
1488,34.5512925170068,59.724918365478516,0.00038544506374542294
1489,34.57451247165533,59.501102447509766,0.00038400062910859693
1490,34.59773242630386,59.68989562988281,0.0003852190384795261
1491,34.62095238095238,59.80982971191406,0.000385993053767599
1492,34.644172335600906,59.51150894165039,0.0003840677892137452
1493,34.66739229024943,59.833560943603516,0.00038614620736515307
1494,34.690612244897956,59.878700256347656,0.00038643752170687594
1495,34.71383219954649,60.040863037109375,0.00038748406718702787
1496,34.73705215419501,59.59812927246094,0.00038462680846140015
1497,34.76027210884354,59.81135559082031,0.000386002901290348
1498,34.78349206349206,59.72133255004883,0.00038542192206696276
1499,34.80671201814059,59.9598388671875,0.000386961163729055
1500,34.82993197278912,60.08213424682617,0.00038775041805858197
1501,34.853151927437644,60.11516189575195,0.00038796356768848445
1502,34.87637188208617,59.897987365722656,0.0003865619943944235
1503,34.89959183673469,59.98748016357422,0.0003871395516036535
1504,34.92281179138322,59.62237548828125,0.000384783285597882
1505,34.94603174603174,59.48572540283203,0.0003839013906980937
1506,34.969251700680275,60.00879669189453,0.00038727712149645726
1507,34.9924716553288,59.70570373535156,0.00038532105881520595
1508,35.015691609977324,60.031333923339844,0.00038742256940746026
1509,35.03891156462585,59.59355545043945,0.00038459729051195995
1510,35.062131519274374,59.517494201660156,0.0003841064161217283
1511,35.085351473922906,59.693641662597656,0.00038524321414787495
1512,35.10857142857143,59.46271896362305,0.00038375291467384535
1513,35.131791383219955,59.971309661865234,0.00038703519248132074
1514,35.15501133786848,59.743995666503906,0.0003855681823985926
1515,35.178231292517005,59.796966552734375,0.0003859100391508248
1516,35.20145124716553,60.090240478515625,0.0003878027330231861
1517,35.22467120181406,59.515625,0.0003840943529063607
1518,35.247891156462586,59.482234954833984,0.0003838788644898053
1519,35.27111111111111,59.26683044433594,0.00038248871432213324
1520,35.294331065759636,59.68022155761719,0.0003851566051852973
1521,35.31755102040816,59.24906539916992,0.0003823740645385278
1522,35.34077097505669,59.54119110107422,0.0003842593481500205
1523,35.36399092970522,59.51348876953125,0.0003840805663745121
1524,35.38721088435374,58.899749755859375,0.00038011969577440185
1525,35.41043083900227,58.96791076660156,0.0003805595846156005
1526,35.43365079365079,59.66284942626953,0.00038504449113879974
1527,35.456870748299316,59.34336853027344,0.00038298266606322397
1528,35.48009070294785,59.53744888305664,0.00038423519710047854
1529,35.50331065759637,59.75811004638672,0.000385659271984021
1530,35.5265306122449,59.61572265625,0.00038474035039869634
1531,35.54975056689342,59.922760009765625,0.00038672186892625384
1532,35.57297052154195,59.801856994628906,0.00038594160046123536
1533,35.59619047619048,59.18897247314453,0.00038198624447386456
1534,35.619410430839004,59.05997085571289,0.00038115371028185564
1535,35.64263038548753,59.56747817993164,0.0003844289963481792
1536,35.66585034013605,59.4597282409668,0.00038373361352925727
1537,35.68907029478458,59.41749954223633,0.0003834610833371782
1538,35.71229024943311,59.651588439941406,0.000384971816420912
1539,35.735510204081635,59.787193298339844,0.00038584696576761726
1540,35.75873015873016,59.42537307739258,0.00038351189655456313
1541,35.781950113378684,59.279396057128906,0.0003825698086719714
1542,35.80517006802721,59.1818962097168,0.000381940576587116
1543,35.828390022675734,59.33964920043945,0.00038295866272652327
1544,35.851609977324266,59.69553756713867,0.00038525544969489063
1545,35.87482993197279,59.37741470336914,0.0003832023889145615
1546,35.898049886621315,59.36149215698242,0.00038309963001467544
1547,35.92126984126984,59.166603088378906,0.00038184187979036394
1548,35.944489795918365,58.96714401245117,0.00038055463623541913
1549,35.9677097505669,58.92311096191406,0.0003802704613476893
1550,35.99092970521542,59.13591003417969,0.00038164379687026745
1551,36.014149659863946,59.35799026489258,0.00038307702994996645
1552,36.03736961451247,59.30358123779297,0.0003827258919075433
1553,36.060589569160996,59.59360122680664,0.0003845975859376424
1554,36.08380952380952,59.735816955566406,0.00038551539967665783
1555,36.10702947845805,59.81781005859375,0.00038604455631157633
1556,36.13024943310658,59.62100601196289,0.0003847744474462148
1557,36.1534693877551,59.459285736083984,0.00038373075774766007
1558,36.17668934240363,59.3428955078125,0.0003829796133311718
1559,36.19990929705215,59.51566696166992,0.0003840946237132363
1560,36.22312925170068,59.239036560058594,0.00038230934169525987
1561,36.24634920634921,59.221553802490234,0.00038219651370336295
1562,36.26956916099773,59.70687484741211,0.00038532861678891583
1563,36.29278911564626,59.48465347290039,0.0003838944728133625
1564,36.31600907029478,59.36977005004883,0.0003831530528255889
1565,36.33922902494331,59.26533508300781,0.0003824790637498392
1566,36.36244897959184,59.53791046142578,0.0003842381759761101
1567,36.385668934240364,59.58277130126953,0.0003845276931449313
1568,36.40888888888889,59.14228057861328,0.0003816849102777446
1569,36.432108843537414,59.08987045288086,0.0003813466724901227
1570,36.45532879818594,59.1368522644043,0.00038164987771556496
1571,36.47854875283447,59.00471115112305,0.00038079708224549995
1572,36.501768707482995,59.4556999206543,0.0003837076160691999
1573,36.52498866213152,59.624359130859375,0.00038479608737745577
1574,36.548208616780045,59.69562530517578,0.0003852560159274487
1575,36.57142857142857,59.16498947143555,0.00038183146603505686
1576,36.594648526077094,59.58843231201172,0.0003845642274543301
1577,36.617868480725626,59.23483657836914,0.00038228223638889317
1578,36.64108843537415,59.35108947753906,0.00038303249452833403
1579,36.664308390022676,59.48258972167969,0.00038388115403884443
1580,36.6875283446712,59.618412017822266,0.00038475770665754146
1581,36.710748299319725,59.65706253051758,0.0003850071444087741
1582,36.73396825396826,59.65557861328125,0.0003849975676929007
1583,36.75718820861678,59.51632308959961,0.0003840988581480184
1584,36.78040816326531,59.436771392822266,0.00038358545754949827
1585,36.80362811791383,59.42293930053711,0.00038349618975577846
1586,36.826848072562356,59.36835861206055,0.00038314394386704606
1587,36.85006802721088,59.18986129760742,0.00038199198065586585
1588,36.87328798185941,59.578941345214844,0.00038450297586283124
1589,36.89650793650794,59.665245056152344,0.0003850599517495157
1590,36.91972789115646,59.632633209228516,0.0003848494855695623
1591,36.94294784580499,59.65922927856445,0.0003850211278910777
1592,36.96616780045351,59.687904357910156,0.00038520618746233865
1593,36.989387755102044,59.511661529541016,0.0003840687739660201
1594,37.01260770975057,60.121829986572266,0.00038800660136289767
1595,37.03582766439909,60.124752044677734,0.00038802545936896204
1596,37.05904761904762,59.78341293334961,0.00038582256853000657
1597,37.08226757369614,59.37786102294922,0.0003832052693149656
1598,37.10548752834467,59.5695686340332,0.00038444248745434536
1599,37.1287074829932,59.44817352294922,0.00038365904316324035
1600,37.151927437641724,59.42190933227539,0.0003834895426779229
1601,37.17514739229025,59.736576080322266,0.0003855202988192255
1602,37.198367346938774,59.90133285522461,0.00038658358508805073
1603,37.2215873015873,59.83806610107422,0.00038617528217606956
1604,37.24480725623583,59.71611404418945,0.00038538824353916113
1605,37.268027210884355,59.92279815673828,0.0003867221151143226
1606,37.29124716553288,60.160343170166016,0.0003882551528370829
1607,37.314467120181405,60.1070442199707,0.0003879111788674597
1608,37.33768707482993,59.89094161987305,0.0003865165234581299
1609,37.36090702947846,59.740196228027344,0.0003855436620669475
1610,37.384126984126986,59.774906158447266,0.00038576766859068083
1611,37.40734693877551,59.37945556640625,0.0003832155599762383
1612,37.430566893424036,59.46358108520508,0.00038375847852419856
1613,37.45378684807256,59.705020904541016,0.0003853166520487758
1614,37.477006802721085,59.676856994628906,0.00038513489139763575
1615,37.50022675736962,59.76372528076172,0.00038569551086773735
1616,37.52344671201814,59.49949264526367,0.0003839902399720967
1617,37.54666666666667,59.37982940673828,0.0003832179726193118
1618,37.56988662131519,59.485511779785156,0.0003839000120449088
1619,37.593106575963716,60.07579803466797,0.0003877095262203667
1620,37.61632653061225,59.90692138671875,0.00038661965164011903
1621,37.63954648526077,60.196266174316406,0.00038848698814140166
1622,37.6627664399093,60.08791732788086,0.00038778774016980073
1623,37.68598639455782,59.68386459350586,0.0003851801161458606
1624,37.70920634920635,59.900821685791016,0.0003865802861679298
1625,37.73242630385487,59.964473724365234,0.00038699107557940514
1626,37.755646258503404,60.02769088745117,0.000387399058446897
1627,37.77886621315193,59.40372848510742,0.0003833722094443683
1628,37.802086167800454,59.412715911865234,0.00038343021135336003
1629,37.82530612244898,59.532203674316406,0.00038420134624102877
1630,37.8485260770975,59.75013732910156,0.00038560781867765735
1631,37.871746031746035,60.22995376586914,0.0003887043968248931
1632,37.89496598639456,60.26362991333008,0.000388921731651964
1633,37.918185941043085,60.231056213378906,0.0003887115116600793
1634,37.94140589569161,60.005760192871094,0.00038725752492618673
1635,37.964625850340134,59.932464599609375,0.0003867844991709376
1636,37.98784580498866,59.84113311767578,0.0003861950756967951
1637,38.01106575963719,59.58476638793945,0.0003845405687809256
1638,38.034285714285716,59.846778869628906,0.00038623151153096647
1639,38.05750566893424,60.21171569824219,0.0003885866943092355
1640,38.080725623582765,60.35041809082031,0.0003894818341271213
1641,38.10394557823129,60.17277526855469,0.00038833538552868056
1642,38.12716553287982,59.9726676940918,0.00038704395677656737
1643,38.15038548752835,59.55179977416992,0.0003843278130519331
1644,38.17360544217687,59.37594223022461,0.00038319288605510865
1645,38.196825396825396,59.4751091003418,0.0003838328765585674
1646,38.22004535147392,59.58771514892578,0.0003845595991186381
1647,38.243265306122446,59.38042068481445,0.00038322178853437706
1648,38.26648526077098,59.48170852661133,0.0003838754670944569
1649,38.2897052154195,59.67705154418945,0.00038513614695678627
1650,38.31292517006803,59.81187057495117,0.0003860062248292758
1651,38.33614512471655,59.938690185546875,0.0003868246770637536
1652,38.35936507936508,59.889522552490234,0.00038650736526197335
1653,38.38258503401361,59.65464782714844,0.0003849915607040238
1654,38.40580498866213,59.54111099243164,0.0003842588311550762
1655,38.42902494331066,59.47666931152344,0.00038384294565057826
1656,38.45224489795918,59.770263671875,0.00038573770750271693
1657,38.47546485260771,59.69099807739258,0.0003852261533147123
1658,38.49868480725623,59.813507080078125,0.00038601678629742413
1659,38.521904761904764,59.71599197387695,0.0003853874557373412
1660,38.54512471655329,59.68115997314453,0.000385162661411788
1661,38.568344671201814,59.6810417175293,0.00038516189822877496
1662,38.59156462585034,59.18362045288086,0.00038195170428782235
1663,38.61478458049886,59.1483268737793,0.0003817239310866376
1664,38.638004535147395,59.503944396972656,0.00038401897011971695
1665,38.66122448979592,59.691978454589844,0.00038523248034807853
1666,38.684444444444445,59.434444427490234,0.00038357044007730605
1667,38.70766439909297,59.36925506591797,0.0003831497292866611
1668,38.730884353741494,59.600685119628906,0.00038464330306200474
1669,38.75410430839002,59.64652633666992,0.00038493914726419216
1670,38.77732426303855,59.43746566772461,0.0003835899381723491
1671,38.800544217687076,59.510128021240234,0.00038405887720565734
1672,38.8237641723356,59.7346305847168,0.00038550774322772046
1673,38.846984126984125,59.614749908447266,0.0003847340726029438
1674,38.87020408163265,59.51042175292969,0.00038406077285378653
1675,38.89342403628118,59.33326721191406,0.00038291747546262547
1676,38.91664399092971,59.253135681152344,0.0003824003328054608
1677,38.93986394557823,59.48603057861328,0.0003839033602026435
1678,38.963083900226756,59.99448013305664,0.0003871847271142646
1679,38.98630385487528,59.83161926269531,0.00038613367639245494
1680,39.00952380952381,59.66630935668945,0.00038506682039663316
1681,39.03274376417234,59.63013458251953,0.0003848333602510608
1682,39.05596371882086,59.86632537841797,0.0003863576582973814
1683,39.07918367346939,59.64549255371094,0.0003849324755675297
1684,39.10240362811791,59.341026306152344,0.00038296755011580426
1685,39.12562358276644,59.34917449951172,0.00038302013588728404
1686,39.14884353741497,59.148433685302734,0.00038172462041323
1687,39.172063492063494,59.597877502441406,0.0003846251836201465
1688,39.19528344671202,59.74338150024414,0.0003855642187706861
1689,39.21850340136054,59.44093704223633,0.0003836123412866031
1690,39.24172335600907,59.29037094116211,0.0003826406369793437
1691,39.2649433106576,59.32032775878906,0.00038283396846971383
1692,39.288163265306125,59.397369384765625,0.00038333116989331176
1693,39.31138321995465,59.65160369873047,0.0003849719148961395
1694,39.334603174603174,59.7607536315918,0.00038567633281718364
1695,39.3578231292517,59.65880584716797,0.00038501839520351487
1696,39.381043083900224,59.69929504394531,0.00038527969921966007
1697,39.404263038548756,59.49580383300781,0.00038396643358585094
1698,39.42748299319728,59.99941635131836,0.00038721658385035767
1699,39.450702947845805,59.88942337036133,0.0003865067251729947
1700,39.47392290249433,59.729888916015625,0.0003854771420507779
1701,39.497142857142855,59.37736892700195,0.000383202093488879
1702,39.52036281179139,59.48949432373047,0.00038392571407928373
1703,39.54358276643991,59.171653747558594,0.0003818744750906632
1704,39.566802721088436,59.38332748413086,0.0003832405480652139
1705,39.59002267573696,59.479122161865234,0.0003838587755433973
1706,39.613242630385486,59.26136016845703,0.000382453410953078
1707,39.63646258503401,59.28477478027344,0.00038260452118966167
1708,39.65968253968254,59.49797058105469,0.00038398041706815456
1709,39.68290249433107,59.550907135009766,0.0003843220522511249
1710,39.70612244897959,59.15574645996094,0.0003817718146660047
1711,39.72934240362812,59.00245666503906,0.00038078253253063827
1712,39.75256235827664,59.13292694091797,0.0003816245449632931
1713,39.77578231292517,59.10676574707031,0.00038145570918576117
1714,39.7990022675737,59.35335159301758,0.00038304709348080943
1715,39.82222222222222,59.44487380981445,0.0003836377478952956
1716,39.84544217687075,59.20787811279297,0.00038210825528072487
1717,39.86866213151927,58.739620208740234,0.00037908627211831296
1718,39.8918820861678,58.7933235168457,0.00037943285568146467
1719,39.91510204081633,58.87501525878906,0.0003799600674306402
1720,39.938321995464854,59.151668548583984,0.0003817454971614579
1721,39.96154195011338,59.482276916503906,0.0003838791352966809
1722,39.9847619047619,59.679012298583984,0.00038514880102351876
1723,40.00798185941043,59.490230560302734,0.0003839304655090102
1724,40.03120181405896,59.599952697753906,0.00038463857625108523
1725,40.054421768707485,59.910831451416016,0.00038664488591716337
1726,40.07764172335601,59.74352264404297,0.00038556512966654035
1727,40.100861678004534,59.65256881713867,0.00038497814345427825
1728,40.12408163265306,59.84845733642578,0.00038624234380599037
1729,40.147301587301584,60.16154861450195,0.0003882629323800546
1730,40.170521541950116,59.90290832519531,0.00038659375265528913
1731,40.19374149659864,59.50843048095703,0.00038404792183659907
1732,40.216961451247165,59.31346893310547,0.000382789703854957
1733,40.24018140589569,59.26681137084961,0.00038248859122809887
1734,40.263401360544215,59.59089660644531,0.0003845801312035698
1735,40.28662131519275,59.19395446777344,0.0003820183966356401
1736,40.30984126984127,59.10043716430664,0.00038141486658515965
1737,40.333061224489796,59.03019332885742,0.00038096153587540853
1738,40.35628117913832,58.934085845947266,0.0003803412896550616
1739,40.379501133786846,59.198463439941406,0.0003820474960653634
1740,40.40272108843537,59.432769775390625,0.00038355963242108897
1741,40.4259410430839,59.26296615600586,0.00038246377547077135
1742,40.44916099773243,59.34846878051758,0.0003830155814080126
1743,40.47238095238095,59.33305740356445,0.0003829161214282475
1744,40.49560090702948,58.98234558105469,0.0003806527421808062
1745,40.518820861678,59.06517791748047,0.0003811873149532367
1746,40.542040816326534,59.60551834106445,0.0003846744950903123
1747,40.56526077097506,59.97880554199219,0.0003870835684368253
1748,40.58848072562358,60.09914779663086,0.00038786021793723354
1749,40.61170068027211,60.21554183959961,0.00038861138697252864
1750,40.63492063492063,60.263832092285156,0.0003889230364487282
1751,40.658140589569165,60.09466552734375,0.00038783129083915825
1752,40.68136054421769,59.82713317871094,0.0003861047246755729
1753,40.704580498866214,59.475738525390625,0.00038383693866170135
1754,40.72780045351474,59.99421691894531,0.0003871830284165904
1755,40.751020408163264,60.492881774902344,0.0003904012480885834
1756,40.77424036281179,60.16279983520508,0.0003882710073487088
1757,40.79746031746032,60.4488410949707,0.00039011702396323986
1758,40.820680272108845,60.08625793457031,0.0003877770309888112
1759,40.84390022675737,59.779354095458984,0.0003857963741194942
1760,40.867120181405895,59.69172286987305,0.0003852308308880181
1761,40.89034013605442,59.52915573120117,0.00038418167581433764
1762,40.91356009070295,59.64668655395508,0.00038494018125408077
1763,40.936780045351476,59.742645263671875,0.0003855594673409597
1764,40.96,59.550209045410156,0.0003843175470094672
1765,40.983219954648526,59.72529220581055,0.0003854474763884965
1766,41.00643990929705,59.60072708129883,0.00038464357386888036
1767,41.029659863945575,60.0241584777832,0.000387376261431733
1768,41.05287981859411,59.9327278137207,0.0003867861978686118
1769,41.07609977324263,59.836238861083984,0.0003861634897675776
1770,41.09931972789116,59.58463668823242,0.00038453973174149193
1771,41.12253968253968,59.9392204284668,0.0003868280990779089
1772,41.145759637188206,59.57068634033203,0.000384449700764759
1773,41.16897959183674,59.88788986206055,0.0003864968284126319
1774,41.19219954648526,59.6485710144043,0.00038495234294467584
1775,41.21541950113379,59.68663787841797,0.000385198014018457
1776,41.23863945578231,59.82593536376953,0.00038609699437021486
1777,41.26185941043084,59.63438034057617,0.00038486076098310997
1778,41.28507936507936,59.58966827392578,0.0003845722039477568
1779,41.308299319727894,60.02014923095703,0.00038735038706570995
1780,41.33151927437642,60.223873138427734,0.0003886651544467383
1781,41.35473922902494,59.78083801269531,0.0003858059508353676
1782,41.37795918367347,59.772335052490234,0.0003857510755148487
1783,41.40117913832199,59.9226188659668,0.00038672095803039954
1784,41.424399092970525,59.87761688232422,0.00038643052996572414
1785,41.44761904761905,60.172027587890625,0.0003883305602425335
1786,41.470839002267574,59.988922119140625,0.0003871488575126513
1787,41.4940589569161,59.39631271362305,0.0003833243504838081
1788,41.517278911564624,59.6954231262207,0.0003852547111306844
1789,41.54049886621315,59.42375564575195,0.00038350145818044916
1790,41.56371882086168,59.62845993041992,0.00038482255259484374
1791,41.586938775510205,59.70435333251953,0.0003853123437575731
1792,41.61015873015873,59.40446853637695,0.0003833769854929016
1793,41.633378684807255,59.45888137817383,0.00038372814815413155
1794,41.65659863945578,59.77324295043945,0.00038575693479088436
1795,41.67981859410431,59.40415573120117,0.000383374966750738
1796,41.703038548752836,59.106056213378906,0.00038145113008768286
1797,41.72625850340136,59.222900390625,0.000382205204142189
1798,41.749478458049886,60.02934646606445,0.0003874097430090797
1799,41.77269841269841,60.063053131103516,0.0003876272747866055
1800,41.795918367346935,59.64999008178711,0.0003849615011408324
1801,41.81913832199547,59.470767974853516,0.00038380486035634646
1802,41.84235827664399,59.61008071899414,0.0003847039391833318
1803,41.86557823129252,59.86272048950195,0.00038633439352488684
1804,41.88879818594104,59.8726692199707,0.00038639859937321044
1805,41.912018140589566,59.651302337646484,0.0003849699700103966
1806,41.9352380952381,59.39535903930664,0.0003833181957820899
1807,41.95845804988662,59.345977783203125,0.00038299950532712484
1808,41.98167800453515,58.82346725463867,0.0003796273934933715
1809,42.00489795918367,59.072547912597656,0.00038123487848811444
1810,42.0281179138322,59.85475158691406,0.0003862829648373301
1811,42.05133786848072,59.49052047729492,0.0003839323365383325
1812,42.074557823129254,59.60584259033203,0.00038467658768889644
1813,42.09777777777778,59.57963180541992,0.0003845074318668752
1814,42.120997732426304,59.36558151245117,0.0003831260213756428
1815,42.14421768707483,59.481834411621094,0.00038387627951508367
1816,42.16743764172335,59.15890884399414,0.000381792223656902
1817,42.190657596371885,59.14704132080078,0.00038171563454872154
1818,42.21387755102041,59.300106048583984,0.00038270346417448246
1819,42.237097505668935,59.721092224121094,0.0003854203710821298
1820,42.26031746031746,59.26422119140625,0.0003824718750582324
1821,42.283537414965984,59.38520812988281,0.0003832526851370021
1822,42.30675736961451,59.34716033935547,0.0003830071371572553
1823,42.32997732426304,59.19377136230469,0.00038201721493291024
1824,42.353197278911566,59.23491668701172,0.0003822827533838375
1825,42.37641723356009,59.245731353759766,0.0003823525477013212
1826,42.399637188208615,59.62174987792969,0.00038477924811355495
1827,42.42285714285714,59.92340087890625,0.00038672600488580844
1828,42.44607709750567,60.006011962890625,0.0003872591497674403
1829,42.4692970521542,59.82755661010742,0.0003861074573631357
1830,42.49251700680272,59.26716232299805,0.0003824908561583311
1831,42.515736961451246,59.361019134521484,0.00038309657728262327
1832,42.53895691609977,59.857975006103516,0.0003863037677291374
1833,42.5621768707483,59.66634750366211,0.0003850670665847019
1834,42.58539682539683,59.604068756103516,0.0003846651399437007
1835,42.60861678004535,59.75757598876953,0.0003856558253510588
1836,42.63183673469388,59.61140060424805,0.0003847124572905097
1837,42.6550566893424,60.20199966430664,0.00038852399020813114
1838,42.67827664399093,59.66197967529297,0.0003850388780508328
1839,42.70149659863946,59.986473083496094,0.0003871330522386391
1840,42.72471655328798,59.85906219482422,0.00038631078408909607
1841,42.74793650793651,59.69288635253906,0.0003852383396241142
1842,42.77115646258503,59.6837043762207,0.000385179082155972
1843,42.79437641723356,59.56004333496094,0.00038438101429358464
1844,42.81759637188209,59.39815902709961,0.0003833362659863344
1845,42.840816326530614,60.07198715209961,0.000387684932032301
1846,42.86403628117914,60.12897491455078,0.00038805271238816994
1847,42.887256235827664,59.95945358276367,0.00038695867722956086
1848,42.91047619047619,59.81490707397461,0.0003860258213995463
1849,42.93369614512471,59.60197067260742,0.0003846515995999208
1850,42.956916099773245,59.69275665283203,0.00038523750258468055
1851,42.98013605442177,59.96731185913086,0.00038700939197171833
1852,43.003356009070295,59.992034912109375,0.0003871689464590593
1853,43.02657596371882,59.68440628051758,0.00038518361201643654
1854,43.049795918367344,59.702877044677734,0.00038530281627931337
1855,43.073015873015876,59.63883972167969,0.00038488954036834395
1856,43.0962358276644,59.86488723754883,0.00038634837700719045
1857,43.119455782312926,60.12007141113281,0.00038799525209292946
1858,43.14267573696145,59.92832565307617,0.0003867577877654809
1859,43.165895691609975,59.80723571777344,0.00038597631297892566
1860,43.1891156462585,59.70991516113281,0.00038534823797799325
1861,43.21233560090703,59.82179260253906,0.00038607025834595126
1862,43.23555555555556,59.55055236816406,0.0003843197627020857
1863,43.25877551020408,60.09630584716797,0.0003878418769261135
1864,43.281995464852606,59.31361770629883,0.000382790663988425
1865,43.30521541950113,59.2786979675293,0.0003825653034303137
1866,43.32843537414966,59.45564270019531,0.0003837072467870968
1867,43.35165532879819,59.525272369384766,0.0003841566138689414
1868,43.37487528344671,59.73313903808594,0.0003854981172742333
1869,43.39809523809524,60.089683532714844,0.0003877991386773827
1870,43.42131519274376,59.55190658569336,0.00038432850237852547
1871,43.44453514739229,59.71650695800781,0.000385390779276269
1872,43.46775510204082,59.846195220947266,0.00038622774485351497
1873,43.490975056689344,59.65087890625,0.0003849672373228337
1874,43.51419501133787,59.54130554199219,0.0003842600867142267
1875,43.53741496598639,59.723018646240234,0.00038543280357960044
1876,43.56063492063492,59.23176956176758,0.00038226244286816767
1877,43.58385487528345,59.176483154296875,0.00038190564250016384
1878,43.607074829931975,59.06759262084961,0.000381202898657987
1879,43.6302947845805,59.2154426574707,0.00038215707437475315
1880,43.653514739229024,59.5861930847168,0.00038454977621469596
1881,43.67673469387755,59.265296936035156,0.00038247881756177046
1882,43.699954648526074,59.661346435546875,0.000385034791328892
1883,43.723174603174606,59.96693420410156,0.00038700695470983795
1884,43.74639455782313,59.974517822265625,0.00038705589689790054
1885,43.769614512471655,59.646400451660156,0.00038493833484356534
1886,43.79283446712018,60.03459548950195,0.0003874436184873363
1887,43.816054421768705,59.903324127197266,0.0003865964361052382
1888,43.83927437641724,59.600982666015625,0.0003846452233289408
1889,43.86249433106576,59.644866943359375,0.00038492843808320257
1890,43.885714285714286,59.72936248779297,0.0003854737446554295
1891,43.90893424036281,59.78617477416992,0.00038584039254618233
1892,43.932154195011336,60.18085479736328,0.00038838752816163657
1893,43.95537414965986,59.76054382324219,0.0003856749787828057
1894,43.97859410430839,59.7369270324707,0.0003855225637494577
1895,44.00181405895692,59.69321060180664,0.00038524043222269835
1896,44.02503401360544,59.37136459350586,0.0003831633434868616
1897,44.04825396825397,59.431785583496094,0.0003835532807689159
1898,44.07147392290249,59.28780746459961,0.0003826240931411254
1899,44.09469387755102,59.400978088378906,0.0003833544592846132
1900,44.11791383219955,59.26008987426758,0.00038244521289038943
1901,44.14113378684807,59.25624465942383,0.0003824203971330619
1902,44.1643537414966,59.35276412963867,0.0003830433021845511
1903,44.18757369614512,59.408241271972656,0.0003834013334928985
1904,44.210793650793654,59.46624755859375,0.0003837756870702025
1905,44.23401360544218,59.82316970825195,0.00038607914573523226
1906,44.257233560090704,59.89225769042969,0.000386525016946501
1907,44.28045351473923,59.29534149169922,0.00038267271528469863
1908,44.30367346938775,59.53340530395508,0.0003842091011651936
1909,44.32689342403628,59.43817138671875,0.0003835944926516205
1910,44.35011337868481,59.840450286865234,0.0003861906689303649
1911,44.373333333333335,59.78293991088867,0.0003858195157979544
1912,44.39655328798186,59.81434631347656,0.0003860222024349361
1913,44.419773242630384,59.673431396484375,0.00038511278370906423
1914,44.44299319727891,59.42312240600586,0.0003834973714585083
1915,44.46621315192744,59.384456634521484,0.0003832478352320482
1916,44.489433106575966,59.84398651123047,0.00038621349056433573
1917,44.51265306122449,59.426673889160156,0.00038352029156770665
1918,44.535873015873015,59.55720138549805,0.0003843626732824646
1919,44.55909297052154,59.5306396484375,0.000384191252530211
1920,44.582312925170065,59.37548828125,0.00038318995641709085
1921,44.6055328798186,59.181209564208984,0.00038193614520187893
1922,44.62875283446712,59.3370361328125,0.00038294179884381557
1923,44.651972789115646,59.39350509643555,0.0003833062310419499
1924,44.67519274376417,59.75041580200195,0.00038560961585055905
1925,44.698412698412696,59.69758224487305,0.0003852686453753743
1926,44.72163265306123,60.038856506347656,0.0003874711176946129
1927,44.74485260770975,59.80625534057617,0.0003859699859455594
1928,44.76807256235828,60.039268493652344,0.00038747377652575515
1929,44.7912925170068,59.72983169555664,0.0003854767727686748
1930,44.81451247165533,59.713809967041016,0.0003853733737798101
1931,44.83773242630385,59.358604431152344,0.00038308099357787297
1932,44.860952380952384,59.26716995239258,0.0003824909053959449
1933,44.88417233560091,59.108856201171875,0.0003814692002919273
1934,44.90739229024943,59.25249481201172,0.0003823961968459062
1935,44.93061224489796,59.38246536254883,0.00038323498421486074
1936,44.95383219954648,59.86334991455078,0.0003863384556280208
1937,44.977052154195015,59.733699798583984,0.00038550173623884355
1938,45.00027210884354,59.133148193359375,0.0003816259728540917
1939,45.023492063492064,59.54753112792969,0.0003843002646070427
1940,45.04671201814059,59.807159423828125,0.0003859758206027882
1941,45.069931972789114,59.37413787841797,0.00038318124135945794
1942,45.09315192743764,59.58798599243164,0.000384561347053926
1943,45.11637188208617,59.96346664428711,0.0003869845762143908
1944,45.139591836734695,60.23908996582031,0.0003887633588673529
1945,45.16281179138322,59.82832717895508,0.00038611243036212395
1946,45.186031746031745,59.60426712036133,0.0003846664201216581
1947,45.20925170068027,59.484352111816406,0.0003838925279276196
1948,45.2324716553288,60.032222747802734,0.00038742830558946155
1949,45.255691609977326,60.149112701416016,0.00038818267506965013
1950,45.27891156462585,59.92814254760742,0.000386756606062751
1951,45.302131519274376,59.64874267578125,0.0003849534507909851
1952,45.3253514739229,59.976661682128906,0.0003870697326673629
1953,45.348571428571425,59.91341781616211,0.000386661577468223
1954,45.37179138321996,59.62974548339844,0.0003848308491327598
1955,45.39501133786848,59.27606964111328,0.00038254834107237854
1956,45.41823129251701,59.71597671508789,0.0003853873572621137
1957,45.44145124716553,59.595882415771484,0.00038461230798415223
1958,45.464671201814056,59.2987174987793,0.00038269450292878086
1959,45.48789115646259,59.63254928588867,0.0003848489439558111
1960,45.51111111111111,59.4503059387207,0.0003836728050762821
1961,45.53433106575964,59.40631866455078,0.00038338892561423475
1962,45.55755102040816,59.89948272705078,0.00038657164496671756
1963,45.58077097505669,59.944068908691406,0.0003868593895814439
1964,45.60399092970521,59.95142364501953,0.0003869068546410942
1965,45.627210884353744,59.9525146484375,0.0003869138956198597
1966,45.65043083900227,59.47414779663086,0.0003838266726192355
1967,45.67365079365079,59.6240119934082,0.00038479384706603036
1968,45.69687074829932,59.71937561035156,0.00038540929261903715
1969,45.72009070294784,59.84590530395508,0.00038622587382419266
1970,45.743310657596375,59.84379959106445,0.000386212284242799
1971,45.7665306122449,59.74610900878906,0.00038558182121759996
1972,45.789750566893424,59.98272705078125,0.00038710887657029025
1973,45.81297052154195,59.124961853027344,0.0003815731408945432
1974,45.836190476190474,59.33877944946289,0.00038295304963855634
1975,45.859410430839006,59.58070755004883,0.0003845143743704132
1976,45.88263038548753,59.545528411865234,0.0003842873397334346
1977,45.905850340136055,59.64959716796875,0.00038495896540372454
1978,45.92907029478458,59.93142318725586,0.0003867777782366614
1979,45.952290249433105,59.93953323364258,0.00038683011782007245
1980,45.97551020408163,59.59845733642578,0.0003846289256787912
1981,45.99873015873016,59.73859405517578,0.000385533322168061
1982,46.021950113378686,59.5973014831543,0.0003846214661803088
1983,46.04517006802721,60.16899871826172,0.00038831101290987674
1984,46.068390022675736,60.12348937988281,0.00038801731054388726
1985,46.09160997732426,60.10225296020508,0.0003878802576460278
1986,46.11482993197279,60.0679931640625,0.00038765915614150543
1987,46.13804988662132,59.979286193847656,0.00038708667040649125
1988,46.16126984126984,59.35065841674805,0.0003830297126031574
1989,46.18448979591837,59.82789611816406,0.00038610964843694735
1990,46.20770975056689,59.738121032714844,0.00038553026943600885
1991,46.23092970521542,59.39714431762695,0.0003833297173837063
1992,46.25414965986395,59.132408142089844,0.0003816211968055584
1993,46.27736961451247,59.57840347290039,0.0003844995046110622
1994,46.300589569161,59.7464714050293,0.00038558416000425286
1995,46.32380952380952,59.75421905517578,0.000385634160801011
1996,46.34702947845805,59.77018356323242,0.0003857371905077726
1997,46.37024943310658,59.674560546875,0.0003851200708758985
1998,46.393469387755104,59.806270599365234,0.0003859700844207869
1999,46.41668934240363,59.592403411865234,0.00038458985563228444
2000,46.439909297052154,59.72159957885742,0.00038542364538344387
2001,46.46312925170068,59.69676208496094,0.0003852633523318967
2002,46.4863492063492,59.426353454589844,0.0003835182235879294
2003,46.509569160997735,59.40681838989258,0.00038339215067793506
2004,46.53278911564626,59.87709426879883,0.0003864271571891826
2005,46.556009070294785,59.79340744018555,0.0003858870698040127
2006,46.57922902494331,59.49917221069336,0.0003839881719923194
2007,46.602448979591834,59.54609298706055,0.00038429098331685174
2008,46.625668934240366,59.51838302612305,0.00038411215230372956
2009,46.64888888888889,59.495201110839844,0.0003839625438143651
2010,46.672108843537416,59.48310089111328,0.0003838844529589654
2011,46.69532879818594,59.39415740966797,0.0003833104408579251
2012,46.718548752834465,59.166690826416016,0.000381842446022922
2013,46.74176870748299,59.304115295410156,0.00038272933854050547
2014,46.76498866213152,59.38549041748047,0.0003832545069287107
2015,46.78820861678005,59.58316421508789,0.00038453022888203914
2016,46.81142857142857,59.748863220214844,0.00038559959599616196
2017,46.834648526077096,59.46959686279297,0.0003837973023826366
2018,46.85786848072562,58.904197692871094,0.00038014840130321523
2019,46.88108843537415,59.36018371582031,0.0003830911857639182
2020,46.90430839002268,59.586143493652344,0.0003845494561702066
2021,46.9275283446712,59.63984680175781,0.0003848960397333583
2022,46.95074829931973,59.738033294677734,0.0003855297032034508
2023,46.97396825396825,59.67902374267578,0.00038514887487993936
2024,46.99718820861678,59.44389343261719,0.00038363142086192935
2025,47.02040816326531,59.43875503540039,0.000383598259329072
2026,47.04362811791383,59.754398345947266,0.000385635317884934
2027,47.06684807256236,59.44873046875,0.0003836626375090437
2028,47.09006802721088,59.200958251953125,0.0003820635967650581
2029,47.11328798185941,59.08892059326172,0.0003813405424072114
2030,47.13650793650794,59.36328125,0.00038311117623509867
2031,47.159727891156464,59.27403259277344,0.0003825351946295086
2032,47.18294784580499,59.33626937866211,0.0003829368504636342
2033,47.206167800453514,59.31612777709961,0.00038280686316334713
2034,47.22938775510204,59.62248611450195,0.00038478399954328135
2035,47.25260770975056,59.86600112915039,0.0003863555656987972
2036,47.275827664399095,60.00733184814453,0.0003872676678746182
2037,47.29904761904762,59.771087646484375,0.0003857430251650014
2038,47.322267573696145,59.287147521972656,0.0003826198340875364
2039,47.34548752834467,59.85161209106445,0.000386262703559274
2040,47.368707482993194,59.71474838256836,0.00038537943000630073
2041,47.391927437641726,59.99266815185547,0.00038717303318100014
2042,47.41514739229025,59.93212890625,0.00038678233271593283
2043,47.438367346938776,59.967124938964844,0.0003870081856501816
2044,47.4615873015873,59.83403396606445,0.0003861492600972053
2045,47.484807256235825,59.536155700683594,0.00038422685132494873
2046,47.50802721088435,60.0080680847168,0.0003872724193043446
2047,47.53124716553288,60.00316619873047,0.0003872407841375134
2048,47.55446712018141,59.952579498291016,0.0003869143141395765
2049,47.57768707482993,59.5682487487793,0.00038443396934716747
2050,47.600907029478456,59.29845428466797,0.00038269280423110664
2051,47.62412698412698,59.704490661621094,0.0003853132300346205
2052,47.64734693877551,59.829345703125,0.00038611900358355894
2053,47.67056689342404,60.13438415527344,0.0003880876218563152
2054,47.69378684807256,59.693603515625,0.0003852429679598062
2055,47.71700680272109,59.68435287475586,0.0003851832673531403
2056,47.74022675736961,59.554203033447266,0.0003843433229002628
2057,47.763446712018144,59.33991241455078,0.0003829603614241975
2058,47.78666666666667,59.19523239135742,0.0003820266439359424
2059,47.809886621315194,59.51718521118164,0.0003841044219983716
2060,47.83310657596372,59.48465347290039,0.0003838944728133625
2061,47.85632653061224,59.73288345336914,0.00038549646781417285
2062,47.87954648526077,59.59640884399414,0.0003846157053795006
2063,47.9027664399093,59.71058654785156,0.0003853525708880028
2064,47.925986394557825,59.507118225097656,0.00038403945296703495
2065,47.94920634920635,59.494407653808594,0.0003839574231025356
2066,47.972426303854874,59.03377914428711,0.00038098467755386876
2067,47.9956462585034,58.806976318359375,0.0003795209663912615
2068,48.01886621315193,59.54974365234375,0.00038431454351502874
2069,48.042086167800456,59.59004211425781,0.00038457461659083036
2070,48.06530612244898,59.30462646484375,0.00038273263746062643
2071,48.088526077097505,59.93842315673828,0.0003868229537472725
2072,48.11174603174603,60.090641021728516,0.00038780531799790776
2073,48.134965986394555,59.983192443847656,0.0003871118800647287
2074,48.15818594104309,59.9439697265625,0.0003868587494924652
2075,48.18140589569161,59.441463470458984,0.0003836157386819515
2076,48.204625850340136,59.222740173339844,0.0003822041701523003
2077,48.22784580498866,59.3713493347168,0.00038316324501163414
2078,48.251065759637186,59.665828704833984,0.0003850637184269672
2079,48.27428571428572,59.91183853149414,0.00038665138528217775
2080,48.29750566893424,59.81389617919922,0.0003860192974157251
2081,48.32072562358277,59.64334487915039,0.00038491861517926044
2082,48.34394557823129,59.56715774536133,0.00038442692836840195
2083,48.36716553287982,59.578338623046875,0.0003844990860913454
2084,48.39038548752834,59.751678466796875,0.0003856177646756339
2085,48.41360544217687,59.734928131103516,0.00038550966349465654
2086,48.4368253968254,59.560089111328125,0.0003843813097192671
2087,48.46004535147392,60.206024169921875,0.00038854996304938164
2088,48.48326530612245,59.93663024902344,0.00038681138290804244
2089,48.50648526077097,60.1715087890625,0.00038832721208479883
2090,48.529705215419504,60.20439529418945,0.00038853945081884707
2091,48.55292517006803,59.95180892944336,0.0003869093411405883
2092,48.576145124716554,60.02627944946289,0.0003873899494883541
2093,48.59936507936508,60.153533935546875,0.00038821120826681543
2094,48.6225850340136,60.323028564453125,0.0003893050710937764
2095,48.64580498866213,60.14069366455078,0.0003881283413628824
2096,48.66902494331066,59.95885467529297,0.0003869548120768819
2097,48.692244897959185,60.04754638671875,0.00038752719933666857
2098,48.71546485260771,59.75982666015625,0.0003856703504471136
2099,48.738684807256234,59.82280731201172,0.00038607680694857936
2100,48.76190476190476,59.53170394897461,0.00038419812117732846
2101,48.78512471655329,59.873722076416016,0.0003864053941639073
2102,48.808344671201816,60.01789474487305,0.00038733583735084826
2103,48.83156462585034,59.557979583740234,0.0003843676955190666
2104,48.854784580498865,59.27806854248047,0.00038256124132717977
2105,48.87800453514739,59.229522705078125,0.0003822479423909197
2106,48.901224489795915,59.51549530029297,0.00038409351586692704
2107,48.92444444444445,59.37776565551758,0.00038320465384479374
2108,48.94766439909297,59.43414306640625,0.0003835684951915631
2109,48.970884353741496,59.93463134765625,0.0003867984826532412
2110,48.99410430839002,59.859886169433594,0.00038631610175138053
2111,49.017324263038546,59.50177764892578,0.00038400498663741334
2112,49.04054421768708,59.393306732177734,0.0003833049508639925
2113,49.0637641723356,59.57259750366211,0.0003844620347870022
2114,49.08698412698413,59.726200103759766,0.00038545333566453215
2115,49.11020408163265,59.62455368041992,0.0003847973429366063
2116,49.13342403628118,59.73905944824219,0.0003855363256624995
2117,49.1566439909297,59.38395690917969,0.0003832446101683479
2118,49.179863945578234,59.54597854614258,0.0003842902447526456
2119,49.20308390022676,59.400936126708984,0.00038335418847773757
2120,49.22630385487528,59.456851959228516,0.0003837150509488754
2121,49.24952380952381,59.17198181152344,0.00038187659230805423
2122,49.27274376417233,59.31745147705078,0.0003828154058893319
2123,49.295963718820865,59.457767486572266,0.0003837209594625248
2124,49.31918367346939,59.40138244628906,0.00038335706887814166
2125,49.342403628117914,59.82099914550781,0.0003860651376341218
2126,49.36562358276644,59.48176956176758,0.00038387586099536685
2127,49.388843537414964,59.68417739868164,0.00038518213488802417
2128,49.412063492063496,59.70281982421875,0.0003853024469972103
2129,49.43528344671202,59.623138427734375,0.00038478820935925655
2130,49.458503401360545,59.794795989990234,0.0003858960310497143
2131,49.48172335600907,60.05986785888672,0.0003876067180828669
2132,49.504943310657595,59.9423942565918,0.00038684858192522683
2133,49.52816326530612,60.122413635253906,0.00038801036804034917
2134,49.55138321995465,59.73031234741211,0.0003854798747383407
2135,49.574603174603176,59.967689514160156,0.0003870118292335987
2136,49.5978231292517,59.96525955200195,0.0003869961470536209
2137,49.621043083900226,59.495670318603516,0.0003839655719276104
2138,49.64426303854875,59.725826263427734,0.00038545092302145865
2139,49.66748299319728,59.187015533447266,0.00038197361502593895
2140,49.69070294784581,59.05062484741211,0.0003810933942050179
2141,49.71392290249433,59.33663558959961,0.00038293921386909393
2142,49.73714285714286,59.42437744140625,0.0003835054710459694
2143,49.76036281179138,59.33873748779297,0.0003829527788316807
2144,49.783582766439906,59.515960693359375,0.0003840965193613655
2145,49.80680272108844,59.353782653808594,0.00038304987540598603
2146,49.83002267573696,59.30405044555664,0.00038272892002078865
2147,49.85324263038549,59.27778625488281,0.0003825594195354712
2148,49.87646258503401,59.49810791015625,0.00038398130334520197
2149,49.89968253968254,59.477195739746094,0.00038384634304592665
2150,49.92290249433107,59.48625183105469,0.0003839047880934421
2151,49.946122448979594,59.76436233520508,0.0003856996222084851
2152,49.96934240362812,59.8626708984375,0.0003863340734803975
2153,49.99256235827664,59.92118453979492,0.0003867117013590155
2154,50.01578231292517,59.755977630615234,0.0003856455100709792
2155,50.03900226757369,59.79677963256836,0.000385908832829288
2156,50.062222222222225,59.762840270996094,0.00038568979930454295
2157,50.08544217687075,59.441993713378906,0.0003836191606961068
2158,50.108662131519274,59.397064208984375,0.00038332920038876197
2159,50.1318820861678,59.63727951049805,0.0003848794712763331
2160,50.155102040816324,59.69426345825195,0.0003852472270133952
2161,50.178321995464856,59.31306838989258,0.00038278711888023535
2162,50.20154195011338,58.99943161010742,0.00038076300981678833
2163,50.224761904761905,59.24013900756836,0.000382316456530446
2164,50.24798185941043,58.94863510131836,0.0003804351857844735
2165,50.271201814058955,59.118412017822266,0.00038153087040314305
2166,50.29442176870748,59.4166259765625,0.00038345544563040437
2167,50.31764172335601,59.50651550292969,0.0003840355631955491
2168,50.340861678004536,59.29957962036133,0.000382700066779134
2169,50.36408163265306,59.61562728881836,0.0003847397349285245
2170,50.387301587301586,59.95668029785156,0.00038694077935696455
2171,50.41052154195011,59.73525619506836,0.0003855117807120476
2172,50.43374149659864,59.82961654663086,0.0003861207515188469
2173,50.45696145124717,59.882530212402344,0.000386462238988976
2174,50.48018140589569,60.21242904663086,0.00038859129802612063
2175,50.50340136054422,59.72267150878906,0.000385430563268175
2176,50.52662131519274,59.750083923339844,0.0003856074740143612
2177,50.54984126984127,59.53620529174805,0.00038422717136943807
2178,50.5730612244898,59.65789031982422,0.00038501248668986544
2179,50.59628117913832,59.448081970214844,0.0003836584523118754
2180,50.61950113378685,59.748653411865234,0.00038559824196178396
2181,50.64272108843537,59.82634353637695,0.0003860996285825502
2182,50.6659410430839,59.44352340698242,0.0003836290328376627
2183,50.68916099773243,59.20541000366211,0.00038209232691267835
2184,50.712380952380954,59.27259826660156,0.0003825259379581245
2185,50.73560090702948,59.63960266113281,0.0003848944641297185
2186,50.758820861678004,59.939823150634766,0.00038683198884939475
2187,50.78204081632653,59.540626525878906,0.00038425570456660337
2188,50.80526077097505,59.383487701416016,0.00038324158205510256
2189,50.828480725623585,59.36314010620117,0.00038311026533924443
2190,50.85170068027211,59.63680648803711,0.00038487641854428086
2191,50.874920634920635,59.957767486572266,0.0003869477957169232
2192,50.89814058956916,59.345420837402344,0.0003829959109813214
2193,50.921360544217684,59.67924880981445,0.00038515032738954485
2194,50.944580498866216,59.89514923095703,0.00038654367800211034
2195,50.96780045351474,59.971885681152344,0.00038703890992115847
2196,50.991020408163266,59.776676177978516,0.0003857790917170697
2197,51.01424036281179,59.63594055175781,0.00038487083007512083
2198,51.037460317460315,59.4661979675293,0.00038377536702571314
2199,51.06068027210885,59.29914855957031,0.00038269728485395746
2200,51.08390022675737,59.460880279541016,0.0003837410484089328
2201,51.1071201814059,59.845123291015625,0.00038622082696878376
2202,51.13034013605442,60.07728958129883,0.00038771915217385383
2203,51.153560090702946,59.96563720703125,0.00038699858431550125
2204,51.17678004535147,59.75492477416992,0.00038563871528028243
2205,51.2,59.47802734375,0.0003838517099458249
2206,51.22321995464853,59.568267822265625,0.00038443409244120184
2207,51.24643990929705,59.06587600708008,0.00038119182019489433
2208,51.26965986394558,59.51139450073242,0.00038406705064953907
2209,51.2928798185941,59.497493743896484,0.0003839773397172955
2210,51.316099773242634,59.468536376953125,0.00038379045835432597
2211,51.33931972789116,59.42329406738281,0.0003834984793048176
2212,51.36253968253968,59.779109954833984,0.00038579479851585436
2213,51.38575963718821,59.36440658569336,0.0003831184387831261
2214,51.40897959183673,59.66039276123047,0.0003850286366271738
2215,51.43219954648526,59.54752731323242,0.0003843002399882358
2216,51.45541950113379,59.43318176269531,0.0003835622912522312
2217,51.478639455782314,59.403114318847656,0.00038336824581646184
2218,51.50185941043084,59.480918884277344,0.0003838703710014343
2219,51.525079365079364,59.78242492675781,0.0003858161922590266
2220,51.54829931972789,59.32727813720703,0.0003828788239358356
2221,51.57151927437642,59.51680374145508,0.00038410196011768433
2222,51.594739229024945,59.537376403808594,0.00038423472934314795
2223,51.61795918367347,59.418514251708984,0.0003834676319398063
2224,51.641179138321995,59.50864028930664,0.00038404927587097707
2225,51.66439909297052,59.429351806640625,0.0003835375739701312
2226,51.687619047619044,59.30892562866211,0.00038276038285597175
2227,51.710839002267576,59.417537689208984,0.0003834613295252469
2228,51.7340589569161,59.891597747802734,0.000386520757892912
2229,51.757278911564626,59.977935791015625,0.00038707795534885834
2230,51.78049886621315,60.026790618896484,0.00038739324840847503
2231,51.803718820861675,59.689205169677734,0.00038521458247548217
2232,51.82693877551021,59.8837890625,0.00038647036319524393
2233,51.85015873015873,59.613006591796875,0.0003847228218082031
2234,51.87337868480726,59.365333557128906,0.0003831244211531961
2235,51.89659863945578,59.730560302734375,0.00038548147496078746
2236,51.919818594104306,59.74702453613281,0.0003855877297312494
2237,51.94303854875283,59.59380340576172,0.0003845988907344067
2238,51.96625850340136,59.43409729003906,0.00038356819976588063
2239,51.98947845804989,60.00384521484375,0.0003872451662851367
2240,52.01269841269841,59.89125061035156,0.0003865185175814866
2241,52.03591836734694,60.03860855102539,0.00038746951747216623
2242,52.05913832199546,60.3320198059082,0.000389363097621575
2243,52.082358276643994,60.28569793701172,0.00038906415144972163
2244,52.10557823129252,60.20378875732422,0.0003885355364285543
2245,52.128798185941044,59.76941680908203,0.0003857322421275912
2246,52.15201814058957,60.03877639770508,0.0003874706006996686
2247,52.17523809523809,59.90863037109375,0.00038663068086559795
2248,52.19845804988662,59.809959411621094,0.00038599389080703263
2249,52.22167800453515,59.510860443115234,0.0003840636040165769
2250,52.244897959183675,59.71565628051758,0.00038538528928233645
2251,52.2681179138322,59.806312561035156,0.00038597035522766246
2252,52.291337868480724,59.63683319091797,0.000384876590875929
2253,52.31455782312925,59.469932556152344,0.00038379946883764133
2254,52.33777777777778,59.9085693359375,0.00038663028696468796
2255,52.360997732426306,59.66904830932617,0.00038508449669996767
2256,52.38421768707483,59.81083297729492,0.00038599952851380644
2257,52.407437641723355,59.605857849121094,0.0003846766861641239
2258,52.43065759637188,59.733463287353516,0.00038550020987281747
2259,52.453877551020405,60.24604034423828,0.00038880821433347467
2260,52.47709750566894,59.81121826171875,0.0003860020150133006
2261,52.50031746031746,59.653072357177734,0.00038498139313678545
2262,52.523537414965986,59.99136734008789,0.00038716463816785657
2263,52.54675736961451,59.624778747558594,0.00038479879544621177
2264,52.569977324263036,59.53296661376953,0.0003842062700024033
2265,52.59319727891157,59.752750396728516,0.00038562468256036505
2266,52.61641723356009,59.710182189941406,0.0003853499612944743
2267,52.63963718820862,59.18785095214844,0.000381979006544644
2268,52.66285714285714,59.759605407714844,0.000385668922556315
2269,52.68607709750567,60.25118637084961,0.0003888414251039457
2270,52.70929705215419,60.51045608520508,0.0003905146669318452
2271,52.73251700680272,59.70616912841797,0.0003853240623096444
2272,52.75573696145125,59.37708282470703,0.00038320024707836356
2273,52.77895691609977,59.768924713134766,0.00038572906630150467
2274,52.8021768707483,59.72539138793945,0.00038544811647747517
2275,52.82539682539682,59.59377670288086,0.00038459871840275855
2276,52.848616780045354,59.80805587768555,0.00038598160602240324
2277,52.87183673469388,59.63532257080078,0.0003848668418284075
2278,52.895056689342404,59.32023620605469,0.0003828333776183489
2279,52.91827664399093,59.923458099365234,0.0003867263741679115
2280,52.94149659863945,59.909908294677734,0.0003866389281659002
2281,52.964716553287985,59.86756134033203,0.0003863656347908081
2282,52.98793650793651,59.531959533691406,0.00038419977063738897
2283,53.011156462585035,60.044288635253906,0.00038750617487559943
2284,53.03437641723356,59.85171127319336,0.0003862633436482527
2285,53.057596371882084,59.5313606262207,0.00038419590548470993
2286,53.08081632653061,59.6115837097168,0.00038471363899323963
2287,53.10403628117914,59.60464096069336,0.0003846688327647316
2288,53.127256235827666,59.75731658935547,0.00038565415127219153
2289,53.15047619047619,59.66835021972656,0.00038507999145830996
2290,53.173696145124715,59.837371826171875,0.0003861708015532188
2291,53.19691609977324,59.76094055175781,0.00038567753913872044
2292,53.22013605442177,59.951873779296875,0.0003869097596603051
2293,53.2433560090703,59.736454010009766,0.00038551951101740555
2294,53.26657596371882,60.008487701416016,0.0003872751273731006
2295,53.289795918367346,59.829673767089844,0.00038612112080095
2296,53.31301587301587,59.61865997314453,0.0003847593068799882
2297,53.336235827664396,59.372032165527344,0.0003831676517780643
2298,53.35945578231293,59.77464294433594,0.0003857659698930066
2299,53.38267573696145,60.172054290771484,0.00038833073257418165
2300,53.40589569160998,59.91681671142578,0.0003866835128251464
2301,53.4291156462585,60.0141716003418,0.0003873118093953407
2302,53.45233560090703,59.802398681640625,0.00038594509633181124
2303,53.47555555555556,59.62205505371094,0.00038478121761810474
2304,53.498775510204084,59.844505310058594,0.0003862168387220704
2305,53.52199546485261,59.344078063964844,0.0003829872451613023
2306,53.54521541950113,59.23618698120117,0.0003822909514465261
2307,53.56843537414966,59.50477600097656,0.0003840243370196152
2308,53.59165532879818,59.790313720703125,0.00038586710395163904
2309,53.614875283446715,59.665531158447266,0.00038506179816003114
2310,53.63809523809524,59.47634506225586,0.0003838408530519941
2311,53.661315192743764,59.58271026611328,0.0003845272992440213
2312,53.68453514739229,59.42766189575195,0.00038352666783868667
2313,53.707755102040814,59.113521575927734,0.00038149930909273246
2314,53.730975056689346,59.526363372802734,0.0003841636548477069
2315,53.75419501133787,59.4478759765625,0.0003836571228963043
2316,53.777414965986395,59.74879837036133,0.0003855991774764451
2317,53.80063492063492,59.857749938964844,0.0003863023152195319
2318,53.823854875283445,59.683746337890625,0.00038517935296284757
2319,53.84707482993197,59.58109664916992,0.0003845168854887142
2320,53.8702947845805,59.52885437011719,0.0003841797309285947
2321,53.893514739229026,59.8759880065918,0.00038642001773518957
2322,53.91673469387755,59.77859878540039,0.00038579149959573346
2323,53.939954648526076,59.634544372558594,0.00038486181959180546
2324,53.9631746031746,59.67440414428711,0.0003851190615048167
2325,53.98639455782313,59.67329406738281,0.00038511189743201677
2326,54.00961451247166,59.934104919433594,0.0003867950852578928
2327,54.03283446712018,60.170982360839844,0.00038832381468945044
2328,54.05605442176871,60.503211975097656,0.00039046791581759426
2329,54.07927437641723,60.171112060546875,0.00038832465172888413
2330,54.102494331065756,60.063419342041016,0.00038762963819206523
2331,54.12571428571429,60.44209289550781,0.00039007347329388233
2332,54.14893424036281,60.12381362915039,0.0003880194031424714
2333,54.17215419501134,59.85206604003906,0.0003862656331972918
2334,54.19537414965986,59.87237548828125,0.00038639670372508125
2335,54.21859410430839,59.778011322021484,0.00038578770829947507
2336,54.24181405895692,59.21306610107422,0.00038214173685807153
2337,54.265034013605444,59.10135269165039,0.000381420775098809
2338,54.28825396825397,59.401214599609375,0.0003833559856506393
2339,54.31147392290249,59.67613220214844,0.00038513021382432995
2340,54.33469387755102,59.19281768798828,0.0003820110602311921
2341,54.35791383219954,59.59574508666992,0.0003846114217071048
2342,54.381133786848075,60.11223602294922,0.00038794468506361324
2343,54.4043537414966,60.21327209472656,0.00038859673878243947
2344,54.427573696145124,59.741676330566406,0.00038555321416401406
2345,54.45079365079365,59.394954681396484,0.00038331558618856146
2346,54.474013605442174,59.58671188354492,0.0003845531243724306
2347,54.497233560090706,59.67258071899414,0.00038510729371513163
2348,54.52045351473923,59.73912811279297,0.0003855367688010232
2349,54.543673469387755,59.65404510498047,0.0003849876709325379
2350,54.56689342403628,59.80898666381836,0.00038598761301128015
2351,54.590113378684805,59.64079666137695,0.00038490216981626956
2352,54.61333333333334,59.791927337646484,0.0003858775177069461
2353,54.63655328798186,59.663299560546875,0.0003850473961580107
2354,54.659773242630386,59.68305587768555,0.0003851748969588036
2355,54.68299319727891,59.28795623779297,0.0003826250532745934
2356,54.706213151927436,59.76518630981445,0.00038570493987076954
2357,54.72943310657596,59.64304733276367,0.00038491669491232437
2358,54.75265306122449,59.7603759765625,0.00038567389555530326
2359,54.77587301587302,59.85160827636719,0.0003862626789404671
2360,54.79909297052154,59.82447052001953,0.00038608754074837584
2361,54.82231292517007,59.60948944091797,0.0003847001232682666
2362,54.84553287981859,59.846656799316406,0.00038623072372914654
2363,54.868752834467124,59.97945785522461,0.0003870877782528005
2364,54.89197278911565,59.9185676574707,0.0003866948128575009
2365,54.91519274376417,60.12903594970703,0.00038805310628907993
2366,54.9384126984127,59.70583724975586,0.0003853219204734465
2367,54.96163265306122,59.6767463684082,0.0003851341774522365
2368,54.98485260770975,59.66349411010742,0.0003850486517171612
2369,55.00807256235828,60.088478088378906,0.000387791359134411
2370,55.031292517006804,60.2350959777832,0.00038873758297655733
2371,55.05451247165533,60.06621551513672,0.00038764768377750285
2372,55.077732426303854,59.43550109863281,0.0003835772594868097
2373,55.10095238095238,59.57835006713867,0.000384499159947766
2374,55.12417233560091,59.778324127197266,0.00038578972704163863
2375,55.147392290249435,59.32328414916992,0.00038285304804504006
2376,55.17061224489796,59.56075668334961,0.0003843856180104698
2377,55.193832199546485,60.080936431884766,0.000387742687753224
2378,55.21705215419501,60.43518829345703,0.00039002891325344303
2379,55.240272108843534,60.438175201416016,0.0003900481897792242
2380,55.263492063492066,59.717403411865234,0.00038539656469588406
2381,55.28671201814059,59.665977478027344,0.00038506467856043523
2382,55.309931972789116,59.98591995239258,0.0003871294825116426
2383,55.33315192743764,60.370155334472656,0.0003896092118338798
2384,55.356371882086165,59.96304702758789,0.0003869818681456348
2385,55.3795918367347,59.905494689941406,0.0003866104442063487
2386,55.40281179138322,59.83502960205078,0.000386155685605799
2387,55.42603174603175,59.71919631958008,0.00038540813553511417
2388,55.44925170068027,59.803977966308594,0.00038595528851785647
2389,55.472471655328796,59.89720916748047,0.0003865569721578215
2390,55.49569160997732,59.7436408996582,0.00038556589284955345
2391,55.51891156462585,59.87529754638672,0.0003864155617311456
2392,55.54213151927438,59.9959831237793,0.0003871944269241724
2393,55.5653514739229,60.2120361328125,0.00038858876228901277
2394,55.58857142857143,60.49928665161133,0.0003904425830653224
2395,55.61179138321995,59.96647262573242,0.0003870039758342064
2396,55.635011337868484,59.8223876953125,0.0003860740988798234
2397,55.65823129251701,59.66963195800781,0.00038508826337741917
2398,55.68145124716553,59.73217010498047,0.00038549186409728766
2399,55.70467120181406,59.644248962402344,0.0003849244498364892
2400,55.72789115646258,59.8437385559082,0.00038621189034188905
2401,55.75111111111111,59.78193664550781,0.0003858130410517469
2402,55.77433106575964,59.66919708251953,0.0003850854568334357
2403,55.797551020408164,59.586875915527344,0.00038455418298112613
2404,55.82077097505669,59.752960205078125,0.00038562603659474305
2405,55.843990929705214,59.827232360839844,0.00038610536476455155
2406,55.86721088435374,59.704898834228516,0.00038531586424695585
2407,55.89043083900227,59.65536117553711,0.00038499616442090893
2408,55.913650793650795,59.90088653564453,0.00038658070468764664
2409,55.93687074829932,59.97032165527344,0.0003870288162103408
2410,55.960090702947845,60.07644271850586,0.0003877136867987281
2411,55.98331065759637,59.80431365966797,0.0003859574549728613
2412,56.006530612244894,59.67917251586914,0.00038514983501340737
2413,56.029750566893426,60.14091873168945,0.0003881297938724879
2414,56.05297052154195,59.89348602294922,0.0003865329442023139
2415,56.076190476190476,60.25461196899414,0.0003888635327925173
2416,56.099410430839,60.22974395751953,0.00038870304279051517
2417,56.122630385487525,60.29234313964844,0.00038910703741129365
2418,56.14585034013606,60.2347297668457,0.00038873521957109755
2419,56.16907029478458,60.06757354736328,0.0003876564480727494
2420,56.19229024943311,59.57605743408203,0.0003844843640448356
2421,56.21551020408163,59.804134368896484,0.00038595629788893825
2422,56.23873015873016,59.75624465942383,0.0003856472333874603
2423,56.26195011337869,60.147640228271484,0.00038817317221019734
2424,56.28517006802721,59.92461395263672,0.0003867338336663939
2425,56.30839002267574,59.392879486083984,0.00038330219355762275
2426,56.33160997732426,59.905738830566406,0.00038661201980998855
2427,56.35482993197279,60.191261291503906,0.0003884546882667849
2428,56.37804988662131,60.047733306884766,0.0003875284056582053
2429,56.401269841269844,59.96074295043945,0.0003869669983862838
2430,56.42448979591837,59.91863250732422,0.00038669523137721773
2431,56.447709750566894,59.829715728759766,0.00038612139160782555
2432,56.47092970521542,59.978424072265625,0.00038708110655613805
2433,56.49414965986394,59.92384338378906,0.00038672886066740565
2434,56.517369614512475,59.97441101074219,0.0003870552075713081
2435,56.540589569161,60.09185028076172,0.0003878131221596863
2436,56.563809523809525,60.14404296875,0.0003881499566753165
2437,56.58702947845805,60.10081481933594,0.00038787097635583685
2438,56.610249433106574,60.19978332519531,0.0003885096866813382
2439,56.6334693877551,60.106204986572266,0.00038790576272994774
2440,56.65668934240363,59.796348571777344,0.00038590605090411137
2441,56.679909297052156,60.317535400390625,0.0003892696200118799
2442,56.70312925170068,60.014923095703125,0.00038731665930029455
2443,56.726349206349205,60.03361892700195,0.0003874373160727769
2444,56.74956916099773,60.36696243286133,0.0003895886058925275
2445,56.77278911564626,60.314998626708984,0.0003892532485053097
2446,56.79600907029479,60.37627410888672,0.0003896487004001034
2447,56.81922902494331,60.46839141845703,0.00039024319534846166
2448,56.842448979591836,60.461585998535156,0.00039019927539700103
2449,56.86566893424036,59.8942985534668,0.0003865381880081778
2450,56.888888888888886,60.374149322509766,0.0003896349877246754
2451,56.91210884353742,59.88789749145508,0.0003864968776502456
2452,56.93532879818594,59.94942092895508,0.00038689392976748606
2453,56.95854875283447,60.27388381958008,0.0003889879070048374
2454,56.98176870748299,60.3735237121582,0.0003896309502403483
2455,57.00498866213152,59.679935455322266,0.0003851547587747819
2456,57.02820861678005,59.89454650878906,0.00038653978823062447
2457,57.05142857142857,59.842716217041016,0.0003862052925016472
2458,57.0746485260771,59.607940673828125,0.00038469012803267634
2459,57.09786848072562,59.316200256347656,0.0003828073309206777
2460,57.12108843537415,59.838199615478516,0.0003861761438343101
2461,57.14430839002267,59.767147064208984,0.00038571759393750204
2462,57.167528344671204,59.84299850463867,0.00038620711429335577
2463,57.19074829931973,60.11705017089844,0.00038797575399788636
2464,57.213968253968254,59.80368423461914,0.0003859533928697273
2465,57.23718820861678,59.481239318847656,0.00038387243898121157
2466,57.2604081632653,59.81181716918945,0.00038600588016597957
2467,57.283628117913835,59.77734375,0.0003857834000082724
2468,57.30684807256236,60.139469146728516,0.0003881204387258763
2469,57.330068027210885,60.489349365234375,0.00039037845107341943
2470,57.35328798185941,60.38478469848633,0.0003897036249582361
2471,57.376507936507934,60.090065002441406,0.00038780160055806997
2472,57.39972789115646,59.92690658569336,0.0003867486295693243
2473,57.42294784580499,60.1353645324707,0.00038809394888968146
2474,57.446167800453516,59.90914535522461,0.00038663400440452575
2475,57.46938775510204,60.14148712158203,0.0003881334620747119
2476,57.492607709750565,60.00169372558594,0.00038723128127806056
2477,57.51582766439909,60.158935546875,0.0003882460684973469
2478,57.53904761904762,60.212608337402344,0.00038859245511004367
2479,57.56226757369615,60.4564208984375,0.0003901659415324956
2480,57.58548752834467,60.82932662963867,0.0003925725529983214
2481,57.608707482993196,60.24632263183594,0.0003888100361251832
2482,57.63192743764172,60.05099105834961,0.0003875494301192745
2483,57.655147392290246,60.05714416503906,0.00038758914025475993
2484,57.67836734693878,60.065185546875,0.0003876410366996472
2485,57.7015873015873,60.28702926635742,0.0003890727434133202
2486,57.72480725623583,60.596805572509766,0.0003910719382442122
2487,57.74802721088435,60.188533782958984,0.000388437085819871
2488,57.77124716553288,60.11920928955078,0.00038798968824257625
2489,57.79446712018141,60.06652069091797,0.00038764965328205264
2490,57.817687074829934,59.84489822387695,0.0003862193744591783
2491,57.84090702947846,60.01853561401367,0.00038733997331040287
2492,57.86412698412698,59.8026123046875,0.0003859464749849961
2493,57.88734693877551,59.84014892578125,0.000386188724044622
2494,57.91056689342403,59.91353225708008,0.00038666231603242914
2495,57.933786848072565,59.77192306518555,0.00038574841668370647
2496,57.95700680272109,59.9686279296875,0.00038701788546008934
2497,57.980226757369614,60.00659942626953,0.0003872629410636987
2498,58.00344671201814,60.03630065917969,0.0003874546230940083
2499,58.026666666666664,60.172454833984375,0.0003883333175489032
2500,58.049886621315196,60.2073860168457,0.00038855875196343515
2501,58.07310657596372,59.83823776245117,0.0003861763900223788
2502,58.096326530612245,60.1316032409668,0.00038806967474610513
2503,58.11954648526077,60.488128662109375,0.0003903705730552202
2504,58.142766439909295,60.57950973510742,0.0003909603165738521
2505,58.16598639455783,60.5791130065918,0.00039095775621793733
2506,58.18920634920635,60.15414810180664,0.0003882151718947219
2507,58.212426303854876,60.740318298339844,0.00039199812237756426
2508,58.2356462585034,60.87019348144531,0.000392836294276347
2509,58.258866213151926,60.760711669921875,0.0003921297345191049
2510,58.28208616780045,60.9110107421875,0.0003930997155098832
2511,58.30530612244898,60.685035705566406,0.0003916413466283673
2512,58.32852607709751,60.59272384643555,0.00039104559612085853
2513,58.35174603174603,60.447574615478516,0.0003901088505193582
2514,58.37496598639456,60.23501968383789,0.00038873709060041985
2515,58.39818594104308,60.4471321105957,0.00039010599473776093
2516,58.42140589569161,60.03730392456055,0.00038746109784021577
2517,58.44462585034014,60.126949310302734,0.0003880396398017206
2518,58.46784580498866,60.091957092285156,0.00038781381148627876
2519,58.49106575963719,60.08378601074219,0.0003877610780019578
2520,58.51428571428571,59.97178268432617,0.0003870382452133729
2521,58.53750566893424,60.04389572143555,0.00038750363913849157
2522,58.56072562358277,59.97345733642578,0.00038704905286959
2523,58.583945578231294,60.13154983520508,0.0003880693300828089
2524,58.60716553287982,60.21963882446289,0.0003886378275711098
2525,58.63038548752834,59.935062408447266,0.0003868012645784178
2526,58.65360544217687,59.96244430541992,0.00038697797837414894
2527,58.6768253968254,59.92223358154297,0.00038671847153090545
2528,58.700045351473925,60.1206169128418,0.0003879987725823122
2529,58.72326530612245,60.16996765136719,0.00038831726608682234
2530,58.746485260770974,59.85441207885742,0.00038628077376351845
2531,58.7697052154195,59.802024841308594,0.00038594268368873774
2532,58.792925170068024,59.938438415527344,0.0003868230522225
2533,58.816145124716556,59.412330627441406,0.0003834277248538659
2534,58.83936507936508,59.66474533081055,0.0003850567266858154
2535,58.862585034013605,60.19981002807617,0.0003885098590129863
2536,58.88580498866213,60.05081558227539,0.00038754829765415836
2537,58.909024943310655,60.04246139526367,0.00038749438246710746
2538,58.93224489795919,59.71875762939453,0.0003854053043723238
2539,58.95546485260771,59.61606979370117,0.00038474259071012175
2540,58.978684807256236,59.84647750854492,0.0003862295666452235
2541,59.00190476190476,59.743709564208984,0.00038556633598807715
2542,59.025124716553286,60.22941589355469,0.00038870092557312413
2543,59.04834467120181,60.27973175048828,0.000389025647635773
2544,59.07156462585034,60.001712799072266,0.0003872314043720949
2545,59.09478458049887,60.06883239746094,0.0003876645722790174
2546,59.11800453514739,60.101051330566406,0.00038787250272186293
2547,59.14122448979592,60.129425048828125,0.0003880556174073809
2548,59.16444444444444,60.46723175048828,0.0003902357112311724
2549,59.187664399092974,60.30524444580078,0.0003891902982161366
2550,59.2108843537415,60.27126693725586,0.0003889710185033228
2551,59.23410430839002,60.200557708740234,0.00038851468429913327
2552,59.25732426303855,60.306396484375,0.0003891977330958121
2553,59.28054421768707,60.24270248413086,0.0003887866728774612
2554,59.3037641723356,60.19840621948242,0.0003885007992920572
2555,59.32698412698413,59.92405319213867,0.00038673021470178365
2556,59.350204081632654,60.20595932006836,0.0003885495445296648
2557,59.37342403628118,60.16029357910156,0.00038825483279259355
2558,59.396643990929704,60.0718879699707,0.0003876842919433223
2559,59.41986394557823,59.523719787597656,0.00038414659401454424
2560,59.44308390022676,59.26358413696289,0.0003824677637174847
2561,59.466303854875285,60.15574264526367,0.0003882254625559946
2562,59.48952380952381,60.166412353515625,0.0003882943213588171
2563,59.512743764172335,59.6613655090332,0.00038503491442292635
2564,59.53596371882086,59.509033203125,0.00038405181160808494
2565,59.559183673469384,59.623538970947266,0.0003847907943339782
2566,59.582403628117916,59.96986389160156,0.00038702586195351604
2567,59.60562358276644,59.473388671875,0.00038382177347666787
2568,59.628843537414966,59.73439025878906,0.0003855061922428875
2569,59.65206349206349,59.936038970947266,0.00038680756699297717
2570,59.675283446712015,59.83064651489258,0.00038612739859670246
2571,59.69850340136055,59.451507568359375,0.00038368056000044696
2572,59.72172335600907,59.936466217041016,0.0003868103242993469
2573,59.7449433106576,59.62133026123047,0.00038477654004479895
2574,59.76816326530612,59.64315414428711,0.0003849173842389168
2575,59.791383219954646,59.5448112487793,0.00038428271139774253
2576,59.81460317460318,59.75232696533203,0.0003856219498728022
2577,59.8378231292517,59.77301025390625,0.00038575543304366516
2578,59.86104308390023,59.84436798095703,0.000386215952445023
2579,59.88426303854875,59.739959716796875,0.0003855421357009214
2580,59.90748299319728,60.15190505981445,0.00038820069603628086
2581,59.9307029478458,59.93328094482422,0.00038678976759560834
2582,59.953922902494334,59.496280670166016,0.00038396951093671
2583,59.97714285714286,59.30754089355469,0.00038275144622907704
