frame_index,seconds,value,normalized_value
0,0.0,0.0003159114858135581,0.0003182113750714604
1,0.023219954648526078,0.0003761375555768609,0.000378875900848914
2,0.046439909297052155,0.0004509302962105721,0.00045421314533410616
3,0.06965986394557823,0.00027509196661412716,0.0002770946828411795
4,0.09287981859410431,0.00016839797899592668,0.00016962394487667897
5,0.11609977324263039,0.00029360747430473566,0.00029574498657167426
6,0.13931972789115646,0.0003339573449920863,0.0003363886111689614
7,0.16253968253968254,0.0002785496471915394,0.00028057753592030304
8,0.18575963718820862,0.0001559094962431118,0.00015704454384890255
9,0.2089795918367347,0.00014224779442884028,0.00014328338252569172
10,0.23219954648526078,0.00010498161282157525,0.00010574589678859786
11,0.25541950113378686,0.00023297550796996802,0.00023467160922679498
12,0.2786394557823129,0.00012186836102046072,0.0001227555833817095
13,0.301859410430839,0.00011093810462625697,0.00011174575286501884
14,0.3250793650793651,0.0003397370164748281,0.000342210359641475
15,0.34829931972789113,0.0002959129633381963,0.0002980672599567662
16,0.37151927437641724,0.00034360497375018895,0.00034610647630257236
17,0.3947392290249433,0.0001140890599344857,0.00011491964766291779
18,0.4179591836734694,0.00021369557362049818,0.0002152513136815642
19,0.44117913832199546,0.0002530174679122865,0.0002548594780405809
20,0.46439909297052157,0.00012756403884850442,0.0001284927267114568
21,0.4876190476190476,0.00012178025644971058,0.0001226668373947243
22,0.5108390022675737,8.074688958004117e-05,8.133474064685472e-05
23,0.5340589569160997,0.00013311411021277308,0.00013408320353764907
24,0.5572789115646258,8.11396021163091e-05,8.173031219706855e-05
25,0.5804988662131519,9.397879330208525e-05,9.466297487474779e-05
26,0.603718820861678,0.00024558225413784385,0.00024737013464737486
27,0.626938775510204,0.00023413216695189476,0.0002358366888825087
28,0.6501587301587302,0.0001107028074329719,0.00011150874266821362
29,0.6733786848072563,0.00013362933532334864,0.00013460217957451387
30,0.6965986394557823,0.0001321396994171664,0.00013310169886599724
31,0.7198185941043084,0.00015066983178257942,0.00015176673374141228
32,0.7430385487528345,0.00020260855671949685,0.00020408358141496885
33,0.7662585034013606,0.00016162135580088943,0.0001627979867141239
34,0.7894784580498866,0.00016867542581167072,0.00016990341155235158
35,0.8126984126984127,0.00019569370488170534,0.0001971183882816693
36,0.8359183673469388,0.0003301461401861161,0.00033254966014486826
37,0.8591383219954648,0.0005789226270280778,0.0005831372820528217
38,0.8823582766439909,0.0002837260835804045,0.0002857916576450283
39,0.905578231292517,0.00017168444173876196,0.00017293433362631732
40,0.9287981859410431,0.00019120653450954705,0.00019259855054728857
41,0.9520181405895691,9.021365258377045e-05,9.087042329268982e-05
42,0.9752380952380952,0.00011956546222791076,0.00012043591909492185
43,0.9984580498866213,0.00032807860407046974,0.00033046707201523626
44,1.0216780045351475,0.0004676894168369472,0.0004710942752043086
45,1.0448979591836736,0.00016866529767867178,0.00016989320968482466
46,1.0681179138321995,0.0001351489481749013,0.00013613285546565328
47,1.0913378684807256,0.0002718274190556258,0.0002738063688221382
48,1.1145578231292517,0.00029896010528318584,0.0003011365856125143
49,1.1377777777777778,0.00018538578297011554,0.00018673542294829726
50,1.1609977324263039,0.00016392648103646934,0.00016511989365282478
51,1.18421768707483,0.0002213965344708413,0.00022300833883450656
52,1.207437641723356,0.00026584506849758327,0.0002677804657362412
53,1.230657596371882,0.00011331796122249216,0.00011414293522136982
54,1.253877551020408,0.00019874461577273905,0.0002001915103220287
55,1.2770975056689342,0.00019821341265924275,0.00019965643995966886
56,1.3003174603174603,0.00012553449778351933,0.00012644841024290633
57,1.3235374149659864,0.00023960613179951906,0.0002413505051236927
58,1.3467573696145125,0.00020633272652048618,0.00020783486380446643
59,1.3699773242630386,0.0002542177971918136,0.0002560685459210766
60,1.3931972789115645,0.0002462283882778138,0.00024802097275359615
61,1.4164172335600906,0.0001745797198964283,0.00017585068990058427
62,1.4396371882086167,0.00012006509496131912,0.00012093918923946613
63,1.4628571428571429,9.027742635225877e-05,9.09346613450414e-05
64,1.486077097505669,8.185498882085085e-05,8.245090703829068e-05
65,1.509297052154195,8.669390081195161e-05,8.732504713032487e-05
66,1.5325170068027212,0.00011308232205919921,0.000113905580564957
67,1.555736961451247,0.0001553407491883263,0.00015647165621898604
68,1.5789569160997732,0.00019823090406134725,0.00019967405870215067
69,1.6021768707482993,0.00024044702877290547,0.00024219752396982807
70,1.6253968253968254,0.00018642137001734227,0.00018777854924506855
71,1.6486167800453515,0.00015574577264487743,0.0001568796283150731
72,1.6718367346938776,0.0001590054453117773,0.0001601630319524743
73,1.6950566893424037,0.0002151087683159858,0.0002166747966743928
74,1.7182766439909296,0.0001111949750338681,0.00011200449333281349
75,1.7414965986394557,0.00011841030209325254,0.00011927234919833929
76,1.7647165532879818,0.00011671523679979146,0.00011756494354172289
77,1.787936507936508,7.682677096454427e-05,7.738608290220819e-05
78,1.811156462585034,6.755218782927841e-05,6.804397922691072e-05
79,1.8343764172335602,0.00012089287338312715,0.00012177299402874015
80,1.8575963718820863,0.00014478381490334868,0.0001458378656598661
81,1.8808163265306121,0.0001366135256830603,0.00013760809534675417
82,1.9040362811791383,0.00013937370385974646,0.0001403883680892397
83,1.9272562358276644,0.00012597005115821958,0.00012688713452013053
84,1.9504761904761905,6.857315747765824e-05,6.907238170768951e-05
85,1.9736961451247166,0.00010609035234665498,0.00010686270812568207
86,1.9969160997732427,0.00012770445027854294,0.0001286341603605476
87,2.020136054421769,8.989311754703522e-05,9.05475547064609e-05
88,2.043356009070295,0.0001966631243703887,0.00019809486530883587
89,2.066575963718821,0.00023936231445986778,0.00024110491275240902
90,2.089795918367347,0.0002050195907941088,0.00020651216822703306
91,2.1130158730158732,6.827249308116734e-05,6.87695284233399e-05
92,2.136235827664399,8.228154183598235e-05,8.288056543180025e-05
93,2.159455782312925,8.058189268922433e-05,8.116854255065658e-05
94,2.182675736961451,9.911881352309138e-05,9.984041531572867e-05
95,2.2058956916099772,0.00010427399683976546,0.00010503312924228863
96,2.2291156462585033,0.00011465998977655545,0.00011549473397118063
97,2.2523356009070294,8.422620157944039e-05,8.483938262839024e-05
98,2.2755555555555556,0.00013857675367034972,0.00013958561596714352
99,2.2987755102040817,0.00021798230591230094,0.00021956925411233043
100,2.3219954648526078,0.00017354273586533964,0.00017480615644967134
101,2.345215419501134,0.0002260614128317684,0.00022770717830198885
102,2.36843537414966,0.00010019541514338925,0.00010092485477862726
103,2.391655328798186,0.00011894559429492801,0.00011981153841813458
104,2.414875283446712,0.00011392554006306455,0.00011475493733906732
105,2.4380952380952383,7.881315832491964e-05,7.938693149985196e-05
106,2.461315192743764,0.00015133210399653763,0.0001524338274095407
107,2.48453514739229,0.00013838105951435864,0.0001393884971244683
108,2.507755102040816,7.830138201825321e-05,7.887142937477434e-05
109,2.5309750566893423,8.417612116318196e-05,8.478893761819789e-05
110,2.5541950113378684,0.00010239614493912086,0.00010314160626095159
111,2.5774149659863945,0.0002558706037234515,0.0002577333851649083
112,2.6006349206349206,0.00016433301789220423,0.00016552939016589862
113,2.6238548752834467,0.00016371282981708646,0.0001649046870162872
114,2.647074829931973,0.00020787466200999916,0.00020938802484616085
115,2.670294784580499,0.0002545773168094456,0.00025643068290257074
116,2.693514739229025,0.00010538803326198831,0.00010615527603882656
117,2.716734693877551,9.238456550519913e-05,9.305714082880345e-05
118,2.7399546485260773,0.00010675605153664947,0.00010753325371881419
119,2.7631746031746034,9.028000204125419e-05,9.093725578549005e-05
120,2.786394557823129,8.234573761001229e-05,8.294522856196544e-05
121,2.809614512471655,0.00012747263826895505,0.00012840066072016866
122,2.8328344671201813,9.851188951870427e-05,9.922907280153506e-05
123,2.8560544217687074,0.00010168969311052933,0.00010243001134309372
124,2.8792743764172335,0.00012869463535025716,0.00012963155414771546
125,2.9024943310657596,7.392563566099852e-05,7.446382684104529e-05
126,2.9257142857142857,0.0001759484293870628,0.0001772293638287149
127,2.948934240362812,6.933773693162948e-05,6.984252742990982e-05
128,2.972154195011338,6.839565321570262e-05,6.889358518456696e-05
129,2.995374149659864,7.655078661628067e-05,7.710808934102761e-05
130,3.01859410430839,0.0001206647721119225,0.00012154323214154996
131,3.0418140589569163,8.970117778517306e-05,9.035421759054137e-05
132,3.0650340136054424,9.22090548556298e-05,9.288035243190387e-05
133,3.0882539682539685,0.0001413155987393111,0.0001423444002932577
134,3.111473922902494,0.00013645540457218885,0.00013744882308734693
135,3.1346938775510202,0.0001790052920114249,0.00018030848093203192
136,3.1579138321995464,0.0001226061867782846,0.00012349878063633177
137,3.1811337868480725,0.00015779798559378833,0.000158946781722714
138,3.2043537414965986,8.693611016497016e-05,8.756901980856008e-05
139,3.2275736961451247,0.00011869539594044909,0.00011955951857715183
140,3.250793650793651,0.00011801841901615262,0.00011887761314589707
141,3.274013605442177,0.00022576814808417112,0.00022741177853723325
142,3.297233560090703,9.165964729618281e-05,9.232694509213573e-05
143,3.320453514739229,0.00015149835962802172,0.0001526012934102519
144,3.3436734693877552,0.000211883700103499,0.00021342624941770853
145,3.3668934240362813,0.00015722610987722874,0.00015837074265383441
146,3.3901133786848074,0.00017546569870319217,0.00017674311878349895
147,3.4133333333333336,0.00023346947273239493,0.00023516917013656667
148,3.436553287981859,0.00012810200860258192,0.00012903461297669022
149,3.4597732426303853,9.2848960775882e-05,9.352491697591035e-05
150,3.4829931972789114,9.652490552980453e-05,9.722762323180996e-05
151,3.5062131519274375,0.00013427273370325565,0.00013525026200387444
152,3.5294331065759637,0.00011919244570890442,0.00012006018695231963
153,3.5526530612244898,0.00010675023804651573,0.00010752739790548517
154,3.575873015873016,0.0001513886236352846,0.0001524907585208547
155,3.599092970521542,0.00010573089093668386,0.00010650062977561049
156,3.622312925170068,0.00019956759933847934,0.00020102048534786866
157,3.645532879818594,0.0001360903843306005,0.00013708114543642004
158,3.6687528344671203,0.00010655934602255002,0.00010733511615517187
159,3.6919727891156464,0.00010919225314864889,0.00010998719129221146
160,3.7151927437641725,0.00015836561215110123,0.00015951854069774606
161,3.7384126984126986,0.0001708974305074662,0.0001721415928196247
162,3.7616326530612243,0.00012006881297565997,0.00012094293432158269
163,3.7848526077097504,9.649950516177341e-05,9.720203794478664e-05
164,3.8080725623582765,0.00018828455358743668,0.00018965529710791832
165,3.8312925170068026,8.992813673103228e-05,9.058282883606365e-05
166,3.8545124716553287,7.08088991814293e-05,7.132439999068877e-05
167,3.877732426303855,0.0001508996938355267,0.00015199826922913516
168,3.900952380952381,0.00020533963106572628,0.00020683453844617014
169,3.924172335600907,0.00011273120617261156,0.00011355190849509618
170,3.947392290249433,0.00010543977987254038,0.00010620739937348993
171,3.9706122448979593,0.00010343408212065697,0.00010418709980140908
172,3.9938321995464854,0.0001421790657332167,0.00014321415347349402
173,4.017052154195011,0.00021600998297799379,0.00021758257233216475
174,4.040272108843538,0.0001366765791317448,0.00013767160783525147
175,4.063492063492063,0.0002023594279307872,0.0002038326389263758
176,4.08671201814059,0.0001287544146180153,0.00012969176861869327
177,4.1099319727891155,0.00013271119678393006,0.00013367735683063014
178,4.133151927437642,8.186828199541196e-05,8.246429698941975e-05
179,4.156371882086168,0.00011268251546425745,0.00011350286331011766
180,4.179591836734694,0.00011748597171390429,0.00011834128953687982
181,4.20281179138322,0.000148746621562168,0.00014982952222403878
182,4.2260317460317465,0.00019383928156457841,0.00019525046444791608
183,4.249251700680272,0.00013668363681063056,0.00013767871689523788
184,4.272471655328798,0.0001291720400331542,0.0001301124344177664
185,4.295691609977324,8.17396430647932e-05,8.233472154554344e-05
186,4.31891156462585,9.177315223496407e-05,9.244127636614425e-05
187,4.342131519274377,0.00013325230975169688,0.00013422240919268226
188,4.365351473922902,0.00019769929349422455,0.00019913857791983286
189,4.388571428571429,0.00010183510312344879,0.00010257647996559758
190,4.4117913832199545,0.0001372857514070347,0.00013828521498814177
191,4.435011337868481,0.00013533404853660613,0.000136319303389421
192,4.458231292517007,0.00019290480122435838,0.00019430918093214623
193,4.481451247165533,0.0001081544833141379,0.00010894186631709385
194,4.504671201814059,0.00011618463759077713,0.00011703048148037218
195,4.527891156462585,0.00016028183745220304,0.00016144871644441136
196,4.551111111111111,0.00012236033217050135,0.0001232511361652582
197,4.574331065759637,0.00018118535808753222,0.00018250441825934445
198,4.597551020408163,8.198828436434269e-05,8.258517299597247e-05
199,4.620770975056689,8.531079947715625e-05,8.593187658296418e-05
200,4.6439909297052155,0.00011266541696386412,0.00011348564032973817
201,4.667210884353741,0.0006120475591160357,0.0006165033692709314
202,4.690430839002268,0.0002619682636577636,0.00026387543709891344
203,4.713650793650793,0.000238743654335849,0.00024048174867764003
204,4.73687074829932,0.00023713958216831088,0.0002388659985923538
205,4.760090702947846,0.00021694094175472856,0.00021852030864686923
206,4.783310657596372,8.91392701305449e-05,8.978821915277664e-05
207,4.806530612244898,0.00016022678755689412,0.0001613932657765172
208,4.829750566893424,8.688600792083889e-05,8.751855281158427e-05
209,4.85297052154195,0.00017686111095827073,0.00017814868987673285
210,4.876190476190477,0.0001627679303055629,0.00016395290847587762
211,4.899410430839002,0.00025158855714835227,0.00025342016456365884
212,4.922630385487528,0.00022605957929044962,0.00022770533141217792
213,4.9458503401360545,0.0003244604158680886,0.00032682254278838016
214,4.96907029478458,0.00032452831510454416,0.0003268909363428063
215,4.992290249433107,0.0001920930080814287,0.00019349147779729506
216,5.015510204081632,0.0001975740015041083,0.00019901237378275422
217,5.038730158730159,0.0002287400420755148,0.00023040530842145595
218,5.061950113378685,0.0004291023360565305,0.00043222627392379626
219,5.085170068027211,0.0003176644677296281,0.00031997711899353236
220,5.108390022675737,0.0004925020039081573,0.000496087502122528
221,5.131609977324263,0.0003007323248311877,0.00030292170721974516
222,5.154829931972789,0.00015961550525389612,0.0001607775332345588
223,5.178049886621316,0.00023233378306031227,0.00023402521245083325
224,5.201269841269841,0.0001167433729278855,0.00011759328450560692
225,5.224489795918367,0.00014046533033251762,0.00014148794178808877
226,5.2477097505668935,0.00020047453290317208,0.00020193402154290797
227,5.270929705215419,0.00019520970818120986,0.00019663086800301248
228,5.294149659863946,0.00017006833513733,0.00017130646149441503
229,5.317369614512471,0.0001759812148520723,0.0001772623879774766
230,5.340589569160998,0.0001516429183539003,0.00015274690454820068
231,5.363809523809524,0.00015172289567999542,0.00015282746412280976
232,5.38702947845805,0.000163302815053612,0.00016449168727571492
233,5.410249433106576,0.0003562419442459941,0.0003588354460893209
234,5.433469387755102,0.00012546105426736176,0.00012637443204548056
235,5.456689342403628,0.00013029034016653895,0.00013123887596600749
236,5.479909297052155,0.00018133132834918797,0.00018265145120929054
237,5.50312925170068,0.00019854900892823935,0.00019999447942648736
238,5.526349206349207,0.0002036624646279961,0.00020514516195199354
239,5.5495691609977325,0.00017452558677177876,0.00017579616267759558
240,5.572789115646258,0.00019636331126093864,0.00019779286950904134
241,5.596009070294785,0.00021279824431985617,0.00021434745167124867
242,5.61922902494331,0.0001391980767948553,0.00014021146242949498
243,5.642448979591837,0.00018944191106129438,0.00019082108034070285
244,5.6656689342403626,0.00015430024359375238,0.00015542357556700773
245,5.688888888888889,0.000298089551506564,0.00030025969405658026
246,5.712108843537415,0.0002528380719013512,0.00025467877599622484
247,5.735328798185941,0.00036050050402991474,0.000363125008911564
248,5.758548752834467,0.00015451674698852003,0.00015564165514325116
249,5.7817687074829935,0.00019359275756869465,0.00019500214571548297
250,5.804988662131519,0.0003254801267758012,0.0003278496773646459
251,5.828208616780046,0.00028127862606197596,0.00028332638222029185
252,5.851428571428571,0.00026208366034552455,0.0002639916738941554
253,5.874648526077097,0.00011207856005057693,0.00011289451099847504
254,5.897868480725624,0.0001842342462623492,0.00018557550285776958
255,5.921088435374149,0.00047775820712558925,0.0004812363679959137
256,5.944308390022676,0.00021233576990198344,0.00021388161036108654
257,5.9675283446712015,0.00017942451813723892,0.00018073075909522568
258,5.990748299319728,0.0002307047980139032,0.00023238436811668772
259,6.013968253968254,0.00036709345295093954,0.00036976595562020426
260,6.03718820861678,0.00013988108548801392,0.0001408994435419134
261,6.060408163265306,0.00021621494670398533,0.000217789028228884
262,6.0836281179138325,0.00016339488502126187,0.0001645844275283626
263,6.106848072562358,0.0001530989247839898,0.00015421351095232838
264,6.130068027210885,0.0001629186881473288,0.00016410476386032996
265,6.15328798185941,0.0001691798388492316,0.00017041149680247427
266,6.176507936507937,0.00011945102596655488,0.00012032064971815224
267,6.199727891156463,8.696254371898249e-05,8.759564580333399e-05
268,6.222947845804988,0.0002031752374023199,0.00020465438762938418
269,6.246167800453515,0.00012716562196146697,0.00012809140928183126
270,6.2693877551020405,0.000173525681020692,0.00017478897744285877
271,6.292607709750567,0.0001208140529342927,0.00012169359975365462
272,6.315827664399093,9.000916907098144e-05,9.066445110520678e-05
273,6.339047619047619,0.00010166004358325154,0.00010240014596222291
274,6.362267573696145,0.0001233284710906446,0.00012422632330112826
275,6.3854875283446715,0.00020253508409950882,0.0002040095739018318
276,6.408707482993197,0.0001683879381744191,0.0001696138309562859
277,6.431927437641724,0.00016923710063565522,0.00017046917546442603
278,6.455147392290249,0.00011547576286830008,0.0001163164460295499
279,6.478367346938776,9.271548333344981e-05,9.339046779503301e-05
280,6.501587301587302,9.828255861066282e-05,9.899807232554311e-05
281,6.524807256235827,0.0001367472723359242,0.00013774281569796086
282,6.548027210884354,0.0002531910140533,0.00025503428762696875
283,6.5712471655328795,0.0002744482771959156,0.0002764463072547061
284,6.594467120181406,0.00013635250797960907,0.0001373451773901015
285,6.617687074829932,0.00012225467071402818,0.0001231447054754408
286,6.640907029478458,0.0001537718198960647,0.00015489130485507553
287,6.664126984126984,0.00018609320977702737,0.00018744799994248315
288,6.6873469387755105,0.0002596599224489182,0.0002615502907741156
289,6.710566893424036,0.00030328697175718844,0.0003054949524091414
290,6.733786848072563,0.0002118340926244855,0.00021337628078782456
291,6.757006802721088,0.00018833305512089282,0.0001897041517407735
292,6.780226757369615,0.0002037444937741384,0.00020522778828424817
293,6.8034467120181406,0.00022776024707127362,0.00022941838034321653
294,6.826666666666667,0.0002539993147365749,0.00025584847287646583
295,6.849886621315193,0.0002703361678868532,0.0002723042610916453
296,6.873106575963718,0.0003353855572640896,0.00033782722106881263
297,6.896326530612245,0.0003547962987795472,0.0003573792760784104
298,6.919546485260771,0.0003490123781375587,0.00035155324751204927
299,6.942766439909297,0.00022362415620591491,0.00022525217803405753
300,6.965986394557823,0.000344448781106621,0.00034695642671983616
301,6.989206349206349,0.0001398653257638216,0.000140883569084253
302,7.012426303854875,0.00018110862583853304,0.00018242712738654357
303,7.035646258503402,0.00017370047862641513,0.0001749650476048319
304,7.058866213151927,0.00014195147377904505,0.0001429849046112513
305,7.082086167800454,0.00011749660916393623,0.0001183520044293542
306,7.1053061224489795,0.0001012267530313693,0.00010196370098155104
307,7.128526077097506,0.00010754100367194042,0.00010832392043893347
308,7.151746031746032,0.000241396643104963,0.00024315405165546572
309,7.174965986394557,0.00019113397866021842,0.00019252546647905696
310,7.198185941043084,0.00017553805082570761,0.00017681599764175155
311,7.22140589569161,0.0003035551926586777,0.00030576512600433695
312,7.244625850340136,0.00029224721947684884,0.00029437482885767165
313,7.267845804988662,0.00017823424423113465,0.0001795318197929787
314,7.291065759637188,0.0001234578958246857,0.00012435669026920925
315,7.314285714285714,0.00012059180153300986,0.00012146973032443256
316,7.337505668934241,0.00011046794679714367,0.00011127217220707767
317,7.360725623582766,0.00010877413296839222,0.00010956602712604649
318,7.383945578231293,9.898593998514116e-05,9.970657443586049e-05
319,7.4071655328798185,0.00010817601287271827,0.00010896355261451637
320,7.430385487528345,0.000142684715683572,0.0001437234846413463
321,7.453605442176871,0.0001208722242154181,0.00012175219453158399
322,7.476825396825397,0.00012104753841413185,0.0001219287850474324
323,7.500045351473923,8.021284884307534e-05,8.079681200264467e-05
324,7.523265306122449,7.358302536886185e-05,7.411872228780728e-05
325,7.546485260770975,7.44245044188574e-05,7.496632744816835e-05
326,7.569705215419501,7.879265467636287e-05,7.936627858125222e-05
327,7.592925170068027,9.522175969323143e-05,9.59149902722749e-05
328,7.616145124716553,8.756589522818103e-05,8.820338981396745e-05
329,7.63936507936508,0.0001959888031706214,0.0001974156349362358
330,7.662585034013605,0.0001353993284283206,0.00013638505852983152
331,7.685804988662132,0.0001093000391847454,0.00011009576202895262
332,7.7090249433106575,0.00011553602962521836,0.00011637715153869174
333,7.732244897959184,0.00016109623538795859,0.00016226904333542245
334,7.75546485260771,0.00011307466047583148,0.00011389786320396143
335,7.778684807256236,0.00018774355703499168,0.00018911036200871132
336,7.801904761904762,0.00016689958283677697,0.00016811464013906578
337,7.825124716553288,0.0002642825129441917,0.0002662065345131019
338,7.848344671201814,0.0002220950846094638,0.00022371197453675078
339,7.87156462585034,0.00024060685245785862,0.00024235851119834545
340,7.894784580498866,0.0001454223965993151,0.00014648109633900913
341,7.918004535147392,0.00012029477511532605,0.0001211705415039935
342,7.9412244897959186,0.00012764018902089447,0.00012856943127003198
343,7.964444444444444,0.00014051867765374482,0.00014154167748687277
344,7.987664399092971,0.00022172025637701154,0.0002233344174911211
345,8.010884353741497,0.0002587305789347738,0.0002606141814813874
346,8.034104308390022,0.0003363281721249223,0.0003387766983258864
347,8.057324263038549,0.0001601435651537031,0.00016130943750009995
348,8.080544217687075,0.0001353222323814407,0.0001363074012106396
349,8.103764172335602,0.00012745195999741554,0.0001283798319073012
350,8.126984126984127,0.0003186043177265674,0.0003209238112580342
351,8.150204081632653,0.0001466967078158632,0.00014776468475758935
352,8.17342403628118,0.0001585215941304341,0.0001596756582523739
353,8.196643990929704,0.00024043025041464716,0.0002421806234622727
354,8.219863945578231,0.00015059259021654725,0.00015168892984366393
355,8.243083900226758,0.00022867244842927903,0.0002303372226819983
356,8.266303854875284,0.0002016790531342849,0.0002031473108858286
357,8.289523809523809,0.0002950733760371804,0.00029722156031763855
358,8.312743764172335,0.0002489509352017194,0.0002507633402813912
359,8.335963718820862,0.0004746259073726833,0.00047808126456894796
360,8.359183673469389,0.00023242369934450835,0.0002341157833408459
361,8.382403628117913,0.0001331203820882365,0.00013408952107343082
362,8.40562358276644,0.00012315706408116966,0.00012405366841951977
363,8.428843537414966,0.00013466265227179974,0.000135643019245805
364,8.452063492063493,0.0001240465062437579,0.00012494958587207726
365,8.475283446712018,0.00029583158902823925,0.00029798529322801545
366,8.498503401360544,0.00022695487132295966,0.00022860714132270357
367,8.52172335600907,0.00021481940348166972,0.0002163833252149493
368,8.544943310657596,0.00015151899424381554,0.00015262207824955242
369,8.568163265306122,0.00014538687537424266,0.00014644531651338672
370,8.591383219954649,0.0002124509628629312,0.00021399764194634954
371,8.614603174603175,0.0002471344778314233,0.0002489336587930083
372,8.6378231292517,0.0003092129190918058,0.0003114640416465696
373,8.661043083900227,0.00018228069529868662,0.00018360772971138227
374,8.684263038548753,0.00018296668713446707,0.00018429871568420732
375,8.70748299319728,0.0001954713516170159,0.00019689441624745776
376,8.730702947845804,0.00019339995924383402,0.00019480794378608056
377,8.753922902494331,0.00021069472131785005,0.00021222861466461368
378,8.777142857142858,0.00027492493973113596,0.0002769264399741193
379,8.800362811791382,0.0002468370657879859,0.00024863408153939467
380,8.823582766439909,0.00013948095147497952,0.0001404963964853221
381,8.846802721088435,0.00011662622273433954,0.00011747528143876006
382,8.870022675736962,0.00013349903747439384,0.00013447093313509435
383,8.893242630385487,0.00014611489314120263,0.0001471786343733062
384,8.916462585034013,9.166576637653634e-05,9.233310872043325e-05
385,8.93968253968254,9.656134352553636e-05,9.726432650233783e-05
386,8.962902494331066,0.00020685493655037135,0.00020836087561203946
387,8.986122448979591,8.027000876609236e-05,8.08543880596069e-05
388,9.009342403628118,9.504227637080476e-05,9.573420028078501e-05
389,9.032562358276644,0.0001506949047325179,0.00015179198922668366
390,9.05578231292517,0.000113837028038688,0.00011466578093212414
391,9.079002267573696,0.0001086373595171608,0.00010942825794086623
392,9.102222222222222,0.00014726324297953397,0.00014833534439344826
393,9.125442176870749,0.00011142933362862095,0.00011224055809792979
394,9.148662131519274,0.00017780585039872676,0.0001791003071807304
395,9.1718820861678,0.00016385462367907166,0.000165047513161664
396,9.195102040816327,0.0001191976698464714,0.00012006544912249516
397,9.218321995464853,0.00026809825794771314,0.00027005005878815537
398,9.241541950113378,0.0001199774123961106,0.00012085086833029455
399,9.264761904761905,0.00015954692207742482,0.0001607084507609175
400,9.287981859410431,0.00012210998102091253,0.0001229989624167912
401,9.311201814058958,8.820770017337054e-05,8.884986720813522e-05
402,9.334421768707482,8.167147461790591e-05,8.226605682078793e-05
403,9.357641723356009,7.64725700719282e-05,7.702930336695124e-05
404,9.380861678004536,0.00024120994203258306,0.00024296599136757737
405,9.404081632653062,0.00021947069035377353,0.0002210684742452618
406,9.427301587301587,0.00015705701662227511,0.000158200418371273
407,9.450521541950113,0.00012694983161054552,0.0001278740479405143
408,9.47374149659864,0.00010931472206721082,0.00011011055180529551
409,9.496961451247165,0.00010365283378632739,0.0001044074440163492
410,9.520181405895691,0.00011870676826220006,0.00011957097369133615
411,9.543401360544218,0.0001588931045262143,0.00016004987330691718
412,9.566621315192744,0.00012797044473700225,0.00012890209130382983
413,9.58984126984127,0.00011890215682797134,0.00011976778471904286
414,9.613061224489796,0.0001120987071772106,0.00011291480479961155
415,9.636281179138322,9.33453266043216e-05,9.402489643186296e-05
416,9.659501133786849,0.00021366894361563027,0.00021522448980573912
417,9.682721088435374,0.00011130189523100853,0.00011211219192714395
418,9.7059410430839,0.00018893445667345077,0.00019030993159875094
419,9.729160997732427,0.00024765689158812165,0.00024945987581056025
420,9.752380952380953,0.00014016397472005337,0.00014118439225559618
421,9.775600907029478,0.0003185249224770814,0.0003208438379976508
422,9.798820861678005,0.0002777860499918461,0.00027980837960333855
423,9.822040816326531,0.00011824053945019841,0.00011910135065441835
424,9.845260770975056,0.00011008401634171605,0.00011088544667274387
425,9.868480725623582,0.0001353180268779397,0.00013630316509035903
426,9.891700680272109,0.0001597816590219736,0.0001609448966302805
427,9.914920634920636,0.00012892202357761562,0.00012986059779997918
428,9.93814058956916,8.858249202603474e-05,8.922738760912578e-05
429,9.961360544217687,0.00010614558414090425,0.00010691834201677172
430,9.984580498866213,0.00010591978207230568,0.000106690896070773
431,10.00780045351474,0.00011059243115596473,0.00011139756283316816
432,10.031020408163265,0.00010760832083178684,0.00010839172767913391
433,10.054240362811791,0.00017999579722527415,0.00018130619719202391
434,10.077460317460318,9.072649118024856e-05,9.138699544122932e-05
435,10.100680272108843,0.00012271366722416133,0.00012360704355810444
436,10.12390022675737,0.00010725158062996343,0.0001080323903480674
437,10.147120181405896,0.0001780404127202928,0.0001793365771558257
438,10.170340136054422,0.00016618873632978648,0.000167398618548804
439,10.193560090702947,0.00015838038234505802,0.0001595334184212228
440,10.216780045351474,0.00019060772319789976,0.00019199537978761543
441,10.24,0.00019250708282925189,0.00019390856707959152
442,10.263219954648527,0.00010787951032398269,0.00010866489147688041
443,10.286439909297052,0.0001575006463099271,0.0001586472777583786
444,10.309659863945578,0.00013144940021447837,0.00013240637416790213
445,10.332879818594105,0.0001405258954036981,0.00014154894778327127
446,10.356099773242631,0.0001014581648632884,0.00010219679753089981
447,10.379319727891156,0.00010926983668468893,0.0001100653396495674
448,10.402539682539683,0.0001383975613862276,0.00013940511913276647
449,10.425759637188209,0.00013495910388883203,0.0001359416290809462
450,10.448979591836734,0.00015349886962212622,0.00015461636745679633
451,10.47219954648526,0.00020340831542853266,0.00020488916250320396
452,10.495419501133787,0.0002634033153299242,0.00026532093619091644
453,10.518639455782314,0.00019380713638383895,0.00019521808524480266
454,10.541859410430838,0.0001941468653967604,0.0001955602875426235
455,10.565079365079365,0.00012259154755156487,0.00012348403483355578
456,10.588299319727891,0.00010940036008832976,0.00011019681328574937
457,10.611519274376418,7.04294434399344e-05,7.094218174696492e-05
458,10.634739229024943,9.245258115697652e-05,9.312565164607471e-05
459,10.65795918367347,0.0001349349186057225,0.00013591726772486901
460,10.681179138321996,8.895147038856521e-05,8.95990521967873e-05
461,10.704399092970522,8.378926577279344e-05,8.439926585488002e-05
462,10.727619047619047,0.00016578867507632822,0.0001669956447814909
463,10.750839002267574,0.00016438070451840758,0.00016557742395883782
464,10.7740589569161,0.00014159228885546327,0.0001426231047604369
465,10.797278911564625,0.00011376366455806419,0.0001145918833529044
466,10.820498866213152,0.00012337154475972056,0.00012426971055382892
467,10.843718820861678,0.00012175890151411295,0.00012264532699156948
468,10.866938775510205,0.0001669235061854124,0.00016813873765374142
469,10.89015873015873,0.00020456613856367767,0.00020605541478736905
470,10.913378684807256,0.00014534403453581035,0.00014640216378637632
471,10.936598639455783,0.00012119375605834648,0.00012207606718092439
472,10.95981859410431,9.244602551916614e-05,9.311904828210794e-05
473,10.983038548752834,0.0001496366603532806,0.0001507260406486776
474,11.00625850340136,0.00010508191189728677,0.00010584692605861116
475,11.029478458049887,0.00012426351895555854,0.00012516817847326817
476,11.052698412698414,0.00014407657727133483,0.00014512547921780356
477,11.075918367346938,0.00017328379908576608,0.00017454533456637552
478,11.099138321995465,0.00020710573880933225,0.00020861350375403137
479,11.122358276643991,0.00022547130356542766,0.0002271127729399897
480,11.145578231292516,0.0002645986678544432,0.00026652499108478257
481,11.168798185941043,0.00043846064363606274,0.00044165271157153065
482,11.19201814058957,0.00025874993298202753,0.00026063367642939147
483,11.215238095238096,0.00020117881649639457,0.00020264343244027518
484,11.23845804988662,0.00016886561934370548,0.00017009498972559404
485,11.261678004535147,0.00014463451225310564,0.00014568747606097797
486,11.284897959183674,0.00016212672926485538,0.000163307039382719
487,11.3081179138322,0.00023075782519299537,0.0002324377813426476
488,11.331337868480725,0.00019195898494217545,0.00019335647894683117
489,11.354557823129252,0.0003494704142212868,0.0003520146181762406
490,11.377777777777778,0.00022923560754861683,0.00023090448169534825
491,11.400997732426303,0.00019457389134913683,0.00019599042231644145
492,11.42421768707483,0.0003401530266273767,0.00034262939841857185
493,11.447437641723356,0.00015609759429935366,0.00015723401129093256
494,11.470657596371883,0.0003221366787329316,0.000324481888452313
495,11.493877551020407,0.00014781659410800785,0.00014889272401209542
496,11.517097505668934,0.00013041059719398618,0.00013136000848503393
497,11.54031746031746,0.0001141428729170002,0.00011497385241308234
498,11.563537414965987,0.00015568584785796702,0.00015681926726553885
499,11.586757369614512,0.0001547561405459419,0.0001558827915264196
500,11.609977324263038,0.00037086362135596573,0.0003735635714913866
501,11.633197278911565,0.0002001383254537359,0.0002015953664461525
502,11.656417233560092,0.00016541800869163126,0.00016662227988257488
503,11.679637188208616,0.0001329995720880106,0.00013396783155588996
504,11.702857142857143,0.00017376901814714074,0.00017503408610490626
505,11.72607709750567,0.00011904025450348854,0.00011990688776908656
506,11.749297052154194,0.00012736383359879255,0.00012829106393353254
507,11.77251700680272,0.00021954940166324377,0.00022114775858643004
508,11.795736961451247,0.00013782283349428326,0.00013882620712418105
509,11.818956916099774,0.00012494037218857557,0.00012584995931274996
510,11.842176870748299,7.677741814404726e-05,7.733637078479796e-05
511,11.865396825396825,0.0002255860308650881,0.00022722833547387215
512,11.888616780045352,9.234645403921604e-05,9.301875190487675e-05
513,11.911836734693878,0.00010633258352754638,0.00010710670279070076
514,11.935056689342403,0.00013660715194419026,0.00013760167520598292
515,11.95827664399093,0.00012855164823122323,0.000129487526058176
516,11.981496598639456,0.00011539911065483466,0.00011623923577495506
517,12.004716553287983,0.0001251467620022595,0.00012605785167932212
518,12.027936507936507,0.0001277681003557518,0.0001286982738211262
519,12.051156462585034,0.00017213437240570784,0.00017338753986491593
520,12.07437641723356,0.00015611725393682718,0.00015725381405390506
521,12.097596371882085,0.00012796283408533782,0.00012889442524532902
522,12.120816326530612,0.00013294130621943623,0.00013390914150189894
523,12.144036281179138,8.380771760130301e-05,8.441785201583423e-05
524,12.167256235827665,0.00010867391392821446,0.00010946507847423923
525,12.19047619047619,0.00017439886869397014,0.00017566852207066404
526,12.213696145124716,9.303331898991019e-05,9.371061734904033e-05
527,12.236916099773243,9.725404379423708e-05,9.79620697466139e-05
528,12.26013605442177,0.00011938476382056251,0.00012025390517248586
529,12.283356009070294,0.00014211665256880224,0.00014315128593064496
530,12.30657596371882,0.00016792910173535347,0.0001691516541100343
531,12.329795918367347,0.0001276224065804854,0.00012855151937043733
532,12.353015873015874,0.0003530809481162578,0.0003556514373710289
533,12.376235827664399,0.00020264445629436523,0.00020411974234483795
534,12.399455782312925,0.0002220382884843275,0.00022365476492617958
535,12.422675736961452,0.00022062835341785103,0.00022223456529301482
536,12.445895691609977,0.00017462258983869106,0.00017589387194330593
537,12.469115646258503,0.00014083499263506383,0.00014186029529496548
538,12.49233560090703,0.0002224998752353713,0.00022411971210714755
539,12.515555555555556,0.0001426746603101492,0.0001437133560630976
540,12.538775510204081,0.00018287873535882682,0.00018421012360470636
541,12.561995464852608,8.975138916866854e-05,9.04047945214345e-05
542,12.585215419501134,0.0001850105618359521,0.00018635747014056526
543,12.60843537414966,9.966549259843305e-05,0.00010039107430756391
544,12.631655328798185,0.00015252159209921956,0.000153631975187583
545,12.654875283446712,0.0001024469529511407,0.00010319278416392605
546,12.678095238095239,0.00012427492765709758,0.00012517967023209156
547,12.701315192743763,0.00013541130465455353,0.000136397121945025
548,12.72453514739229,0.00012510661326814443,0.00012601741065560552
549,12.747755102040816,0.00015826353046577424,0.0001594157158404166
550,12.770975056689343,0.00014164498134050518,0.000142676180855717
551,12.794195011337868,0.00015394386718980968,0.0001550646046823323
552,12.817414965986394,0.00018630933482199907,0.0001876656984144799
553,12.84063492063492,0.00023164077720139176,0.0002333271613915887
554,12.863854875283447,0.0002067561581498012,0.0002082613780879408
555,12.887074829931972,0.00015146681107580662,0.00015256951517921978
556,12.910294784580499,0.00011581967555684969,0.00011666286246086789
557,12.933514739229025,0.0002085159794660285,0.0002100340112021646
558,12.956734693877552,0.00012289722508285195,0.00012379193774917412
559,12.979954648526077,0.0003285329439677298,0.0003309247195840944
560,13.003174603174603,0.00019073041039519012,0.00019211896016853414
561,13.02639455782313,0.0001447771501261741,0.000145831152361982
562,13.049614512471654,0.00016503914957866073,0.00016624066261093236
563,13.072834467120181,0.00043458910658955574,0.0004377529890779453
564,13.096054421768708,0.00029134564101696014,0.00029346668675350865
565,13.119274376417234,0.00026557271485216916,0.00026750612931004334
566,13.142494331065759,0.0003096033469773829,0.0003118573119134476
567,13.165714285714285,0.0001603627169970423,0.00016153018480607025
568,13.188934240362812,0.0001626527518965304,0.00016383689154847024
569,13.212154195011339,0.0002738010371103883,0.000275794355151456
570,13.235374149659863,0.00021123835176695138,0.0002127762028356919
571,13.25859410430839,0.00019269708718638867,0.00019409995470071064
572,13.281814058956916,0.00023762079945299774,0.00023935071922058298
573,13.305034013605443,0.00011634193651843816,0.00011718892557093565
574,13.328253968253968,0.00011830151925096288,0.00011916277439848664
575,13.351473922902494,0.0001319106377195567,0.00013287096956033468
576,13.374693877551021,0.0002390111330896616,0.0002407511747221978
577,13.397913832199546,0.00015397314564324915,0.0001550940962878842
578,13.421133786848072,0.00016525124374311417,0.00016645430085691622
579,13.444353741496599,0.00017274642596021295,0.0001740040492732234
580,13.467573696145125,0.00013736508844885975,0.0001383651296171026
581,13.49079365079365,0.00013341163867153227,0.0001343828980541078
582,13.514013605442177,0.00012596700980793685,0.00012688407102830134
583,13.537233560090703,0.00015356151561718434,0.00015467946952533564
584,13.56045351473923,0.0002985826868098229,0.0003007564194685803
585,13.583673469387755,0.00019107940897811204,0.00019247049952039904
586,13.606893424036281,0.00018089059449266642,0.00018220750873545772
587,13.630113378684808,0.00014512185589410365,0.00014617836764643249
588,13.653333333333334,0.00013428673264570534,0.00013526436286100216
589,13.676553287981859,0.00012001719733234495,0.0001208909429076201
590,13.699773242630386,8.45955655677244e-05,8.521143564922628e-05
591,13.722993197278912,0.00013134682376403362,0.00013230305094348084
592,13.746213151927437,0.00019493006402626634,0.00019634918799113792
593,13.769433106575963,0.00014568115875590593,0.00014674174232803727
594,13.79265306122449,0.00011067017476307228,0.00011147587242693618
595,13.815873015873017,0.00011840588558698073,0.00011926790053915191
596,13.839092970521541,0.00011833781900350004,0.00011919933841938591
597,13.862312925170068,0.0001447412942070514,0.00014579503540567982
598,13.885532879818594,0.00017646791820880026,0.00017775263461728284
599,13.908752834467121,0.0001608261081855744,0.00016199694956113783
600,13.931972789115646,0.0001047848054440692,0.00010554765661996605
601,13.955192743764172,0.00016324108582921326,0.00016442950865208105
602,13.978412698412699,0.00019019810133613646,0.00019158277580914548
603,14.001632653061224,0.00012539754970930517,0.00012631046516345837
604,14.02485260770975,0.0003517917066346854,0.00035435280999255984
605,14.048072562358277,0.00014137491234578192,0.00014240414571285498
606,14.071292517006803,0.00015453455853275955,0.0001556595963585571
607,14.094512471655328,0.00021398623357526958,0.00021554408969015986
608,14.117732426303855,0.00027388319722376764,0.0002758771134044114
609,14.140952380952381,0.0002584565954748541,0.00026033820337535767
610,14.164172335600908,0.0002366466651437804,0.00023836949304818834
611,14.187392290249432,0.00013815717829857022,0.00013916298601541433
612,14.210612244897959,0.0001090032747015357,0.00010979683704991509
613,14.233832199546486,0.0001920626382343471,0.00019346088685256999
614,14.257052154195012,0.00012607453390955925,0.00012699237792364096
615,14.280272108843537,0.0001424557267455384,0.00014349282862496194
616,14.303492063492063,0.0002115688839694485,0.00021310914136874696
617,14.32671201814059,0.00021190351981204003,0.00021344621341709308
618,14.349931972789115,0.0003042844182346016,0.0003064996604662747
619,14.373151927437641,0.0002692605194170028,0.00027122078171829125
620,14.396371882086168,0.0003260481753386557,0.0003284218614174916
621,14.419591836734694,0.00022628868464380503,0.00022793610469140743
622,14.44281179138322,0.0003058541042264551,0.00030808077403867866
623,14.466031746031746,0.00030317396158352494,0.00030538111950222476
624,14.489251700680272,0.0002085634769173339,0.00021008185444298046
625,14.512471655328799,0.00037714734207838774,0.0003798930387676318
626,14.535691609977324,0.0002579241700004786,0.0002598019017531239
627,14.55891156462585,0.00020993831276427954,0.00021146669932833642
628,14.582131519274377,0.00014187036140356213,0.00014290320172390215
629,14.605351473922903,0.0001569169107824564,0.0001580592925371507
630,14.628571428571428,0.0001640511181904003,0.00016524543818639953
631,14.651791383219955,0.00017742771888151765,0.00017871942280187
632,14.675011337868481,0.0002474421344231814,0.0002492435551769939
633,14.698231292517006,0.00022050975530873984,0.00022211510376953157
634,14.721451247165533,0.00012350197357591242,0.00012440108891394923
635,14.744671201814059,0.00012332441110629588,0.00012422223375940412
636,14.767891156462586,0.0001199383259518072,0.00012081149733003983
637,14.79111111111111,0.00014261795149650425,0.00014365623439966028
638,14.814331065759637,0.00010536536137806252,0.00010613243909973614
639,14.837551020408164,0.00013481429778039455,0.0001357957687594515
640,14.86077097505669,9.71024128375575e-05,9.780933489082304e-05
641,14.883990929705215,9.437809785595164e-05,9.50651864335675e-05
642,14.907210884353741,0.0001529324654256925,0.00015404583974163818
643,14.930430839002268,0.00011676673602778465,0.00011761681769284035
644,14.953650793650795,0.0002003504487220198,0.00020180903400784765
645,14.97687074829932,0.00023496980429627,0.00023668042436898024
646,15.000090702947846,0.000254138809395954,0.0002559889830806512
647,15.023310657596372,0.00015008683840278536,0.00015117949607082215
648,15.046530612244897,0.00012523432087618858,0.00012614604799672074
649,15.069750566893424,0.00013999764632899314,0.00014101685296560678
650,15.09297052154195,0.00011381744843674824,0.00011464605878735767
651,15.116190476190477,0.00010027958342107013,0.00010100963581566126
652,15.139410430839002,0.00012670119758695364,0.0001276236038190131
653,15.162630385487528,0.00027206999948248267,0.0002740507152756923
654,15.185850340136055,0.0002584813046269119,0.000260363092414238
655,15.209070294784581,0.0002875378995668143,0.0002896312242990584
656,15.232290249433106,0.00021683886006940156,0.00021841748378953975
657,15.255510204081633,0.00016027163655962795,0.00016143844128760622
658,15.27873015873016,0.00018712285964284092,0.00018848514583415246
659,15.301950113378684,0.00016062363283708692,0.0001617930001577334
660,15.32517006802721,0.00018966398783959448,0.0001910447738756572
661,15.348390022675737,0.00015045558393467218,0.0001515509261327934
662,15.371609977324264,0.0001658298569964245,0.00016703712651295808
663,15.394829931972788,9.316529758507386e-05,9.384355677078651e-05
664,15.418049886621315,0.00023086924920789897,0.00023255001654329927
665,15.441269841269841,0.00023162418801803142,0.00023331045143615669
666,15.464489795918368,0.00018959013686981052,0.00019097038525827347
667,15.487709750566893,0.00019684371363837272,0.00019827676929735455
668,15.51092970521542,0.000273826124612242,0.000275819625294583
669,15.534149659863946,0.00026022744714282453,0.0002621219471441582
670,15.557369614512472,0.0001999658124987036,0.00020142159756751519
671,15.580589569160997,0.0001987998839467764,0.00020024718085775748
672,15.603809523809524,0.0001999703818000853,0.00020142620013418683
673,15.62702947845805,0.00025526562239974737,0.0002571239994744429
674,15.650249433106575,0.00018441469001118094,0.00018575726026773186
675,15.673469387755102,0.00021645099332090467,0.00021802679330525478
676,15.696689342403628,0.0001595963112777099,0.00016075819952296685
677,15.719909297052155,0.00022345519391819835,0.0002250819856721969
678,15.74312925170068,0.00040175957838073373,0.0004046844563293706
679,15.766349206349206,0.0002464429708197713,0.0002482371174928948
680,15.789569160997733,0.00031186325941234827,0.00031413367689466843
681,15.81278911564626,0.000260715838521719,0.00026261389409521895
682,15.836009070294784,0.00014227113570086658,0.00014330689372614168
683,15.85922902494331,0.00014704126806464046,0.0001481117534634834
684,15.882448979591837,0.00012628741387743503,0.00012720680769382948
685,15.905668934240364,0.0001458573096897453,0.0001469191756705851
686,15.928888888888888,0.00011815170728368685,0.00011901187177465105
687,15.952108843537415,0.00017563087749294937,0.0001769095001028926
688,15.975328798185942,0.00023193471133708954,0.00023362323541770383
689,15.998548752834466,0.00027333409525454044,0.00027532401387961173
690,16.021768707482995,0.00024232031137216836,0.0002440844443844935
691,16.04498866213152,0.00016775222320575267,0.00016897348787470436
692,16.068208616780044,0.00012628962576854974,0.0001272090356878871
693,16.091428571428573,0.00017384097736794502,0.00017510656920105653
694,16.114648526077097,0.0002518685651011765,0.00025370221102192445
695,16.137868480725622,0.00030571757815778255,0.0003079432540370443
696,16.16108843537415,0.00021501809533219784,0.00021658346357588675
697,16.184308390022675,0.0001599497627466917,0.00016111422417865824
698,16.207528344671204,0.0001439011684851721,0.00014494879342589348
699,16.23074829931973,0.00016258646792266518,0.00016377012501602042
700,16.253968253968253,0.0001659693953115493,0.00016717768069071036
701,16.27718820861678,9.89489781204611e-05,9.966934348252951e-05
702,16.300408163265306,8.756011811783537e-05,8.819757064527754e-05
703,16.32362811791383,0.00015697948401793838,0.0001581223213164118
704,16.34684807256236,0.00013868603855371475,0.0001396956964630158
705,16.370068027210884,0.0002209775848314166,0.00022258633917057
706,16.39328798185941,0.00012379167310427874,0.0001246928975040725
707,16.416507936507937,0.00015764062118250877,0.0001587882716718001
708,16.439727891156462,0.0001711783406790346,0.00017242454806494013
709,16.46294784580499,0.00017531911726109684,0.00017659547020361588
710,16.486167800453515,0.00019286503084003925,0.0001942691210126763
711,16.50938775510204,0.00025160153745673597,0.00025343323937089155
712,16.532607709750568,0.0001785211352398619,0.00017982079941696304
713,16.555827664399093,0.00028226632275618613,0.0002843212695141449
714,16.579047619047618,0.00016568075807299465,0.00016688694212404896
715,16.602267573696146,0.00021748003200627863,0.0002190633235669871
716,16.62548752834467,0.0001891229476314038,0.0001904997948028833
717,16.648707482993196,0.00015776789223309606,0.00015891646927724607
718,16.671927437641724,0.00014893320621922612,0.000150017465249082
719,16.69514739229025,0.00013901405327487737,0.00014002609918704477
720,16.718367346938777,0.00011664979683700949,0.00011749902716490029
721,16.741587301587302,0.00010564226977294311,0.00010641136343475
722,16.764807256235827,0.00011757911124732345,0.00011843510714191719
723,16.788027210884355,0.00015057258133310825,0.000151668775292156
724,16.81124716553288,0.00017806085816118866,0.00017935717144300286
725,16.834467120181404,0.0002426982973702252,0.0002444651821847975
726,16.857687074829933,0.0001531523303128779,0.00015426730528253493
727,16.880907029478458,0.0002673283452168107,0.0002692745409618422
728,16.904126984126986,0.0001454358862247318,0.00014649468417118937
729,16.92734693877551,0.0001437611208530143,0.00014480772622319372
730,16.950566893424035,0.00012229626008775085,0.00012318659762686595
731,16.973786848072564,0.00014929224562365562,0.00015037911852133998
732,16.99700680272109,0.0002318846236448735,0.00023357278307858365
733,17.020226757369613,0.00023998440883588046,0.00024173153608110954
734,17.04344671201814,0.00018331632600165904,0.00018465089998172048
735,17.066666666666666,0.00015705540135968477,0.00015819879134929674
736,17.08988662131519,0.0001403800124535337,0.00014140200278045905
737,17.11310657596372,0.00020462527754716575,0.0002061149843126986
738,17.136326530612244,0.0002509082551114261,0.0002527349098123898
739,17.159546485260773,0.00016194331692531705,0.00016312229177020573
740,17.182766439909297,0.0001668117183726281,0.00016802613600669868
741,17.205986394557822,0.00017446513811592013,0.00017573527394525824
742,17.22920634920635,0.0002373608440393582,0.00023908887128739218
743,17.252426303854875,0.00028467929223552346,0.00028675180582100955
744,17.2756462585034,0.0001873899600468576,0.00018875419077446352
745,17.29886621315193,0.00014176330296322703,0.00014279536387994308
746,17.322086167800453,0.0001150776442955248,0.00011591542908596503
747,17.345306122448978,0.00014512822963297367,0.00014618478778720374
748,17.368526077097506,0.00014804807142354548,0.00014912588652179457
749,17.39174603174603,0.00013636828225571662,0.00013736106650561757
750,17.41496598639456,0.00019960870849899948,0.00020106189379005764
751,17.438185941043084,0.00018732059106696397,0.00018868431677661755
752,17.46140589569161,0.0002393359027337283,0.00024107830874441858
753,17.484625850340137,0.00015491701196879148,0.00015604483412054324
754,17.507845804988662,0.00022331946820486337,0.00022494527185262287
755,17.531065759637187,0.00018386224110145122,0.0001852007894361345
756,17.554285714285715,0.00010940525680780411,0.00011020174565417294
757,17.57750566893424,0.0002776634937617928,0.00027968493114312066
758,17.600725623582765,0.00023382226936519146,0.00023552453518875416
759,17.623945578231293,0.00013093413144815713,0.0001318873541574704
760,17.647165532879818,0.00019123926176689565,0.00019263151606462768
761,17.670385487528346,0.0001503456587670371,0.00015144020069127285
762,17.69360544217687,0.000153007305925712,0.00015412122509320561
763,17.716825396825396,0.00010999265941791236,0.00011079342465502265
764,17.740045351473924,0.00018200201157014817,0.00018332701711798008
765,17.76326530612245,0.000186011558980681,0.00018736575471447523
766,17.786485260770974,0.0001377201551804319,0.00013872278129477026
767,17.809705215419502,0.0002052465279120952,0.00020674075748577188
768,17.832925170068027,0.00011676086432999,0.00011761090324808876
769,17.856145124716555,0.0001285522448597476,0.00012948812703025733
770,17.87936507936508,0.00010627546726027504,0.00010704917070730545
771,17.902585034013605,0.00012883645831607282,0.00012977440960880354
772,17.925804988662133,0.00017656557611189783,0.0001778510034864971
773,17.949024943310658,0.00025697972159832716,0.0002588505776062392
774,17.972244897959182,0.00016417175356764346,0.00016536695180967268
775,17.99546485260771,0.00016681355191394687,0.00016802798289650958
776,18.018684807256236,0.0001402294437866658,0.00014125033794813006
777,18.04190476190476,0.00020935200154781342,0.0002108761196666599
778,18.06512471655329,0.00018812755297403783,0.00018949715350339552
779,18.088344671201813,0.00018007219478022307,0.00018138315093414503
780,18.11156462585034,0.00021911114163231105,0.0002207063079480564
781,18.134784580498867,0.0001282500452362001,0.0001291837273421375
782,18.15800453514739,0.0001119164444389753,0.00011273121515769403
783,18.18122448979592,0.00011799304775195196,0.00011885205717458503
784,18.204444444444444,0.00016013231652323157,0.0001612981069776886
785,18.22766439909297,0.0002932770294137299,0.00029541213598575304
786,18.250884353741498,0.00034972428693436086,0.00035227033912577294
787,18.274104308390022,0.00017228935030288994,0.00017354364602750448
788,18.297324263038547,0.00012082835019100457,0.00012170800109682301
789,18.320544217687075,0.0001802856131689623,0.00018159812304499235
790,18.3437641723356,0.00022909922699909657,0.00023076710827227032
791,18.36698412698413,0.00017834303434938192,0.00017964140192175916
792,18.390204081632653,0.00022971890575718135,0.00023139129839693426
793,18.413424036281178,0.00014811544679105282,0.00014919375239341758
794,18.436643990929706,0.0001534311886643991,0.00015454819377020484
795,18.45986394557823,0.00014940250548534095,0.0001504901810935403
796,18.483083900226756,0.00023261985916178674,0.00023431337123490164
797,18.506303854875284,0.00025935430312529206,0.00026124244648991987
798,18.52952380952381,0.00021659275807905942,0.00021816959013492028
799,18.552743764172334,0.00013727614714298397,0.00013827554080341798
800,18.575963718820862,0.0002109700144501403,0.00021250591197765126
801,18.599183673469387,0.00020071162725798786,0.000202172841984885
802,18.622403628117915,0.00016060139751061797,0.00016177060295431226
803,18.64562358276644,0.00021499916329048574,0.00021656439370569636
804,18.668843537414965,0.000230770354392007,0.00023245040175635544
805,18.692063492063493,0.0001573631161591038,0.00015850874636470495
806,18.715283446712018,0.00016287874314002693,0.00016406452804659233
807,18.738503401360543,0.00022005422215443105,0.00022165625425651074
808,18.76172335600907,0.00037985810195095837,0.00038262353343235673
809,18.784943310657596,0.00024224587832577527,0.00024400946945288407
810,18.808163265306124,0.00011729067045962438,0.00011814456645630696
811,18.83138321995465,0.00012615416198968887,0.0001270725857097146
812,18.854603174603174,0.00012140520993852988,0.00012228906048126
813,18.877823129251702,0.00012249672727193683,0.00012338852424619175
814,18.901043083900227,0.0001233027724083513,0.00012420043752806427
815,18.92426303854875,0.00015774440544191748,0.0001588928114982397
816,18.94748299319728,0.00018150282267015427,0.00018282419403803287
817,18.970702947845805,0.00020486141147557646,0.00020635283733620326
818,18.99392290249433,0.00015596899902448058,0.00015710447982062318
819,19.017142857142858,0.00011187998461537063,0.0001126944899003827
820,19.040362811791383,0.0001552500471007079,0.00015638029380476873
821,19.06358276643991,0.00014678033767268062,0.0001478489234539646
822,19.086802721088436,0.00012830110790673643,0.00012923516175758568
823,19.11002267573696,0.00013260635023470968,0.00013357174698072865
824,19.13324263038549,0.00015180323680397123,0.00015290839014380988
825,19.156462585034014,0.00018779629317577928,0.00018916348207755838
826,19.17968253968254,0.0001861199561972171,0.00018747494108115338
827,19.202902494331067,0.0002734716690611094,0.00027546258924685235
828,19.22612244897959,0.00022105177049525082,0.0002226610649186335
829,19.249342403628116,0.00020406418479979038,0.00020554980671484984
830,19.272562358276645,0.00022343774617183954,0.00022506441090328202
831,19.29578231292517,0.00020376741304062307,0.0002052508744068845
832,19.319002267573698,0.00024888248299248517,0.00025069438972845067
833,19.342222222222222,0.0001663979928707704,0.00016760939851293764
834,19.365442176870747,0.000110899745777715,0.00011170711475754622
835,19.388662131519276,0.00019464618526399136,0.0001960632425432715
836,19.4118820861678,0.00018763232219498605,0.00018899831736018298
837,19.435102040816325,0.00012021418660879135,0.00012108936629944744
838,19.458321995464853,0.00011274549615336582,0.00011356630250933674
839,19.481541950113378,0.00016964787209872156,0.00017088293741349171
840,19.504761904761907,0.00022922467906028032,0.00023089347364576104
841,19.52798185941043,0.0002862804103642702,0.00028836458036160046
842,19.551201814058956,0.0002204929041909054,0.000222098129972698
843,19.574421768707484,0.00019804392650257796,0.0001994857199150051
844,19.59764172335601,0.00016944545495789498,0.00017067904664150985
845,19.620861678004534,0.0001641537091927603,0.00016534877606867645
846,19.644081632653062,0.0001670795609243214,0.00016829592849764747
847,19.667301587301587,0.00024548175861127675,0.0002472689074963104
848,19.690521541950112,0.00022244344290811568,0.0002240628689429674
849,19.71374149659864,0.00031165266409516335,0.00031392154840781573
850,19.736961451247165,0.00030888451146893203,0.0003111332431604383
851,19.760181405895693,0.0003072104591410607,0.00030944700344736915
852,19.783401360544218,0.0002265583461849019,0.0002282077294143115
853,19.806621315192743,0.0002456946822348982,0.0002474833812400659
854,19.82984126984127,0.0002392932219663635,0.00024103531725382023
855,19.853061224489796,0.00034635362681001425,0.0003488751400233893
856,19.87628117913832,0.00022585163242183626,0.00022749587065505207
857,19.89950113378685,0.0002970410278066993,0.0002992035369261431
858,19.922721088435374,0.0004069140995852649,0.00040987650332349886
859,19.9459410430839,0.0003308677114546299,0.0003332764845747383
860,19.969160997732427,0.00018586379883345217,0.00018721691884828517
861,19.99238095238095,0.0001610866456758231,0.0001622593838085543
862,20.01560090702948,0.0001655244268476963,0.00016672947278088568
863,20.038820861678005,0.00016440921172033995,0.00016560613869804074
864,20.06204081632653,0.00017989530169870704,0.00018120497004095947
865,20.085260770975058,0.00019740007701329887,0.00019883718309211964
866,20.108480725623583,0.0002906528825405985,0.00029276888487781
867,20.131700680272107,0.0002784841926768422,0.00028051160488562477
868,20.154920634920636,0.0002750358544290066,0.00027703816214982353
869,20.17814058956916,0.0002479993854649365,0.00024980486310095313
870,20.201360544217685,0.0002659514721017331,0.00026788764397669637
871,20.224580498866214,0.000352717557689175,0.0003552854013999339
872,20.24780045351474,0.00013157651119399816,0.00013253441053693603
873,20.271020408163267,0.00020223172032274306,0.00020370400158526057
874,20.29424036281179,0.0001107555435737595,0.00011156186273706065
875,20.317460317460316,0.00020129801123403013,0.00020276349493583975
876,20.340680272108845,0.00013479009794536978,0.00013577139274551864
877,20.36390022675737,0.00015086235362105072,0.0001519606571715575
878,20.387120181405894,0.00015958750736899674,0.00016074933152030336
879,20.410340136054423,0.00013890617992728949,0.00013991744050316976
880,20.433560090702947,0.0001485516841057688,0.00014963316558985697
881,20.456780045351476,0.0003009148349519819,0.0003031055460452086
882,20.48,0.0001764034532243386,0.00017768770031678828
883,20.503219954648525,0.00017576987738721073,0.00017704951193998612
884,20.526439909297054,0.0001596788497408852,0.00016084133888016894
885,20.54965986394558,0.00015663524391129613,0.00015777557508334187
886,20.572879818594103,0.0002744438825175166,0.00027644188058230216
887,20.59609977324263,0.0001902435178635642,0.00019162852297660452
888,20.619319727891156,0.00015845638699829578,0.00015960997640124158
889,20.64253968253968,0.00021232925064396113,0.0002138750436417589
890,20.66575963718821,0.0002180181472795084,0.00021960535641077695
891,20.688979591836734,0.0002142397133866325,0.0002157994148775899
892,20.712199546485262,0.00017514178762212396,0.00017641684957476106
893,20.735419501133787,0.00017476649372838438,0.00017603882347775083
894,20.758639455782312,0.00011815046309493482,0.00011901061852799365
895,20.78185941043084,0.00020530536130536348,0.00020680001919613295
896,20.805079365079365,0.0002985723258461803,0.00030074598307536313
897,20.82829931972789,0.00036663992796093225,0.000369309128891262
898,20.851519274376418,0.0003083603223785758,0.00031060523788449795
899,20.874739229024943,0.00042110480717383325,0.0004241705216728676
900,20.897959183673468,0.0001792657421901822,0.00018057082723231454
901,20.921179138321996,0.0001452932192478329,0.00014635097855447406
902,20.94439909297052,0.00014239622396416962,0.00014343289265324134
903,20.96761904761905,0.0002824531402438879,0.00028450944706487845
904,20.990839002267574,0.0001894518791232258,0.0001908311209718177
905,21.0140589569161,0.00028178360662423074,0.0002838350391267846
906,21.037278911564627,0.0002011611795751378,0.00020262566711923692
907,21.060498866213152,0.00021040103456471115,0.00021193278982204448
908,21.083718820861677,0.0001534097536932677,0.000154526602748844
909,21.106938775510205,0.00016704747395124286,0.00016826360792595663
910,21.13015873015873,0.000208678437047638,0.0002101976515025532
911,21.153378684807254,0.0003261527162976563,0.00032852716345242456
912,21.176598639455783,0.0005499176331795752,0.0005539211269241083
913,21.199818594104308,0.00029438972705975175,0.0002965329342595719
914,21.223038548752836,0.0002252241683891043,0.00022686383857761962
915,21.24625850340136,0.0002603722386993468,0.0002622677928077973
916,21.269478458049885,0.0002648622903507203,0.00026679053279759514
917,21.292698412698414,0.00023546825104858726,0.00023718249989828968
918,21.31591836734694,0.00027134796255268157,0.0002733234217944417
919,21.339138321995463,0.00026139404508285224,0.0002632970381152755
920,21.36235827664399,0.00018130018725059927,0.0001826200833982164
921,21.385578231292516,0.00016241558478213847,0.00016359799781721503
922,21.408798185941045,0.00026140891714021564,0.00026331201844374173
923,21.43201814058957,0.00021244875097181648,0.00021399541395229196
924,21.455238095238094,0.0003301851393189281,0.00033258894319798915
925,21.478458049886623,0.00020977528765797615,0.0002113024873715778
926,21.501678004535147,0.0003471937670838088,0.0003497213966610313
927,21.524897959183672,0.0002455761714372784,0.0002473640076637165
928,21.5481179138322,0.00018892415391746908,0.0001902995538369563
929,21.571337868480725,0.00021499446302186698,0.00021655965921832396
930,21.59455782312925,0.00020643470634240657,0.0002079375860568064
931,21.61777777777778,0.0003036376438103616,0.00030584817741440516
932,21.640997732426303,0.00027513550594449043,0.00027713853914526073
933,21.66421768707483,0.00035238638520240784,0.00035495181792123063
934,21.687437641723356,0.00024434851366095245,0.0002461274123303249
935,21.71065759637188,0.00041366941877640784,0.0004166810023853939
936,21.73387755102041,0.0003148420946672559,0.0003171341985760324
937,21.757097505668934,0.0004390684771351516,0.0004422649702017019
938,21.78031746031746,0.000329299975419417,0.00033169733515499045
939,21.803537414965987,0.0004679520206991583,0.00047135879086722626
940,21.826757369614512,0.0002873786143027246,0.00028947077941119976
941,21.849977324263037,0.00022341671865433455,0.00022504323030187915
942,21.873197278911565,0.00021946262859273702,0.00022106035379323608
943,21.89641723356009,0.0002650359529070556,0.00026696545964682817
944,21.91963718820862,0.00029011533479206264,0.0002922274236903902
945,21.942857142857143,0.0003172731667291373,0.0003195829692553158
946,21.966077097505668,0.00023744156351312995,0.00023917017841263902
947,21.989297052154196,0.00041838965262286365,0.00042143560033573875
948,22.01251700680272,0.000281421554973349,0.00028347035167840875
949,22.035736961451246,0.00029396763420663774,0.00029610776849881666
950,22.058956916099774,0.00029889572761021554,0.00030107173925915354
951,22.0821768707483,0.00027548742946237326,0.0002774930247261097
952,22.105396825396827,0.0002618068247102201,0.00026371282284841976
953,22.128616780045352,0.00031967402901500463,0.0003220013102262862
954,22.151836734693877,0.0002830089651979506,0.0002850693185189848
955,22.175056689342405,0.00021467803162522614,0.00021624092414738612
956,22.19827664399093,0.00022874321439303458,0.00023040850383398593
957,22.221496598639455,0.0004152711480855942,0.00041829439255592173
958,22.244716553287983,0.0003251113521400839,0.00032747821798696336
959,22.267936507936508,0.00032034600735642016,0.0003226781806841279
960,22.291156462585032,0.00020633293024729937,0.00020783506901444544
961,22.31437641723356,0.00023890256125014275,0.00024064181246125196
962,22.337596371882086,0.00020471485913731158,0.00020620521807203148
963,22.360816326530614,0.00020432907331269234,0.0002058166236611033
964,22.38403628117914,0.0002745144010987133,0.00027651291255074387
965,22.407256235827663,0.00031824863981455564,0.00032056554395042954
966,22.430476190476192,0.0003278749354649335,0.00033026192066766915
967,22.453696145124717,0.0002601530577521771,0.0002620470161861157
968,22.47691609977324,0.0002616477431729436,0.00026355258317054014
969,22.50013605442177,0.00025040097534656525,0.0002522239369647056
970,22.523356009070294,0.00018702176748774946,0.00018838331771100668
971,22.54657596371882,0.0001638578251004219,0.00016505073788990527
972,22.569795918367348,0.0001754659751895815,0.00017674339728275613
973,22.593015873015872,0.0001442520588170737,0.00014530223829899185
974,22.6162358276644,0.00015029357746243477,0.0001513877402259297
975,22.639455782312925,0.0003142025670967996,0.00031649001513627266
976,22.66267573696145,0.00015915547555778176,0.00016031415444414454
977,22.68589569160998,0.0002007499715546146,0.00020221146543450197
978,22.709115646258503,0.0003018902789335698,0.00030408809142461104
979,22.732335600907028,0.0002397008502157405,0.00024144591310606723
980,22.755555555555556,0.00021291412122081965,0.00021446417217572687
981,22.77877551020408,0.00018098385771736503,0.00018230145093226806
982,22.801995464852606,0.00028310075867921114,0.0002851617802723752
983,22.825215419501134,0.000280353327980265,0.0002823943478114322
984,22.84843537414966,0.00033012652420438826,0.0003325299013554627
985,22.871655328798187,0.0003348088066559285,0.00033724627161829294
986,22.894875283446712,0.0002751884749159217,0.000277191893739798
987,22.918095238095237,0.00033042635186575353,0.0003328319118131129
988,22.941315192743765,0.00025304657174274325,0.0002548887937518651
989,22.96453514739229,0.00019258262182120234,0.00019398465600822974
990,22.987755102040815,0.00022045102377887815,0.00022205594466416
991,23.010975056689343,0.00017113170179072767,0.00017237756963760714
992,23.034195011337868,0.00021586325601674616,0.0002174347771737253
993,23.057414965986396,0.00023667038476560265,0.000238393385352885
994,23.08063492063492,0.00021219663904048502,0.00021374146660329226
995,23.103854875283446,0.0002871902543120086,0.00028928104812776817
996,23.127074829931974,0.0003538088931236416,0.0003563846819416702
997,23.1502947845805,0.0002663603227119893,0.00026829947108881726
998,23.173514739229024,0.0004541754024103284,0.0004574818764580096
999,23.196734693877552,0.00028562991064973176,0.0002877093448986865
1000,23.219954648526077,0.00024908428895287216,0.00025089766487049555
1001,23.2431746031746,0.00017656628915574402,0.00017785172172142357
1002,23.26639455782313,0.00019119982607662678,0.00019259179327583756
1003,23.289614512471655,0.00013407517690211535,0.00013505126695567707
1004,23.312834467120183,0.0001419187756255269,0.00014295196840962345
1005,23.336054421768708,0.00016865867655724287,0.00016988654036050748
1006,23.359274376417233,0.00025326848844997585,0.0002551123260504074
1007,23.38249433106576,0.0003816135576926172,0.00038439176918988793
1008,23.405714285714286,0.00012905245239380747,0.00012999197616009949
1009,23.42893424036281,0.0003090679820161313,0.00031131804940437414
1010,23.45215419501134,0.00024877613759599626,0.0002505872701194181
1011,23.475374149659864,0.00017946879961527884,0.00018077536294994464
1012,23.49859410430839,0.00036594923585653305,0.0003686134084310645
1013,23.521814058956917,0.0002741360804066062,0.0002761318376197601
1014,23.54503401360544,0.0003201143117621541,0.00032244479830659413
1015,23.56825396825397,0.0003612985310610384,0.0003639288457149777
1016,23.591473922902495,0.0003343572898302227,0.0003367914676734293
1017,23.61469387755102,0.00019747270562220365,0.00019891034044962943
1018,23.637913832199548,0.00015454308595508337,0.00015566818586196338
1019,23.661133786848072,0.0002603176690172404,0.00026221282584913935
1020,23.684353741496597,0.00020369839330669492,0.00020518135219757395
1021,23.707573696145126,0.00017117286915890872,0.00017241903671121866
1022,23.73079365079365,0.00018187492969445884,0.00018319901006465746
1023,23.754013605442175,0.0003227430861443281,0.0003250927106126313
1024,23.777233560090703,0.0002613578108139336,0.0002632605400547266
1025,23.800453514739228,0.00015699549112468958,0.00015813844495761814
1026,23.823673469387757,0.00017996820679400116,0.00018127840589772648
1027,23.84689342403628,0.00017936165386345237,0.00018066743715885173
1028,23.870113378684806,0.0001722347951726988,0.00017348869372670219
1029,23.893333333333334,0.0002624909393489361,0.000264401917957867
1030,23.91655328798186,0.00024193448189180344,0.0002436958059999984
1031,23.939773242630384,0.0003496140125207603,0.000352159261895717
1032,23.962993197278912,0.000252507597906515,0.00025434589609459236
1033,23.986213151927437,0.00021409887995105237,0.0002156575561506855
1034,24.009433106575965,0.0001292870583711192,0.0001302282901087617
1035,24.03265306122449,0.00018951970560010523,0.0001908994412369656
1036,24.055873015873015,0.00017251620010938495,0.00017377214733910946
1037,24.079092970521543,0.00023960403632372618,0.00024134839439248022
1038,24.102312925170068,0.0001353954430669546,0.0001363811448823751
1039,24.125532879818593,0.0001810412941267714,0.0001823593054884875
1040,24.14875283446712,0.0001813767448766157,0.00018269719837674957
1041,24.171972789115646,0.00014362471119966358,0.00014467032348440453
1042,24.19519274376417,0.00016158047947101295,0.0001627568127976252
1043,24.2184126984127,0.0001760663726599887,0.00017734816574869425
1044,24.241632653061224,0.00013224456051830202,0.00013320732337375436
1045,24.264852607709752,0.00017687321815174073,0.0001781608852126271
1046,24.288072562358277,0.00017711587133817375,0.0001784053049554594
1047,24.3112925170068,0.0003020538715645671,0.0003042528750377397
1048,24.33451247165533,0.0005069281323812902,0.0005106186552604749
1049,24.357732426303855,0.00020068335288669914,0.00020214436177137235
1050,24.38095238095238,0.00024034750822465867,0.00024209727889509163
1051,24.404172335600908,0.00021412011119537055,0.00021567894196206734
1052,24.427392290249433,0.0003392442886251956,0.0003417140446494329
1053,24.450612244897957,0.00022673665080219507,0.00022838733211949438
1054,24.473832199546486,0.0002747449616435915,0.00027674515161553757
1055,24.49705215419501,0.00033568841172382236,0.00033813228036043636
1056,24.52027210884354,0.0003069675585720688,0.0003092023345209909
1057,24.543492063492064,0.00027764192782342434,0.000279663208201059
1058,24.56671201814059,0.00023356833844445646,0.00023526875560779921
1059,24.589931972789117,0.0002524434821680188,0.0002542813135826332
1060,24.61315192743764,0.00022537927725352347,0.00022702007666090894
1061,24.636371882086166,0.000138200368382968,0.00013920649053096013
1062,24.659591836734695,0.00011161508155055344,0.0001124276582962736
1063,24.68281179138322,9.359930118080229e-05,9.428071998638484e-05
1064,24.706031746031748,0.00010700003622332588,0.00010777901465543775
1065,24.729251700680273,0.00020062370458617806,0.00020208427922109533
1066,24.752471655328797,0.00038013525772839785,0.0003829027069509165
1067,24.775691609977326,0.00026130423066206276,0.0002632065698302523
1068,24.79891156462585,0.00013372840476222336,0.0001347019702557254
1069,24.822131519274375,0.00021510588703677058,0.00021667189441897566
1070,24.845351473922904,0.00016344746109098196,0.00016463738636079755
1071,24.86857142857143,0.00015290320152416825,0.0001540163627939419
1072,24.891791383219953,0.00018346967408433557,0.00018480536446447712
1073,24.91501133786848,0.0002978120173793286,0.00029998013943377376
1074,24.938231292517006,0.00015175374574027956,0.00015285853877677105
1075,24.961451247165535,0.00019994612375739962,0.0002014017654888314
1076,24.98467120181406,0.0003028540522791445,0.00030505888120378847
1077,25.007891156462584,0.00019186658028047532,0.00019326340156350372
1078,25.031111111111112,0.00014299896429292858,0.00014404002103393784
1079,25.054331065759637,0.00015808946045581251,0.00015924037857122558
1080,25.077551020408162,0.0002706913510337472,0.0002726620300321581
1081,25.10077097505669,0.00022102371440269053,0.00022263280457295552
1082,25.123990929705215,0.00025151734007522464,0.0002533484290181463
1083,25.14721088435374,0.0001836612937040627,0.0001849983791075725
1084,25.170430839002268,0.0002505945158191025,0.00025241888644474575
1085,25.193650793650793,0.00042055861558765173,0.00042362035371919633
1086,25.21687074829932,0.00022027244267519563,0.00022187606345971993
1087,25.240090702947846,0.0001424336660420522,0.0001434706073158085
1088,25.26331065759637,0.000212579732760787,0.00021412734931092664
1089,25.2865306122449,0.00011835427721962333,0.00011921591645411713
1090,25.309750566893424,0.00025345009635202587,0.00025529525608882105
1091,25.33297052154195,0.0002733021683525294,0.00027529185454433296
1092,25.356190476190477,0.0002768844133242965,0.00027890017886775297
1093,25.379410430839002,0.00023171988141257316,0.00023340684149485925
1094,25.402630385487527,0.0002494098152965307,0.0002512255611012097
1095,25.425850340136055,0.00021512393141165376,0.00021669007015997187
1096,25.44907029478458,0.00022321793949231505,0.00022484300399380782
1097,25.472290249433108,0.0001639784313738346,0.00016517222219746713
1098,25.495510204081633,0.00011917626397917047,0.0001200438874168456
1099,25.518730158730158,0.00019639531092252582,0.00019782510213359834
1100,25.541950113378686,0.00016037777822930366,0.00016154535568665984
1101,25.56517006802721,0.00017436567577533424,0.00017563508750194435
1102,25.588390022675735,0.0002939763944596052,0.0002961165925279132
1103,25.611609977324264,0.00030715574393980205,0.00030939188991015474
1104,25.63482993197279,0.0001547856954857707,0.00015591256163122877
1105,25.658049886621317,0.0003261603123974055,0.00032853481485306974
1106,25.68126984126984,0.00038896145997568965,0.00039179316544924126
1107,25.704489795918366,0.0003123446076642722,0.0003146185294435984
1108,25.727709750566895,0.00027510448126122355,0.00027710728859703176
1109,25.75092970521542,0.00027898044208996,0.00028101146707873226
1110,25.774149659863944,0.000256394618190825,0.0002582612145465809
1111,25.797369614512473,0.00023985764710232615,0.00024160385150061105
1112,25.820589569160997,0.00023648944625165313,0.0002382111295758309
1113,25.843809523809522,0.00028040597680956125,0.0002824473799331454
1114,25.86702947845805,0.00017043873958755285,0.00017167956255192949
1115,25.890249433106575,0.00013199496606830508,0.00013295591183378074
1116,25.913469387755104,0.0001567026920383796,0.0001578435142442431
1117,25.93668934240363,0.0001434593286830932,0.00014450373695503187
1118,25.959909297052153,0.00011658935545710847,0.00011743814576149075
1119,25.98312925170068,0.00014046499563846737,0.000141487604657409
1120,26.006349206349206,0.00020965888688806444,0.0002111852391842965
1121,26.02956916099773,0.0001812489063013345,0.0001825684291149336
1122,26.05278911564626,0.00013954612950328737,0.00014056204902074314
1123,26.076009070294784,0.00016944081289693713,0.00017067437078556002
1124,26.09922902494331,0.000374350871425122,0.0003770762093331749
1125,26.122448979591837,0.00013724193559028208,0.00013824108018480337
1126,26.145668934240362,0.00010314840619685128,0.00010389934410837086
1127,26.16888888888889,0.0002168178471038118,0.00021839631784599254
1128,26.192108843537415,0.00018430584168527275,0.00018564761950752882
1129,26.21532879818594,0.00021254585590213537,0.0002140932258229918
1130,26.23854875283447,0.00013074099842924625,0.00013169281509738822
1131,26.261768707482993,0.00012793998757842928,0.00012887141241197089
1132,26.284988662131518,0.00021140575699973851,0.00021294482680699883
1133,26.308208616780046,0.0002024994173552841,0.00020397364749765297
1134,26.33142857142857,0.00013470891281031072,0.00013568961656889127
1135,26.354648526077096,0.00012161028280388564,0.00012249562631189655
1136,26.377868480725624,0.0001047139594447799,0.00010547629484977241
1137,26.40108843537415,8.871914906194434e-05,8.93650395314609e-05
1138,26.424308390022677,0.00023388639965560287,0.00023558913235856895
1139,26.447528344671202,0.00018461547733750194,0.00018595950935988177
1140,26.470748299319727,0.0001392163976561278,0.00014022991666974842
1141,26.493968253968255,0.00010662527347449213,0.00010740152357015848
1142,26.51718820861678,0.00015876979159656912,0.00015992566263820586
1143,26.540408163265305,0.0001512183080194518,0.00015231920297841933
1144,26.563628117913833,0.00010447850218042731,0.00010523912341655512
1145,26.586848072562358,0.00012475652329158038,0.00012566477196456746
1146,26.610068027210886,9.733051410876215e-05,9.803909677801323e-05
1147,26.63328798185941,8.616321429144591e-05,8.67904971218403e-05
1148,26.656507936507936,0.0001818407472455874,0.00018316457876175414
1149,26.679727891156464,0.00010093508899444714,0.00010166991358091608
1150,26.70294784580499,7.513246964663267e-05,7.5679446783013e-05
1151,26.726167800453513,0.0001015445013763383,0.00010228376258842449
1152,26.749387755102042,9.452860831515864e-05,9.521679263447392e-05
1153,26.772607709750567,0.00014195682888384908,0.0001429902987021276
1154,26.79582766439909,0.0001302475284319371,0.00013119575255470838
1155,26.81904761904762,0.00010257281974190846,0.00010331956728630255
1156,26.842267573696144,0.00010302835289621726,0.00010377841679932338
1157,26.865487528344673,0.00010522045340621844,0.00010598647617325194
1158,26.888707482993198,9.04133848962374e-05,9.10716096903057e-05
1159,26.911927437641722,9.367888560518622e-05,9.436088379889159e-05
1160,26.93514739229025,0.00012135618453612551,0.0001222396781656017
1161,26.958367346938775,0.000131730834254995,0.00013268985709602067
1162,26.9815873015873,0.0002521314308978617,0.00025396699052624366
1163,27.00480725623583,0.00013720369315706193,0.00013820255934017588
1164,27.028027210884353,0.00012235929898452014,0.0001232500954575076
1165,27.051247165532878,0.00010469238623045385,0.00010545456457878296
1166,27.074467120181406,0.00019116104522254318,0.0001925527300905513
1167,27.09768707482993,0.00025213698972947896,0.00025397258982709893
1168,27.12090702947846,0.0002680850448086858,0.00027003674945523233
1169,27.144126984126984,0.00016222253907471895,0.0001634035467042667
1170,27.16734693877551,0.00014412171731237322,0.00014517094788600539
1171,27.190566893424037,0.00014800205826759338,0.0001490795383822542
1172,27.213786848072562,0.00014703955093864352,0.00014811002383651763
1173,27.237006802721087,0.00022804662876296788,0.0002297068469422534
1174,27.260226757369615,0.00016948227130342275,0.00017071613101628442
1175,27.28344671201814,0.0001595029461896047,0.000160664154721167
1176,27.30666666666667,0.0001865953963715583,0.00018795384254069263
1177,27.329886621315193,8.963175787357613e-05,9.028429229020065e-05
1178,27.353106575963718,6.840663991170004e-05,6.890465186557675e-05
1179,27.376326530612246,8.400624938076362e-05,8.461782914035964e-05
1180,27.39954648526077,0.00013170132297091186,0.00013266013096477846
1181,27.422766439909296,0.00013194297207519412,0.00013290353931557147
1182,27.445986394557824,0.00012900847650598735,0.000129947680120349
1183,27.46920634920635,0.00010823577031260356,0.00010902374509871072
1184,27.492426303854874,9.350509208161384e-05,9.418582502895777e-05
1185,27.515646258503402,0.00011803814413724467,0.00011889748186921996
1186,27.538866213151927,0.0002078135876217857,0.00020932650582603088
1187,27.562086167800455,0.0001381863112328574,0.00013919233104240985
1188,27.58530612244898,0.00017739387112669647,0.0001786853286296464
1189,27.608526077097505,0.00020156857499387115,0.00020303602844579365
1190,27.631746031746033,0.00013599699013866484,0.00013698707131890893
1191,27.654965986394558,0.00012401161075104028,0.00012491443633424746
1192,27.678185941043083,9.680949005996808e-05,9.751427958567503e-05
1193,27.70140589569161,0.0001327470235992223,0.00013371344447122102
1194,27.724625850340136,0.0001655242667766288,0.00016672931154447363
1195,27.74784580498866,0.00010446453234180808,0.00010522505187513869
1196,27.77106575963719,0.00010857602319447324,0.00010936647507933471
1197,27.794285714285714,8.76990015967749e-05,8.83374652195259e-05
1198,27.817505668934242,0.00012257271737325937,0.0001234650675683549
1199,27.840725623582767,9.997979213949293e-05,0.00010070766200265019
1200,27.86394557823129,0.00011868069850606844,0.00011954471414295329
1201,27.88716553287982,0.00015133987471926957,0.0001524416547044536
1202,27.910385487528345,0.00014423772518057376,0.00014528780031118437
1203,27.93360544217687,0.00014887664292473346,0.0001499604901642011
1204,27.956825396825398,0.000122721292427741,0.0001236147242744609
1205,27.980045351473922,0.00010902404028456658,0.00010981775380991639
1206,28.003265306122447,0.0002502157003618777,0.0002520373131466702
1207,28.026485260770976,0.00011278596502961591,0.00011360706600587747
1208,28.0497052154195,0.00013684410077985376,0.0001378403490694035
1209,28.07292517006803,0.00017176313849631697,0.0001730136033096299
1210,28.096145124716553,0.00022194156190380454,0.00022355733415972643
1211,28.11936507936508,0.00021824044233653694,0.00021982926981356594
1212,28.142585034013607,0.00021761481184512377,0.00021919908462594438
1213,28.16580498866213,0.0002383565588388592,0.00024009183505970406
1214,28.189024943310656,0.00022664574498776346,0.00022829576449529806
1215,28.212244897959184,0.00020273440168239176,0.00020421034255056186
1216,28.23546485260771,0.000201993971131742,0.00020346452153977967
1217,28.258684807256238,0.00022789447393734008,0.00022955358440365943
1218,28.281904761904762,0.00028303134604357183,0.0002850918623009623
1219,28.305124716553287,0.00019733214867301285,0.00019876876022198223
1220,28.328344671201815,0.00022056227317079902,0.00022216800397054396
1221,28.35156462585034,0.0002937933604698628,0.00029593222601964663
1222,28.374784580498865,0.00020999555999878794,0.00021152436333243252
1223,28.398004535147393,0.00016360211884602904,0.00016479317005056198
1224,28.421224489795918,0.00020065657736267895,0.00020211739131699086
1225,28.444444444444443,0.00021780197857879102,0.0002193876139652133
1226,28.46766439909297,0.0003220874350517988,0.0003244322862688201
1227,28.490884353741496,0.00021965680934954435,0.0002212559482189245
1228,28.514104308390024,0.0002756298636086285,0.00027763649581713474
1229,28.53732426303855,0.0003169830597471446,0.0003192907502452346
1230,28.560544217687074,0.00030168710509315133,0.0003038834384441358
1231,28.583764172335602,0.0001349281519651413,0.00013591045182199542
1232,28.606984126984127,0.00015115477435756475,0.00015225520678068585
1233,28.63020408163265,0.0002241863403469324,0.00022581845497107945
1234,28.65342403628118,0.00019880921172443777,0.00020025657654322405
1235,28.676643990929705,0.00026224093744531274,0.0002641500959979354
1236,28.69986394557823,0.00023550978221464902,0.0002372243334182923
1237,28.723083900226758,0.00022857861767988652,0.00023024270882881793
1238,28.746303854875283,0.0002152578963432461,0.0002168250103790132
1239,28.76952380952381,0.00016524229431524873,0.00016644528627569633
1240,28.792743764172336,0.00019290013005957007,0.00019430447576048511
1241,28.81596371882086,0.0003140185435768217,0.00031630465189382245
1242,28.83918367346939,0.00019387736392673105,0.0001952888240561315
1243,28.862403628117914,0.0002770057471934706,0.00027902239606809697
1244,28.88562358276644,0.00014305721560958773,0.00014409869643007323
1245,28.908843537414967,0.00015200885536614805,0.000153115505644033
1246,28.93206349206349,0.00023672466340940446,0.0002384480591544301
1247,28.955283446712016,0.0002598100691102445,0.000261701530528631
1248,28.978503401360545,0.0002559135318733752,0.0002577766258390525
1249,29.00172335600907,0.00024458355619572103,0.00024636416601465634
1250,29.024943310657598,0.00024504808243364096,0.000246832074082464
1251,29.048163265306123,0.0001899132039397955,0.00019129580431138411
1252,29.071383219954647,0.0001888770639197901,0.00019025212101609842
1253,29.094603174603176,0.00023284569033421576,0.00023454084649661164
1254,29.1178231292517,0.00027702259831130505,0.00027903936986493054
1255,29.141043083900225,0.00024300540098920465,0.00024477452157026876
1256,29.164263038548754,0.00036773885949514806,0.00037041606083364345
1257,29.18748299319728,0.0003047096834052354,0.00030692802163956
1258,29.210702947845807,0.00020342099014669657,0.00020490192949546826
1259,29.23392290249433,0.00016886656521819532,0.00017009594248621078
1260,29.257142857142856,0.00014454811753239483,0.00014560045237203072
1261,29.280362811791385,0.00011864295811392367,0.00011950669899434547
1262,29.30358276643991,0.00016698363469913602,0.00016819930391325465
1263,29.326802721088434,0.00017963885329663754,0.00018094665465097842
1264,29.350022675736962,0.00025908160023391247,0.0002609677582751866
1265,29.373242630385487,0.00019042073108721524,0.00019180702634261424
1266,29.396462585034012,0.00013117043999955058,0.00013212538307524275
1267,29.41968253968254,0.00014888077566865832,0.00014996465299520344
1268,29.442902494331065,0.0001861658092821017,0.00018752112798428168
1269,29.466122448979593,0.00021216114691924304,0.00021370571609338114
1270,29.489342403628118,0.00020845068502239883,0.0002099682414038984
1271,29.512562358276643,0.00018242897931486368,0.00018375709326037544
1272,29.53578231292517,0.00018056404951494187,0.00018187858645484861
1273,29.559002267573696,0.00014807480329182,0.00014915281300260913
1274,29.58222222222222,0.00016680422413628548,0.00016801858721104298
1275,29.60544217687075,0.0007298740092664957,0.0007351876159851977
1276,29.628662131519274,0.00014991559146437794,0.0001510070024256257
1277,29.6518820861678,0.00012367054296191782,0.0001245708855137075
1278,29.675102040816327,0.00011047878069803119,0.00011128308498060323
1279,29.698321995464852,0.00020211948140058666,0.0002035909455446929
1280,29.72154195011338,0.00024472890072502196,0.0002465105686768098
1281,29.744761904761905,0.00020225120533723384,0.00020372362845396536
1282,29.76798185941043,0.00022306751634459943,0.00022469148574003525
1283,29.791201814058958,0.00034958921605721116,0.0003521342849097028
1284,29.814421768707483,0.000198299007024616,0.0001997426574665558
1285,29.837641723356008,0.000523734895978123,0.0005275477749500496
1286,29.860861678004536,0.0003646804252639413,0.00036733536068191705
1287,29.88408163265306,0.00020139143452979624,0.00020285759836906214
1288,29.90730158730159,0.00014435569755733013,0.000145406631546875
1289,29.930521541950114,0.00012637468171305954,0.00012729471085411525
1290,29.95374149659864,0.00017892509640660137,0.0001802277014895882
1291,29.976961451247167,0.00013174410560168326,0.00013270322506036628
1292,30.00018140589569,0.0001860073971329257,0.0001873615625677616
1293,30.023401360544216,0.00015513964171987027,0.000156269084654012
1294,30.046621315192745,0.0002497151726856828,0.0002515331415440039
1295,30.06984126984127,0.00021840492263436317,0.00021999494755588878
1296,30.093061224489794,0.00014704435307066888,0.00014811486092887954
1297,30.116281179138323,0.00010984875552821904,0.00011064847312057775
1298,30.139501133786847,9.701748786028475e-05,9.772379164529564e-05
1299,30.162721088435376,0.00010662537533789873,0.00010740162617514799
1300,30.1859410430839,0.00010223034041700885,0.00010297459465376531
1301,30.209160997732425,0.00017195740656461567,0.00017320928568245216
1302,30.232380952380954,0.00014995370293036103,0.00015104539134955242
1303,30.25560090702948,0.0002159450523322448,0.00021751716898028964
1304,30.278820861678003,0.00015483741299249232,0.00015596465565018085
1305,30.30204081632653,0.0002236817090306431,0.0002253101498531221
1306,30.325260770975056,0.00013488420518115163,0.00013586618509795623
1307,30.34848072562358,0.0001624829019419849,0.00016366580505741547
1308,30.37170068027211,0.00021099824516568333,0.00021253434821759696
1309,30.394920634920634,0.00028272310737520456,0.000284781379602751
1310,30.418140589569163,0.0003742141416296363,0.0003769384841215615
1311,30.441360544217687,0.00027535296976566315,0.00027735758613997656
1312,30.464580498866212,0.00021785424905829132,0.0002194402649826798
1313,30.48780045351474,0.00023684777261223644,0.00023857206461316241
1314,30.511020408163265,0.0002087872417178005,0.0002103072482891893
1315,30.53424036281179,0.0003493524855002761,0.0003518958309141169
1316,30.55746031746032,0.00022478631581179798,0.00022642279835920394
1317,30.580680272108843,0.00023293930280487984,0.00023463514048195739
1318,30.603900226757368,0.0002430058957543224,0.00024477501993736055
1319,30.627120181405896,0.00023223752214107662,0.00023392825073576066
1320,30.65034013605442,0.00020546626183204353,0.00020696209110596784
1321,30.67356009070295,0.00012679281644523144,0.00012771588967813586
1322,30.696780045351474,0.00014422464300878346,0.0001452746228989621
1323,30.72,0.00018887664191424847,0.0001902516959382848
1324,30.743219954648527,0.00026400102069601417,0.00026592299295356077
1325,30.766439909297052,0.00022461102344095707,0.000226246229830139
1326,30.789659863945577,0.0002671458350960165,0.00026909070213637876
1327,30.812879818594105,0.00023626460460945964,0.00023798465104830457
1328,30.83609977324263,0.0002025837602559477,0.00020405860442895469
1329,30.859319727891158,0.00034183074603788555,0.00034431933191126285
1330,30.882539682539683,0.0002149996580556035,0.0002165648920727882
1331,30.905759637188208,0.00015659155906178057,0.00015773157220070426
1332,30.928979591836736,0.0001879983174148947,0.00018936697708743787
1333,30.95219954648526,0.00024130138626787812,0.00024305810133243242
1334,30.975419501133786,0.00033555779373273253,0.0003380007114481927
1335,30.998639455782314,0.0003249963338021189,0.00032736236229596806
1336,31.02185941043084,0.00012789688480552286,0.00012882799584355893
1337,31.045079365079363,0.0002009845629800111,0.00020244776472530854
1338,31.068299319727892,0.00017992817447520792,0.000181238082136855
1339,31.091519274376417,0.00015012346557341516,0.00015121638989347335
1340,31.114739229024945,0.00014813309826422483,0.00014921153237231147
1341,31.13795918367347,0.0003742048575077206,0.00037692913240966187
1342,31.161179138321994,0.00015002235886640847,0.0001511145471124719
1343,31.184399092970523,0.00019554237951524556,0.00019696596124084694
1344,31.207619047619048,0.00030451512429863214,0.00030673204610962484
1345,31.230839002267572,0.0002446478756610304,0.0002464289537365945
1346,31.2540589569161,0.00024458803818561137,0.00024636868063419414
1347,31.277278911564625,0.0002256807201774791,0.0002273237141405354
1348,31.30049886621315,0.00018435402307659388,0.00018569615166755986
1349,31.32371882086168,0.0001748752110870555,0.0001761483323172531
1350,31.346938775510203,0.000178989241248928,0.00018029231331725867
1351,31.37015873015873,0.00017075460345949978,0.0001719977259664973
1352,31.393378684807256,0.00015603120846208185,0.00015716714215349324
1353,31.41659863945578,0.0001885334204416722,0.00018990597575510983
1354,31.43981859410431,0.0003566394734662026,0.00035923586938975226
1355,31.463038548752834,0.0004568239382933825,0.00046014969413200884
1356,31.48625850340136,0.00022927629470359534,0.00023094546505972362
1357,31.509478458049887,0.0002719492185860872,0.00027392905507386275
1358,31.532698412698412,0.000192147126654163,0.0001935459903624281
1359,31.555918367346937,0.00017850766016636044,0.00017980722624263843
1360,31.579138321995465,0.0002403221296845004,0.00024207171559485177
1361,31.60235827664399,0.0002567770716268569,0.00025864645230856703
1362,31.62557823129252,0.0004717748088296503,0.00047520940954441047
1363,31.648798185941043,0.00031120693893171847,0.00031347257828949764
1364,31.672018140589568,0.000396471907151863,0.000399358289956117
1365,31.695238095238096,0.0004082692030351609,0.0004112414721566041
1366,31.71845804988662,0.00039722101064398885,0.0004001128470488619
1367,31.741678004535146,0.00023578964464832097,0.00023750623329800148
1368,31.764897959183674,0.0003162264474667609,0.00031852862969897834
1369,31.7881179138322,0.0003670617879834026,0.00036973406012632697
1370,31.811337868480727,0.0005525446031242609,0.000556567221656046
1371,31.834557823129252,0.0004746515769511461,0.00047810712102630066
1372,31.857777777777777,0.00041914297617040575,0.00042219440820661985
1373,31.880997732426305,0.00028725696029141545,0.00028934823973803165
1374,31.90421768707483,0.0002706164959818125,0.00027258663002273505
1375,31.927437641723355,0.0004381061589810997,0.0004412956462080887
1376,31.950657596371883,0.00024018288240768015,0.00024193145457421236
1377,31.973877551020408,0.0002973460650537163,0.0002995107948961132
1378,31.997097505668933,0.00038215043605305254,0.0003849325561159482
1379,32.02031746031746,0.0002749271516222507,0.0002769286679681769
1380,32.04353741496599,0.0003838094125967473,0.00038660361029057216
1381,32.066757369614514,0.00044147600419819355,0.00044469002447055636
1382,32.08997732426304,0.0003298504452686757,0.00033225181251822044
1383,32.113197278911564,0.0002644779160618782,0.00026640336019866426
1384,32.13641723356009,0.0002815628831740469,0.000283612708772405
1385,32.15963718820862,0.0007221403648145497,0.0007273976692884832
1386,32.182857142857145,0.0003190353454556316,0.00032135797694215367
1387,32.20607709750567,0.00027136996504850686,0.0002733455844721726
1388,32.229297052154195,0.00033572473330423236,0.0003381688663681191
1389,32.25251700680272,0.00035959717934019864,0.0003622151078647239
1390,32.275736961451244,0.00033158581936731935,0.0003339998204349655
1391,32.298956916099776,0.00027886248426511884,0.00028089265050089727
1392,32.3221768707483,0.00034041397157125175,0.00034289224308594625
1393,32.345396825396826,0.0002490309125278145,0.00025084389985600026
1394,32.36861678004535,0.00026422273367643356,0.0002661463200421241
1395,32.391836734693875,0.00039050524355843663,0.0003933481880386022
1396,32.41505668934241,0.000352253409801051,0.000354817874436373
1397,32.43827664399093,0.0003137208695989102,0.0003160048107988073
1398,32.46149659863946,0.0003963650087825954,0.00039925061334857
1399,32.48471655328798,0.0003210546274203807,0.00032339195962247645
1400,32.507936507936506,0.00031834590481594205,0.0003206635170575414
1401,32.53115646258503,0.00039404607377946377,0.00039691479610486476
1402,32.55437641723356,0.00038791762199252844,0.0003907417281483209
1403,32.57759637188209,0.00024160064640454948,0.00024335954013371256
1404,32.60081632653061,0.00029946104041300714,0.0003016411676351385
1405,32.62403628117914,0.00032924534752964973,0.00033164230956490994
1406,32.64725623582766,0.00025574982282705605,0.0002576117249630787
1407,32.670476190476194,0.00044908985728397965,0.000452359307699625
1408,32.69369614512472,0.000319027021760121,0.0003213495926487264
1409,32.71691609977324,0.00032546266447752714,0.00032783208793787537
1410,32.74013605442177,0.0003458489663898945,0.0003483668055897207
1411,32.76335600907029,0.00037251930916681886,0.0003752313129906354
1412,32.78657596371882,0.00042755898903124034,0.0004306716910701046
1413,32.80979591836735,0.0005382480449043214,0.0005421665820647364
1414,32.833015873015874,0.00030535299447365105,0.0003075760161217867
1415,32.8562358276644,0.00044158470700494945,0.000444799518652203
1416,32.879455782312924,0.00045641325414180756,0.000459736020130077
1417,32.90267573696145,0.000522563059348613,0.0005263674071509012
1418,32.92589569160998,0.0003209884453099221,0.0003233252956950161
1419,32.949115646258505,0.00048585908371023834,0.0004893962203376128
1420,32.97233560090703,0.00040798401460051537,0.0004109542075017299
1421,32.995555555555555,0.00031934818252921104,0.0003216730915227479
1422,33.01877551020408,0.0003660931542981416,0.0003687583746233651
1423,33.041995464852604,0.0004282215959392488,0.0004313391218689128
1424,33.065215419501136,0.00046123500214889646,0.0004645928712813813
1425,33.08843537414966,0.000788453733548522,0.0007941938106067248
1426,33.111655328798186,0.0006967477384023368,0.0007018201802443689
1427,33.13487528344671,0.00048678164603188634,0.0004903254990696117
1428,33.158095238095235,0.0005757738254033029,0.0005799655566175578
1429,33.18131519274377,0.0006867030751891434,0.0006917023901774185
1430,33.20453514739229,0.0005628319922834635,0.0005669295047551069
1431,33.22775510204082,0.0002895415818784386,0.0002916494937581328
1432,33.25097505668934,0.0002939833211712539,0.00029612356966719885
1433,33.274195011337866,0.0003132397250737995,0.00031552016345985634
1434,33.29741496598639,0.00027273246087133884,0.000274717999495944
1435,33.32063492063492,0.00020650896476581693,0.00020801238509414813
1436,33.34385487528345,0.00029786437517032027,0.0003000328783983741
1437,33.36707482993197,0.00030322984093800187,0.0003054374056678905
1438,33.3902947845805,0.00025266691227443516,0.0002545063702981623
1439,33.41351473922902,0.00022690059267915785,0.00022855246752115845
1440,33.436734693877554,0.00022212289331946522,0.00022373998569888285
1441,33.45995464852608,0.0002380529185757041,0.00023978598424387565
1442,33.483174603174604,0.00022086389071773738,0.00022247181734443813
1443,33.50639455782313,0.00021213697618804872,0.00021368136939515958
1444,33.52961451247165,0.0003475941193755716,0.00035012466358545725
1445,33.55283446712018,0.00027689599664881825,0.0002789118465208441
1446,33.57605442176871,0.0003077391302213073,0.00030997952334284724
1447,33.599274376417235,0.00029877881752327085,0.00030095397804692477
1448,33.62249433106576,0.00028605933766812086,0.0002881418982186854
1449,33.645714285714284,0.00020956594380550086,0.00021109161946031028
1450,33.66893424036281,0.00025255349464714527,0.00025439212697128764
1451,33.69215419501134,0.00023467838764190674,0.0002363868861518912
1452,33.715374149659866,0.00017065882275346667,0.0001719012479606609
1453,33.73859410430839,0.00021673683659173548,0.00021831471756363289
1454,33.761814058956915,0.0001835785951698199,0.00018491507851395834
1455,33.78503401360544,0.00012103636981919408,0.00012191753514322707
1456,33.80825396825397,0.00029005890246480703,0.0002921705805262101
1457,33.8314739229025,0.00018799114332068712,0.00018935975076460633
1458,33.85469387755102,0.00016802444588392973,0.00016924769238020146
1459,33.877913832199546,0.0001548433065181598,0.00015597059208171592
1460,33.90113378684807,0.00023222726304084063,0.00023391791694753295
1461,33.924353741496596,0.0003050726663786918,0.00030729364719069696
1462,33.94757369614513,0.00032584017026238143,0.0003282123420289432
1463,33.97079365079365,0.00037719335523433983,0.0003799393869071722
1464,33.99401360544218,0.0003262512618675828,0.000328626426450833
1465,34.0172335600907,0.0002647481160238385,0.0002666755272622271
1466,34.04045351473923,0.0002197489229729399,0.0002213487324451391
1467,34.06367346938776,0.0001989634765777737,0.00020041196447088616
1468,34.08689342403628,0.00020682622562162578,0.00020833195566285757
1469,34.11011337868481,0.00025063412613235414,0.00025245878512780365
1470,34.13333333333333,0.00023576043895445764,0.00023747681498172778
1471,34.15655328798186,0.0003585827653296292,0.0003611933087479119
1472,34.17977324263038,0.00029262268799357116,0.00029475303084894956
1473,34.202993197278914,0.0003012754023075104,0.000303468738392309
1474,34.22621315192744,0.00028923043282702565,0.00029133607948879305
1475,34.249433106575964,0.00018659495981410146,0.00018795340280502337
1476,34.27265306122449,0.00020473782205954194,0.00020622834816823475
1477,34.29587301587301,0.00022049364633858204,0.00022209887752333576
1478,34.319092970521545,0.0003461636952124536,0.0003486838256915484
1479,34.34231292517007,0.00042812686297111213,0.0004312436992286826
1480,34.365532879818595,0.00029838582850061357,0.00030055812799745376
1481,34.38875283446712,0.00033887088648043573,0.0003413379240736561
1482,34.411972789115644,0.00032021416700445116,0.00032254538051201034
1483,34.43519274376417,0.00041912595042958856,0.0004221772585155186
1484,34.4584126984127,0.00026905417325906456,0.00027101293332528603
1485,34.481632653061226,0.00025352189550176263,0.00025536757794855923
1486,34.50485260770975,0.0002467757440172136,0.00024857231333571877
1487,34.528072562358275,0.000275422033155337,0.00027742715232285405
1488,34.5512925170068,0.00027258487534709275,0.0002745693395240217
1489,34.57451247165533,0.000317773490678519,0.0003200869356480031
1490,34.59773242630386,0.0003873883397318423,0.0003902085926229058
1491,34.62095238095238,0.00032410657149739563,0.00032646612237058646
1492,34.644172335600906,0.0002059099788311869,0.0002074090384402073
1493,34.66739229024943,0.000387371052056551,0.00039019117909040295
1494,34.690612244897956,0.0003711124591063708,0.00037381422082286676
1495,34.71383219954649,0.00035591027699410915,0.00035850136424352575
1496,34.73705215419501,0.00025185715639963746,0.000253690719263101
1497,34.76027210884354,0.00028816694975830615,0.00029026485408275584
1498,34.78349206349206,0.0004154124471824616,0.0004184367203342067
1499,34.80671201814059,0.0002586925111245364,0.00026057583653102764
1500,34.82993197278912,0.0003764928551390767,0.00037923378705227197
1501,34.853151927437644,0.0003520821046549827,0.00035464532215975396
1502,34.87637188208617,0.0005342608201317489,0.0005381503296187963
1503,34.89959183673469,0.0006782108685001731,0.0006831483587817916
1504,34.92281179138322,0.0005900964606553316,0.000594392463086178
1505,34.94603174603174,0.0005541706341318786,0.0005582050904454961
1506,34.969251700680275,0.0008130282512865961,0.0008189472350066392
1507,34.9924716553288,0.0005951497005298734,0.0005994824914050371
1508,35.015691609977324,0.0005903842393308878,0.0005946823368393565
1509,35.03891156462585,0.00034169782884418964,0.0003441854470578277
1510,35.062131519274374,0.0003578603791538626,0.0003604656634781259
1511,35.085351473922906,0.0005385400727391243,0.0005424607359117624
1512,35.10857142857143,0.0006241459050215781,0.0006286897931889427
1513,35.131791383219955,0.0006141217891126871,0.0006185927000141589
1514,35.15501133786848,0.0006887573981657624,0.0006937716689741274
1515,35.178231292517005,0.000562990375328809,0.0005670890408559157
1516,35.20145124716553,0.0004405844956636429,0.0004437920256024977
1517,35.22467120181406,0.0003579614858608693,0.00036056750625912734
1518,35.247891156462586,0.0005536095704883337,0.0005576399421633586
1519,35.27111111111111,0.00038422082434408367,0.0003870180171852861
1520,35.294331065759636,0.0004390591930132359,0.00044225561848980225
1521,35.31755102040816,0.00045765828690491617,0.00046099011694310525
1522,35.34077097505669,0.00037894889828749,0.00038170771061183723
1523,35.36399092970522,0.00038173687062226236,0.00038451597985859925
1524,35.38721088435374,0.00031148616108112037,0.0003137538332235586
1525,35.41043083900227,0.0003681692760437727,0.000370849610887826
1526,35.43365079365079,0.0005540244746953249,0.0005580578669434267
1527,35.456870748299316,0.0003967017983086407,0.00039958985475955117
1528,35.48009070294785,0.0003293139743618667,0.00033171143601211817
1529,35.50331065759637,0.0003790944174397737,0.0003818542891682584
1530,35.5265306122449,0.00044993561459705234,0.00045321122226954486
1531,35.54975056689342,0.0005416113417595625,0.0005455543642921652
1532,35.57297052154195,0.000474897853564471,0.00047835519057518787
1533,35.59619047619048,0.0004970246227458119,0.000500643046393253
1534,35.619410430839004,0.00039764412213116884,0.0004005390388595121
1535,35.64263038548753,0.00046017186832614243,0.0004635219976638795
1536,35.66585034013605,0.0004670029738917947,0.0004704028348379586
1537,35.68907029478458,0.0004591277102008462,0.000462470237890135
1538,35.71229024943311,0.0004276666441000998,0.000430780129886145
1539,35.735510204081635,0.000891274306923151,0.0008977629352142622
1540,35.75873015873016,0.00032067036954686046,0.0003230049042863907
1541,35.781950113378684,0.00026506453286856413,0.0002669942476753093
1542,35.80517006802721,0.0005479482933878899,0.0005519374500043493
1543,35.828390022675734,0.0006376153323799372,0.0006422572802655543
1544,35.851609977324266,0.0006737823132425547,0.0006786875628899373
1545,35.87482993197279,0.00104897515848279,0.001056611875750565
1546,35.898049886621315,0.0009441371657885611,0.0009510106446682271
1547,35.92126984126984,0.0004670053021982312,0.00047040518009486135
1548,35.944489795918365,0.0003400718269404024,0.0003425476075840888
1549,35.9677097505669,0.0003638731432147324,0.000366522201482315
1550,35.99092970521542,0.0002867486618924886,0.0002888362408404525
1551,36.014149659863946,0.0003667499986477196,0.000369420000911339
1552,36.03736961451247,0.00043583629303611815,0.00043900925525360864
1553,36.060589569160996,0.0006956814904697239,0.0007007461698457597
1554,36.08380952380952,0.00079582683974877,0.0008016205942720503
1555,36.10702947845805,0.0007121370290406048,0.0007173215075315563
1556,36.13024943310658,0.0007983932155184448,0.0008042056536930941
1557,36.1534693877551,0.0006123209604993463,0.0006167787610627355
1558,36.17668934240363,0.00048464941210113466,0.0004881777421137948
1559,36.19990929705215,0.0004586121067404747,0.0004619508807490235
1560,36.22312925170068,0.0005569632048718631,0.000561017991574641
1561,36.24634920634921,0.0004896431928500533,0.0004932078784345002
1562,36.26956916099773,0.0005400765221565962,0.0005440083709418798
1563,36.29278911564626,0.0005011542816646397,0.0005048027699302182
1564,36.31600907029478,0.0006296615465544164,0.0006342455895286857
1565,36.33922902494331,0.0003766598820220679,0.0003794020299193322
1566,36.36244897959184,0.0005051431362517178,0.0005088206640559902
1567,36.385668934240364,0.0003938298032153398,0.00039669695105431157
1568,36.40888888888889,0.00037667862488888204,0.00037942090923739923
1569,36.432108843537414,0.00029849939164705575,0.00030067251790288484
1570,36.45532879818594,0.00028510784613899887,0.0002871834796696699
1571,36.47854875283447,0.0003409813216421753,0.00034346372356172113
1572,36.501768707482995,0.00034545938251540065,0.0003479743854784699
1573,36.52498866213152,0.0006257296190597117,0.0006302850369341856
1574,36.548208616780045,0.00041475266334600747,0.0004177721331593931
1575,36.57142857142857,0.00028225433197803795,0.00028430919144109584
1576,36.594648526077094,0.00026330718537792563,0.0002652241063965446
1577,36.617868480725626,0.0002312434371560812,0.00023292692864328068
1578,36.64108843537415,0.00021564321650657803,0.00021721313573856084
1579,36.664308390022676,0.00027508544735610485,0.00027708811612185187
1580,36.6875283446712,0.00026535833603702486,0.00026729018978072363
1581,36.710748299319725,0.00035622637369669974,0.00035881976218378383
1582,36.73396825396826,0.00025949219707399607,0.0002613813443299846
1583,36.75718820861678,0.0002493095234967768,0.00025112453916012424
1584,36.78040816326531,0.00030419076210819185,0.00030640532250736206
1585,36.80362811791383,0.00037603077362291515,0.00037876834150421215
1586,36.826848072562356,0.0006993714487180114,0.0007044629916166427
1587,36.85006802721088,0.0005217174184508622,0.0005255156098438265
1588,36.87328798185941,0.00041678358684293926,0.0004198178421242295
1589,36.89650793650794,0.0004230956838000566,0.0004261758922189769
1590,36.91972789115646,0.0003473295655567199,0.00034985818376988357
1591,36.94294784580499,0.00030004032305441797,0.0003022246675525399
1592,36.96616780045351,0.00038633120129816234,0.00038914375804192854
1593,36.989387755102044,0.0003900370793417096,0.00039287661550688397
1594,37.01260770975057,0.0004172803310211748,0.00042031820268442885
1595,37.03582766439909,0.0007069112616591156,0.0007120576956762042
1596,37.05904761904762,0.00035239275894127786,0.00035495823806200186
1597,37.08226757369614,0.000205681863008067,0.00020717926189516147
1598,37.10548752834467,0.0003320137329865247,0.0003344308493379776
1599,37.1287074829932,0.0003217863559257239,0.0003241290152355847
1600,37.151927437641724,0.00047060343786142766,0.0004740295107966426
1601,37.17514739229025,0.0002837880456354469,0.0002858540707943524
1602,37.198367346938774,0.000587026821449399,0.0005913004763856072
1603,37.2215873015873,0.0006630179705098271,0.0006678448539143503
1604,37.24480725623583,0.0007334691472351551,0.0007388089271687167
1605,37.268027210884355,0.0007253900403156877,0.0007306710029790583
1606,37.29124716553288,0.0007289443747140467,0.0007342512135353567
1607,37.314467120181405,0.0005884369602426887,0.0005927208812287509
1608,37.33768707482993,0.0006486531347036362,0.0006533754396643679
1609,37.36090702947846,0.00047464834642596543,0.0004781038669823481
1610,37.384126984126986,0.0003436511615291238,0.0003461530003363804
1611,37.40734693877551,0.00022916366287972778,0.00023083201325705362
1612,37.430566893424036,0.0006493479013442993,0.0006540752643241452
1613,37.45378684807256,0.0004493558662943542,0.0004526272533007629
1614,37.477006802721085,0.0007645856239832938,0.0007701519371511014
1615,37.50022675736962,0.0005884727579541504,0.0005927569395536305
1616,37.52344671201814,0.0003947533550672233,0.0003976272265204942
1617,37.54666666666667,0.00029689338407479227,0.0002990548183227982
1618,37.56988662131519,0.0002576113911345601,0.0002594868458039522
1619,37.593106575963716,0.0002863463305402547,0.00028843098044765926
1620,37.61632653061225,0.00044411636190488935,0.00044734960442968473
1621,37.63954648526077,0.00043515514698810875,0.0004383231503467124
1622,37.6627664399093,0.00044851392158307135,0.0004517791790890213
1623,37.68598639455782,0.0003527392109390348,0.0003553072122891294
1624,37.70920634920635,0.0004900058265775442,0.0004935731521971018
1625,37.73242630385487,0.00045796201447956264,0.00046129605570606756
1626,37.755646258503404,0.00045533545198850334,0.0004586503713940879
1627,37.77886621315193,0.0003466399502940476,0.00034916354799100364
1628,37.802086167800454,0.00046550517436116934,0.00046889413107242676
1629,37.82530612244898,0.00028898296295665205,0.0002910868079957432
1630,37.8485260770975,0.00024175438738893718,0.00024351440037857154
1631,37.871746031746035,0.00027389382012188435,0.00027588781363903017
1632,37.89496598639456,0.0003065468627028167,0.0003087785759143773
1633,37.918185941043085,0.0003581250202842057,0.00036073223124083345
1634,37.94140589569161,0.00037157221231609583,0.00037427732111402383
1635,37.964625850340134,0.00023063429398462176,0.00023231335080610164
1636,37.98784580498866,0.00032163001014851034,0.00032397153123456577
1637,38.01106575963719,0.0002791945298667997,0.0002812271134509391
1638,38.034285714285716,0.0003448351635597646,0.0003473456221028457
1639,38.05750566893424,0.0004120850935578346,0.00041508514301021396
1640,38.080725623582765,0.00035790723632089794,0.0003605128617732935
1641,38.10394557823129,0.0003066195931751281,0.0003088518358768766
1642,38.12716553287982,0.0002334889431949705,0.00023518878234741583
1643,38.15038548752835,0.0002641578030306846,0.00026608091669024896
1644,38.17360544217687,0.0002793619642034173,0.0002813957667379573
1645,38.196825396825396,0.00043774055666290224,0.0004409273822429361
1646,38.22004535147392,0.0003701249079313129,0.0003728194801075701
1647,38.243265306122446,0.0002942720602732152,0.00029641441083884975
1648,38.26648526077098,0.00021145683422219008,0.00021299627588030267
1649,38.2897052154195,0.00021152760018594563,0.00021306755703229027
1650,38.31292517006803,0.0002179384173359722,0.0002195250460197138
1651,38.33614512471655,0.0002710660337470472,0.0002730394404992313
1652,38.35936507936508,0.00037396419793367386,0.0003766867207930525
1653,38.38258503401361,0.0005078418180346489,0.0005115389927005322
1654,38.40580498866213,0.00040523119969293475,0.00040818135163419927
1655,38.42902494331066,0.0002880769898183644,0.00029017423921917624
1656,38.45224489795918,0.00024720787769183517,0.0002490075930168671
1657,38.47546485260771,0.00032539202948100865,0.00032776093870658855
1658,38.49868480725623,0.00022260850528255105,0.00022422913299951594
1659,38.521904761904764,0.00021653584553860128,0.00021811226326150395
1660,38.54512471655329,0.00039902960998006165,0.0004019346132951981
1661,38.568344671201814,0.00026924029225483537,0.0002712004072989487
1662,38.59156462585034,0.0002808853460010141,0.000282930239013708
1663,38.61478458049886,0.00017029582522809505,0.00017153560775166828
1664,38.638004535147395,0.0001647087192395702,0.0001659078266828668
1665,38.66122448979592,0.00017681709141470492,0.00017810434986341545
1666,38.684444444444445,0.00020108961325604469,0.000202553579785189
1667,38.70766439909297,0.00031171730370260775,0.000313986658602578
1668,38.730884353741494,0.000302131287753582,0.00030433085482975576
1669,38.75410430839002,0.0005265214713290334,0.0005303546370426699
1670,38.77732426303855,0.00032898690551519394,0.0003313819860487059
1671,38.800544217687076,0.00029448617715388536,0.00029663008652676783
1672,38.8237641723356,0.0003232317976653576,0.0003255849800365162
1673,38.846984126984125,0.00023728936503175646,0.0002390168719004781
1674,38.87020408163265,0.0002599891449790448,0.00026188191010016287
1675,38.89342403628118,0.0003335877845529467,0.00033601636026707416
1676,38.91664399092971,0.0003829300694633275,0.00038571786538983026
1677,38.93986394557823,0.0003070850798394531,0.0003093207113631566
1678,38.963083900226756,0.00036849002935923636,0.00037117269934188954
1679,38.98630385487528,0.0003679500368889421,0.00037062877563472183
1680,39.00952380952381,0.0004995008348487318,0.0005031372857407382
1681,39.03274376417234,0.0006691782618872821,0.0006740499932590391
1682,39.05596371882086,0.00036976690171286464,0.00037245886754306277
1683,39.07918367346939,0.000307481677737087,0.0003097201965608269
1684,39.10240362811791,0.00027770124142989516,0.0002797229536206563
1685,39.12562358276644,0.0005052542546764016,0.0005089325914416734
1686,39.14884353741497,0.0002809104335028678,0.000282955509156835
1687,39.172063492063494,0.00027456777752377093,0.00027656667756523917
1688,39.19528344671202,0.00027224697987549007,0.0002742289841160117
1689,39.21850340136054,0.0002548933553043753,0.00025674902221140623
1690,39.24172335600907,0.00020719438907690346,0.00020870279941060315
1691,39.2649433106576,0.00025080295745283365,0.00025262884556896345
1692,39.288163265306125,0.00018922546587418765,0.000190603059395882
1693,39.31138321995465,0.00021799604292027652,0.00021958309112805657
1694,39.334603174603174,0.0003038535942323506,0.0003060656999921342
1695,39.3578231292517,0.00028223765548318624,0.00028429239353852995
1696,39.381043083900224,0.00023451389279216528,0.0002362211937517127
1697,39.404263038548756,0.0002549294149503112,0.0002567853443776874
1698,39.42748299319728,0.00022081985662225634,0.0002224274626732651
1699,39.450702947845805,0.00029969183378852904,0.0003018736412256225
1700,39.47392290249433,0.00022086111130192876,0.0002224690176940105
1701,39.497142857142855,0.0002609678194858134,0.00026286770952351786
1702,39.52036281179139,0.0003042260359507054,0.0003064408531494386
1703,39.54358276643991,0.00038169592153280973,0.0003844747326528223
1704,39.566802721088436,0.00032914738403633237,0.00033154363288072716
1705,39.59002267573696,0.00045422330731526017,0.00045753013011878347
1706,39.613242630385486,0.0002503885771147907,0.00025221144847169854
1707,39.63646258503401,0.00021130780805833638,0.00021284616478067173
1708,39.65968253968254,0.00029708523652516305,0.0002992480674915839
1709,39.68290249433107,0.00033133834949694574,0.00033375054894191564
1710,39.70612244897959,0.0003583627112675458,0.0003609716526548918
1711,39.72934240362812,0.00044452695874497294,0.0004477631904844827
1712,39.75256235827664,0.00027408640016801655,0.00027608179570059793
1713,39.77578231292517,0.0006871173973195255,0.0006921197286432608
1714,39.7990022675737,0.000491536979097873,0.0004951154517677654
1715,39.82222222222222,0.0004647132009267807,0.0004680963919369602
1716,39.84544217687075,0.00042088268673978746,0.0004239467841643463
1717,39.86866213151927,0.0003874517569784075,0.0003902724715577941
1718,39.8918820861678,0.0002730624401010573,0.0002750503810304847
1719,39.91510204081633,0.00043987316894344985,0.0004430755203029997
1720,39.938321995464854,0.0004195875080768019,0.00042264217638077526
1721,39.96154195011338,0.0003098899614997208,0.0003121460130381748
1722,39.9847619047619,0.000458588358014822,0.00046192695912861554
1723,40.00798185941043,0.0002998357522301376,0.000302018607417923
1724,40.03120181405896,0.00042152852984145284,0.0004245973291134547
1725,40.054421768707485,0.0004982137470506132,0.0005018408277249043
1726,40.07764172335601,0.00039065597229637206,0.00039350001410734325
1727,40.100861678004534,0.0004711424116976559,0.0004745724084539153
1728,40.12408163265306,0.0003187537076883018,0.00032107428880405616
1729,40.147301587301584,0.000415581715060398,0.0004186072205110358
1730,40.170521541950116,0.00039647985249757767,0.0003993662931452976
1731,40.19374149659864,0.00037403308670036495,0.0003767561110816623
1732,40.216961451247165,0.0003512480470817536,0.00035380519250577034
1733,40.24018140589569,0.00043597572948783636,0.0004391497068263714
1734,40.263401360544215,0.0004200413532089442,0.00042309932558254164
1735,40.28662131519275,0.00043556495802477,0.00043873594487730573
1736,40.30984126984127,0.0003282383840996772,0.00033062801527018667
1737,40.333061224489796,0.00042559290886856616,0.0004286912975100094
1738,40.35628117913832,0.0004789922677446157,0.0004824794127857878
1739,40.379501133786846,0.0005516895325854421,0.0005557059260585151
1740,40.40272108843537,0.0006880438886582851,0.0006930529649962832
1741,40.4259410430839,0.0004358614678494632,0.0004390346133438695
1742,40.44916099773243,0.00043366311001591384,0.00043682025109201484
1743,40.47238095238095,0.0004414685536175966,0.0004446825196484676
1744,40.49560090702948,0.00041890470311045647,0.0004219544004783358
1745,40.518820861678,0.00035786471562460065,0.00036047003151910725
1746,40.542040816326534,0.000402973557356745,0.0004059072732784586
1747,40.56526077097506,0.0004041203937958926,0.0004070624588816139
1748,40.58848072562358,0.0004040905914735049,0.0004070324395932588
1749,40.61170068027211,0.00033328807330690324,0.00033571446707226913
1750,40.63492063492063,0.00043286546133458614,0.00043601679539284784
1751,40.658140589569165,0.0003492315881885588,0.00035177405344944215
1752,40.68136054421769,0.00034612015588209033,0.0003486399693874672
1753,40.704580498866214,0.00039610921521671116,0.00039899295756209285
1754,40.72780045351474,0.0003200843930244446,0.00032241466175539395
1755,40.751020408163264,0.0004397368466015905,0.00044293820551134436
1756,40.77424036281179,0.0006397701799869537,0.000644427815529039
1757,40.79746031746032,0.0005845315754413605,0.000588787064562942
1758,40.820680272108845,0.000512530212290585,0.0005162615192627322
1759,40.84390022675737,0.00036238267784938216,0.0003650208852760267
1760,40.867120181405895,0.00032691442174836993,0.0003292944142481556
1761,40.89034013605442,0.0004465760139282793,0.0004498271631374492
1762,40.91356009070295,0.0005822409875690937,0.0005864798008220276
1763,40.936780045351476,0.0006633095908910036,0.0006681385973414183
1764,40.96,0.00044714563409797847,0.00045040093023870426
1765,40.983219954648526,0.0004596163344103843,0.00046296241936688603
1766,41.00643990929705,0.00041747972136363387,0.00042051904462243715
1767,41.029659863945575,0.0006221362855285406,0.0006266655433247662
1768,41.05287981859411,0.0005215380224399269,0.0005253349077994705
1769,41.07609977324263,0.0004199080867692828,0.00042296508894057114
1770,41.09931972789116,0.0005635632551275194,0.0005676660913168346
1771,41.12253968253968,0.0004318852734286338,0.0004350294715525061
1772,41.145759637188206,0.0002553471131250262,0.0002572060834660387
1773,41.16897959183674,0.00024891967768780887,0.0002507318552074719
1774,41.19219954648526,0.00024042210134211928,0.00024217241506311314
1775,41.21541950113379,0.00031024173949845135,0.0003125003520404673
1776,41.23863945578231,0.0004335131961852312,0.00043666924586318977
1777,41.26185941043084,0.0005456572398543358,0.0005496297172120543
1778,41.28507936507936,0.0006169881671667099,0.0006214799457871206
1779,41.308299319727894,0.0008020831737667322,0.0008079224754639771
1780,41.33151927437642,0.0006413297378458083,0.0006459987272339159
1781,41.35473922902494,0.0010766106424853206,0.0010844485507690877
1782,41.37795918367347,0.0010427777888253331,0.0010503693881897002
1783,41.40117913832199,0.001102950656786561,0.0011109803248469262
1784,41.424399092970525,0.0006574409198947251,0.0006622272014237975
1785,41.44761904761905,0.0006300161476247013,0.0006346027721549728
1786,41.470839002267574,0.0008637594291940331,0.0008700477445033016
1787,41.4940589569161,0.0005054185749031603,0.0005090981079475843
1788,41.517278911564624,0.000436245696619153,0.00043942163936424396
1789,41.54049886621315,0.0003284980193711817,0.00033088954073055333
1790,41.56371882086168,0.0004075982142239809,0.00041056559843294604
1791,41.586938775510205,0.000500141060911119,0.0005037821727575688
1792,41.61015873015873,0.0005334074958227575,0.0005372907929639425
1793,41.633378684807255,0.00043763991561718285,0.0004408260085133152
1794,41.65659863945578,0.000650624162517488,0.0006553608168953814
1795,41.67981859410431,0.000484078103909269,0.0004876022747012853
1796,41.703038548752836,0.0005362736992537975,0.0005401778628426365
1797,41.72625850340136,0.0006542662740685046,0.0006590294436369131
1798,41.749478458049886,0.000707897765096277,0.0007130513810258947
1799,41.77269841269841,0.0006194709567353129,0.0006239808104853561
1800,41.795918367346935,0.0005680258618667722,0.0005721611865908915
1801,41.81913832199547,0.0005294199218042195,0.000533274188729467
1802,41.84235827664399,0.0005031738546676934,0.0005068370457676538
1803,41.86557823129252,0.000633751624263823,0.0006383654436983043
1804,41.88879818594104,0.0006383692962117493,0.0006430167330820836
1805,41.912018140589566,0.0005282244528643787,0.0005320700165727557
1806,41.9352380952381,0.0005208569928072393,0.0005246489201554194
1807,41.95845804988662,0.00043371302308514714,0.0004368705275368673
1808,41.98167800453515,0.00033648082171566784,0.00033893045923157224
1809,42.00489795918367,0.0004189115425106138,0.0004219612896704876
1810,42.0281179138322,0.0007515950710512698,0.0007570668107879607
1811,42.05133786848072,0.0007197288214229047,0.0007249685694514715
1812,42.074557823129254,0.000730576750356704,0.0007358954731498668
1813,42.09777777777778,0.0006315223290584981,0.0006361199188453546
1814,42.120997732426304,0.0004968676366843283,0.0005004849174465859
1815,42.14421768707483,0.0005860606324858963,0.0005903272534023931
1816,42.16743764172335,0.0006990684778429568,0.0007041578150621739
1817,42.190657596371885,0.00045664908247999847,0.00045997356533861313
1818,42.21387755102041,0.0003220138023607433,0.00032435811751927097
1819,42.237097505668935,0.0002522779686842114,0.00025411459513255977
1820,42.26031746031746,0.0003095095744356513,0.0003117628566916898
1821,42.283537414965984,0.00035416436730884016,0.0003567427440392958
1822,42.30675736961451,0.0005353971500881016,0.0005392949322501779
1823,42.32997732426304,0.0006552952108904719,0.000660065871293656
1824,42.353197278911566,0.0007645626901648939,0.0007701288363706094
1825,42.37641723356009,0.0006983816274441779,0.0007034659642758659
1826,42.399637188208615,0.0006922904867678881,0.0006973304790611884
1827,42.42285714285714,0.0006647476693615317,0.0006695871452673949
1828,42.44607709750567,0.0004712840018328279,0.00047471502938931315
1829,42.4692970521542,0.0005124181625433266,0.0005161486537742879
1830,42.49251700680272,0.0005780377541668713,0.0005822459671669358
1831,42.515736961451246,0.00040454661939293146,0.0004074917874733715
1832,42.53895691609977,0.0003835574898403138,0.0003863498534936958
1833,42.5621768707483,0.00038296697312034667,0.0003857550377117387
1834,42.58539682539683,0.00034534421865828335,0.0003478583832089182
1835,42.60861678004535,0.0004140830133110285,0.0004170976079584541
1836,42.63183673469388,0.00039660235051997006,0.0003994896829740929
1837,42.6550566893424,0.0004368973313830793,0.000440078018139898
1838,42.67827664399093,0.00047564879059791565,0.0004791115945577437
1839,42.70149659863946,0.00029858562629669905,0.00030075938035542
1840,42.72471655328798,0.00027605859213508666,0.0002780683455600628
1841,42.74793650793651,0.00039478985127061605,0.0003976639884224446
1842,42.77115646258503,0.00038234490784816444,0.00038512844369874944
1843,42.79437641723356,0.00042209040839225054,0.00042516329823550817
1844,42.81759637188209,0.000680057390127331,0.0006850083233999312
1845,42.840816326530614,0.0007077925838530064,0.0007129454340453135
1846,42.86403628117914,0.0005152536905370653,0.0005190048248932882
1847,42.887256235827664,0.000548774260096252,0.0005527694298905958
1848,42.91047619047619,0.000688162341248244,0.00069317227994121
1849,42.93369614512471,0.0006194860907271504,0.0006239960546552238
1850,42.956916099773245,0.0003942113253287971,0.0003970812507135366
1851,42.98013605442177,0.0003779229009523988,0.0003806742438419341
1852,43.003356009070295,0.0003705312265083194,0.0003732287567528093
1853,43.02657596371882,0.00033337518107146025,0.00033580220899614283
1854,43.049795918367344,0.00023050080926623195,0.0002321788942962965
1855,43.073015873015876,0.0002473407075740397,0.00024914138992316833
1856,43.0962358276644,0.0002772719308268279,0.00027929051756350254
1857,43.119455782312926,0.00023090105969458818,0.00023258205861573296
1858,43.14267573696145,0.0002945240994449705,0.0002966682848985712
1859,43.165895691609975,0.00040704739512875676,0.0004100107692811806
1860,43.1891156462585,0.0004226226592436433,0.0004256994239634743
1861,43.21233560090703,0.00041104527190327644,0.0004140377512774508
1862,43.23555555555556,0.000385858555091545,0.00038866767089067254
1863,43.25877551020408,0.000446364632807672,0.00044961424312639183
1864,43.281995464852606,0.0004917847691103816,0.0004953650457336393
1865,43.30521541950113,0.0003953525156248361,0.00039823074906870275
1866,43.32843537414966,0.0004089638532605022,0.0004119411795535362
1867,43.35165532879819,0.00033704424276947975,0.00033949798208632374
1868,43.37487528344671,0.00030261915526352823,0.0003048222740980134
1869,43.39809523809524,0.000338997837388888,0.000341465799206278
1870,43.42131519274376,0.00042751728324219584,0.0004306296816558343
1871,43.44453514739229,0.00037547899410128593,0.00037821254493397436
1872,43.46775510204082,0.0003469974035397172,0.0003495236035569966
1873,43.490975056689344,0.0004278494161553681,0.00043096423255301
1874,43.51419501133787,0.0005714049912057817,0.0005755649165652588
1875,43.53741496598639,0.00048084117588587105,0.0004843417812922527
1876,43.56063492063492,0.00044691810035146773,0.00045017174000788415
1877,43.58385487528345,0.00045720033813267946,0.0004605288342260478
1878,43.607074829931975,0.000561236054636538,0.0005653219484111246
1879,43.6302947845805,0.0004160743555985391,0.000419103447555944
1880,43.653514739229024,0.00036749878199771047,0.0003701742355312598
1881,43.67673469387755,0.0003879216965287924,0.0003907458323479007
1882,43.699954648526074,0.00043652471504174173,0.00043970268908832594
1883,43.723174603174606,0.0006959492457099259,0.0007010158743895747
1884,43.74639455782313,0.0006199245108291507,0.0006244376665300096
1885,43.769614512471655,0.0007616101065650582,0.0007671547574608238
1886,43.79283446712018,0.0008246781071648002,0.0008306819038137604
1887,43.816054421768705,0.0007606587605550885,0.0007661964854903647
1888,43.83927437641724,0.00037683109985664487,0.00037957449424881736
1889,43.86249433106576,0.00047240027924999595,0.00047583943349561997
1890,43.885714285714286,0.0004157638468313962,0.0004187906782322525
1891,43.90893424036281,0.0006859985878691077,0.0006909927740700722
1892,43.932154195011336,0.0004447583924047649,0.0004479963090206149
1893,43.95537414965986,0.00042243156349286437,0.000425506937003182
1894,43.97859410430839,0.0005442562396638095,0.0005482185175022538
1895,44.00181405895692,0.00043933323468081653,0.0004425316552272546
1896,44.02503401360544,0.0004801880568265915,0.0004836839074153232
1897,44.04825396825397,0.0005798990023322403,0.0005841207655349853
1898,44.07147392290249,0.00048682084889151156,0.0004903649873327115
1899,44.09469387755102,0.0002694011782296002,0.000271362464550928
1900,44.11791383219955,0.00027218263130635023,0.0002741641670783623
1901,44.14113378684807,0.00042465669685043395,0.00042774826970941814
1902,44.1643537414966,0.0002214853884652257,0.00022309783970105734
1903,44.18757369614512,0.00035258271964266896,0.0003551495817095541
1904,44.210793650793654,0.0006585441878996789,0.0006633385014071602
1905,44.23401360544218,0.0006677971105091274,0.0006726587868643345
1906,44.257233560090704,0.0004617891972884536,0.00046515110105565567
1907,44.28045351473923,0.0005534287192858756,0.0005574577743334383
1908,44.30367346938775,0.0006350909825414419,0.0006397145527316048
1909,44.32689342403628,0.0004678788536693901,0.00047128509116905765
1910,44.35011337868481,0.0006230993312783539,0.0006276356002111617
1911,44.373333333333335,0.0006653246819041669,0.0006701683585593161
1912,44.39655328798186,0.000518630666192621,0.0005224063855050206
1913,44.419773242630384,0.0004375038552097976,0.00044068895756306146
1914,44.44299319727891,0.00035204875166527927,0.00035461172635462224
1915,44.46621315192744,0.0003493583353701979,0.000351901723372085
1916,44.489433106575966,0.0003865131293423474,0.00038932701055316627
1917,44.51265306122449,0.0004485906974878162,0.0004518565139353891
1918,44.535873015873015,0.00029369621188379824,0.00029583437017537985
1919,44.55909297052154,0.000401475524995476,0.00040439833498723645
1920,44.582312925170065,0.0004690781934186816,0.0004724931623153697
1921,44.6055328798186,0.0005850977031514049,0.000589357313778843
1922,44.62875283446712,0.0005696228472515941,0.00057376979830048
1923,44.651972789115646,0.0005361505318433046,0.0005400537987524817
1924,44.67519274376417,0.0003807763569056988,0.0003835484734390856
1925,44.698412698412696,0.0005617216229438782,0.0005658110517381908
1926,44.72163265306123,0.0006643576780334115,0.0006691943147361861
1927,44.74485260770975,0.0002845333656296134,0.0002866048168446304
1928,44.76807256235828,0.00039342898526228964,0.0003962932150785051
1929,44.7912925170068,0.0005940813571214676,0.0005984063702752154
1930,44.81451247165533,0.0007012650603428483,0.0007063703890556401
1931,44.83773242630385,0.0006015314720571041,0.0006059107233125989
1932,44.860952380952384,0.0004438366158865392,0.00044706782181282064
1933,44.88417233560091,0.00033451453782618046,0.000336949860461498
1934,44.90739229024943,0.0003510595124680549,0.00035361528532807106
1935,44.93061224489796,0.0005723185604438186,0.0005764851367424709
1936,44.95383219954648,0.0004986425628885627,0.0005022727654149661
1937,44.977052154195015,0.0004903525696136057,0.0004939224195813422
1938,45.00027210884354,0.00028596981428563595,0.0002880517230907751
1939,45.023492063492064,0.0004688746412284672,0.0004722881282306478
1940,45.04671201814059,0.0003450328076723963,0.00034754470509817687
1941,45.069931972789114,0.0005705527146346867,0.0005747064352760112
1942,45.09315192743764,0.00039916596142575145,0.0004020719574025647
1943,45.11637188208617,0.00033400580286979675,0.0003364374218282496
1944,45.139591836734695,0.00033671341952867806,0.00033916475039615584
1945,45.16281179138322,0.00031124017550610006,0.00031350605683178425
1946,45.186031746031745,0.0002730328415054828,0.00027502056695210864
1947,45.20925170068027,0.00031064459471963346,0.00031290614011606366
1948,45.2324716553288,0.0002742868091445416,0.0002762836636885012
1949,45.255691609977326,0.00041637226240709424,0.00041940352317664946
1950,45.27891156462585,0.0005057326052337885,0.0005094144244723411
1951,45.302131519274376,0.00041477096965536475,0.00041779057274179087
1952,45.3253514739229,0.0006687626009806991,0.0006736313062704777
1953,45.348571428571425,0.0005135550745762885,0.0005172938427198952
1954,45.37179138321996,0.0002832570462487638,0.0002853192056419716
1955,45.39501133786848,0.0002636141434777528,0.00026553329920345946
1956,45.41823129251701,0.0004778961301781237,0.0004813752951516897
1957,45.44145124716553,0.0003063374024350196,0.00030856759074026464
1958,45.464671201814056,0.0004470364947337657,0.0004502909963213884
1959,45.48789115646259,0.00044246669858694077,0.0004456879312826717
1960,45.51111111111111,0.0003329056198708713,0.000335329229310283
1961,45.53433106575964,0.00032881987863220274,0.0003312137431816457
1962,45.55755102040816,0.0003034426481463015,0.0003056517621488008
1963,45.58077097505669,0.0003327424346935004,0.00033516485611711225
1964,45.60399092970521,0.0005110750789754093,0.0005147957923299429
1965,45.627210884353744,0.0006032962119206786,0.0006076883107820298
1966,45.65043083900227,0.0005607286002486944,0.0005648107996691727
1967,45.67365079365079,0.0005940332775935531,0.0005983579407201738
1968,45.69687074829932,0.0004005809314548969,0.0004034972286537817
1969,45.72009070294784,0.00039494328666478395,0.0003978185408523351
1970,45.743310657596375,0.0004529246944002807,0.0004562220630812809
1971,45.7665306122449,0.0004825203795917332,0.0004860332098862192
1972,45.789750566893424,0.0006951974937692285,0.0007002586495671028
1973,45.81297052154195,0.0006319187232293189,0.0006365191988330458
1974,45.836190476190474,0.0004453970759641379,0.00044863964230474745
1975,45.859410430839006,0.0003465768531896174,0.00034909999152893937
1976,45.88263038548753,0.0003946965152863413,0.0003975699729363561
1977,45.905850340136055,0.00035134475911036134,0.00035390260861436785
1978,45.92907029478458,0.00043359227129258215,0.000436748896650749
1979,45.952290249433105,0.0005092966603115201,0.0005130044264762085
1980,45.97551020408163,0.0004258176195435226,0.00042891764411683497
1981,45.99873015873016,0.00043438252760097384,0.00043754490615924985
1982,46.021950113378686,0.0006323365378193557,0.0006369400551842423
1983,46.04517006802721,0.0006412132061086595,0.0006458813471259339
1984,46.068390022675736,0.0005582902231253684,0.0005623546707463569
1985,46.09160997732426,0.0005880437092855573,0.0005923247673378783
1986,46.11482993197279,0.0006236121407710016,0.0006281521430439898
1987,46.13804988662132,0.000484977790620178,0.0004885085112842149
1988,46.16126984126984,0.000455484667327255,0.0004588006730458422
1989,46.18448979591837,0.0003189376147929579,0.0003212595347836612
1990,46.20770975056689,0.00066431297454983,0.0006691492858036536
1991,46.23092970521542,0.0007155326311476529,0.0007207418301985105
1992,46.25414965986395,0.0009493158431723714,0.0009562270237027212
1993,46.27736961451247,0.0009333112393505871,0.0009401059036475626
1994,46.300589569161,0.0008806541445665061,0.0008870654562723772
1995,46.32380952380952,0.0006138083408586681,0.0006182769698036277
1996,46.34702947845805,0.0005218315054662526,0.0005256305274320607
1997,46.37024943310658,0.0006200486677698791,0.0006245627273543481
1998,46.393469387755104,0.0005140122957527637,0.0005177543925441705
1999,46.41668934240363,0.0006867233314551413,0.0006917227939124723
2000,46.439909297052154,0.0006273217732086778,0.000631888782235701
2001,46.46312925170068,0.0006813891232013702,0.0006863497517168752
2002,46.4863492063492,0.0004742784658446908,0.00047773129360763675
2003,46.509569160997735,0.00044995828648097813,0.0004532340592086353
2004,46.53278911564626,0.0004531749291345477,0.00045647411956690277
2005,46.556009070294785,0.0005179751897230744,0.000521746137055477
2006,46.57922902494331,0.0004939052159897983,0.0004975009298263861
2007,46.602448979591834,0.00037215958582237363,0.00037486897079916224
2008,46.625668934240366,0.0004389826499391347,0.0004421785181691247
2009,46.64888888888889,0.0005070645129308105,0.0005107560286835528
2010,46.672108843537416,0.0005872623878531158,0.0005915377577527418
2011,46.69532879818594,0.00047667615581303835,0.0004801464391660772
2012,46.718548752834465,0.0006026607006788254,0.0006070481729104273
2013,46.74176870748299,0.0004454702720977366,0.0004487133713186273
2014,46.76498866213152,0.000527947791852057,0.0005317913414212877
2015,46.78820861678005,0.00047972705215215683,0.0004832195465485809
2016,46.81142857142857,0.0004969722358509898,0.0005005902781129414
2017,46.834648526077096,0.0005294383154250681,0.0005332927162589986
2018,46.85786848072562,0.0009044251055456698,0.000911009473883734
2019,46.88108843537415,0.0008874705526977777,0.0008939314890122579
2020,46.90430839002268,0.0006435823161154985,0.0006482677046558932
2021,46.9275283446712,0.0005706759984605014,0.0005748306166290113
2022,46.95074829931973,0.0007160147069953382,0.0007212274156402226
2023,46.97396825396825,0.0004742105375044048,0.00047766287073749936
2024,46.99718820861678,0.000484452088130638,0.0004879789815912877
2025,47.02040816326531,0.00076372514013201,0.0007692851888312717
2026,47.04362811791383,0.0006143440841697156,0.0006188166134169479
2027,47.06684807256236,0.0005652373656630516,0.0005693523896613264
2028,47.09006802721088,0.0006648838752880692,0.0006697243427962051
2029,47.11328798185941,0.0005152263329364359,0.0005189772681246811
2030,47.13650793650794,0.0006891623488627374,0.0006941795677809363
2031,47.159727891156464,0.0005191878881305456,0.0005229676641132686
2032,47.18294784580499,0.0005477179656736553,0.0005517054454652458
2033,47.206167800453514,0.0004416056617628783,0.00044482062596432764
2034,47.22938775510204,0.0006429522181861103,0.0006476330195065895
2035,47.25260770975056,0.0004936049808748066,0.000497198508948778
2036,47.275827664399095,0.000557432824280113,0.0005614910298919234
2037,47.29904761904762,0.0005702560301870108,0.0005744075909151797
2038,47.322267573696145,0.0004974203766323626,0.000501041681435296
2039,47.34548752834467,0.0006036818376742303,0.0006080767439565459
2040,47.368707482993194,0.0007902166107669473,0.0007959695218706335
2041,47.391927437641726,0.001094895415008068,0.0011028664395405208
2042,47.41514739229025,0.0007153707556426525,0.0007205787762123476
2043,47.438367346938776,0.000556435901671648,0.0005604868495175932
2044,47.4615873015873,0.0006730487802997231,0.0006779486897027294
2045,47.484807256235825,0.0005409361911006272,0.0005448742984217934
2046,47.50802721088435,0.0005612417007796466,0.0005653276356591138
2047,47.53124716553288,0.0006201176438480616,0.0006246322055900918
2048,47.55446712018141,0.0005583351594395936,0.0005623999342045798
2049,47.57768707482993,0.000670844514388591,0.0006757283763614841
2050,47.600907029478456,0.0007427369127981365,0.0007481441636386458
2051,47.62412698412698,0.0007189555326476693,0.0007241896510026493
2052,47.64734693877551,0.000729506544303149,0.000734817475814523
2053,47.67056689342404,0.0007518227212131023,0.0007572961182816259
2054,47.69378684807256,0.0008966884342953563,0.0009032164783530458
2055,47.71700680272109,0.0012054888065904379,0.0012142649697921613
2056,47.74022675736961,0.0006317594670690596,0.0006363587832608985
2057,47.763446712018144,0.00046075612772256136,0.0004641105105679105
2058,47.78666666666667,0.00047162521514110267,0.0004750587267884095
2059,47.809886621315194,0.0006038326537236571,0.0006082286579724208
2060,47.83310657596372,0.0006069839000701904,0.0006114028459274326
2061,47.85632653061224,0.0005193036631681025,0.0005230842820127573
2062,47.87954648526077,0.0005130533827468753,0.0005167884984887775
2063,47.9027664399093,0.0006071769166737795,0.0006115972677246697
2064,47.925986394557825,0.0006828546174801886,0.0006878259150428815
2065,47.94920634920635,0.001096135820262134,0.001104115875155455
2066,47.972426303854874,0.0011342824436724186,0.0011425402124613916
2067,47.9956462585034,0.0008542478317394853,0.0008604669010042332
2068,48.01886621315193,0.000773932202719152,0.0007795665605671882
2069,48.042086167800456,0.0005749611300416291,0.0005791469446956569
2070,48.06530612244898,0.0006772951455786824,0.0006822259692419445
2071,48.088526077097505,0.0007899067713879049,0.0007956574268083016
2072,48.11174603174603,0.0009413695079274476,0.0009482228377879415
2073,48.134965986394555,0.0012802088167518377,0.0012895289543148542
2074,48.15818594104309,0.0012050103396177292,0.0012137830194986485
2075,48.18140589569161,0.0008592440281063318,0.0008654994705289751
2076,48.204625850340136,0.0007627700688317418,0.0007683231644497683
2077,48.22784580498866,0.0007164770504459739,0.0007216931250296839
2078,48.251065759637186,0.000671719026286155,0.0006766092548541528
2079,48.27428571428572,0.0008589843637309968,0.0008652379157528972
2080,48.29750566893424,0.0009542404441162944,0.000961187476577704
2081,48.32072562358277,0.0006403857260011137,0.0006450478428227006
2082,48.34394557823129,0.001029070932418108,0.001036562743540432
2083,48.36716553287982,0.0009397367830388248,0.000946578226384896
2084,48.39038548752834,0.0008196082781068981,0.0008255751655394692
2085,48.41360544217687,0.0006339328247122467,0.0006385479633167601
2086,48.4368253968254,0.0009742897818796337,0.0009813827769243005
2087,48.46004535147392,0.00080682901898399,0.000812702871240252
2088,48.48326530612245,0.000665517698507756,0.0006703627803565532
2089,48.50648526077097,0.000809899705927819,0.0008157959133064291
2090,48.529705215419504,0.0005207029753364623,0.0005244937814113032
2091,48.55292517006803,0.0005930968327447772,0.0005974146783938923
2092,48.576145124716554,0.0005316071910783648,0.0005354773816953223
2093,48.59936507936508,0.0003958720189984888,0.00039875403451512635
2094,48.6225850340136,0.00045213481644168496,0.0004554264346770268
2095,48.64580498866213,0.0006338309030979872,0.0006384452996958426
2096,48.66902494331066,0.0005803231615573168,0.0005845480127112417
2097,48.692244897959185,0.0007550496375188231,0.0007605465270859767
2098,48.71546485260771,0.0008542470168322325,0.0008604660801643172
2099,48.738684807256234,0.0009753581252880394,0.0009824588980541222
2100,48.76190476190476,0.0007297988631762564,0.0007351119228186619
2101,48.78512471655329,0.0005838806391693652,0.0005881313893643589
2102,48.808344671201816,0.0006231819279491901,0.0006277187981997863
2103,48.83156462585034,0.0007229194743558764,0.0007281824508795622
2104,48.854784580498865,0.0006702548125758767,0.0006751343814194429
2105,48.87800453514739,0.0007038982002995908,0.00070902269871837
2106,48.901224489795915,0.0007795912679284811,0.00078526682473214
2107,48.92444444444445,0.0007984162657521665,0.0008042288717364312
2108,48.94766439909297,0.0005449600284919143,0.0005489274300325292
2109,48.970884353741496,0.0005052106571383774,0.0005088886765061696
2110,48.99410430839002,0.0005812111776322126,0.0005854424936939462
2111,49.017324263038546,0.000789291225373745,0.00079503739951464
2112,49.04054421768708,0.0007909634150564671,0.0007967217630221869
2113,49.0637641723356,0.0009981779148802161,0.0010054448195892876
2114,49.08698412698413,0.0009219477651640773,0.0009286597014394783
2115,49.11020408163265,0.0007319767028093338,0.0007373056174940611
2116,49.13342403628118,0.001089602941647172,0.0010975354360749053
2117,49.1566439909297,0.0014055947540327907,0.0014158277225095103
2118,49.179863945578234,0.0010247672908008099,0.0010322277706814095
2119,49.20308390022676,0.0009235485340468585,0.0009302721241915338
2120,49.22630385487528,0.0008964596199803054,0.0009029859982309292
2121,49.24952380952381,0.0010336077539250255,0.0010411325938782634
2122,49.27274376417233,0.0009814540389925241,0.0009885991910454502
2123,49.295963718820865,0.0010174117051064968,0.001024818635074277
2124,49.31918367346939,0.0010685451561585069,0.00107632434633231
2125,49.342403628117914,0.0009666975820437074,0.0009737353045844273
2126,49.36562358276644,0.00090329151134938,0.000909867626929213
2127,49.388843537414964,0.0008732668939046562,0.0008796244251713677
2128,49.412063492063496,0.000934232899453491,0.0009410342735925117
2129,49.43528344671202,0.001393775688484311,0.0014039226121569824
2130,49.458503401360545,0.0009293096954934299,0.0009360752278716706
2131,49.48172335600907,0.0008592377998866141,0.0008654931969667603
2132,49.504943310657595,0.0012036871630698442,0.0012124502100008222
2133,49.52816326530612,0.0008929739124141634,0.0008994749141218389
2134,49.55138321995465,0.0008430524030700326,0.000849189967713104
2135,49.574603174603176,0.0007492171134799719,0.000754671541281771
2136,49.5978231292517,0.0006825551972724497,0.0006875243150051893
2137,49.621043083900226,0.0008465199498459697,0.0008526827588183529
2138,49.64426303854875,0.0010377533035352826,0.0010453083237935898
2139,49.66748299319728,0.000803857168648392,0.0008097093853295963
2140,49.69070294784581,0.0006202053627930582,0.0006247205631439024
2141,49.71392290249433,0.0007091443985700607,0.0007143070902030436
2142,49.73714285714286,0.0005251939874142408,0.0005290174888195735
2143,49.76036281179138,0.0005090918857604265,0.0005127981611316127
2144,49.783582766439906,0.0006027891067788005,0.0006071775138286133
2145,49.80680272108844,0.0008382640080526471,0.0008443667123669314
2146,49.83002267573696,0.0008543041767552495,0.0008605236562212794
2147,49.85324263038549,0.0012209451524540782,0.0012298338404781476
2148,49.87646258503401,0.0010686393361538649,0.001076419211974026
2149,49.89968253968254,0.00094452197663486,0.0009513982570028272
2150,49.92290249433107,0.000683421385474503,0.0006883968092044308
2151,49.946122448979594,0.0008262437186203897,0.0008322589131865845
2152,49.96934240362812,0.0007050648564472795,0.0007101978483209098
2153,49.99256235827664,0.0009144327486865222,0.0009210899743659309
2154,50.01578231292517,0.001167077454738319,0.0011755739767763834
2155,50.03900226757369,0.001102968119084835,0.0011109979142736968
2156,50.062222222222225,0.0012667594710364938,0.0012759816950790289
2157,50.08544217687075,0.001069985912181437,0.001077775591303725
2158,50.108662131519274,0.0007419750327244401,0.0007473767369486471
2159,50.1318820861678,0.0009020933066494763,0.000908660699095641
2160,50.155102040816324,0.0010049722623080015,0.0010122886310200147
2161,50.178321995464856,0.001028323662467301,0.0010358100333374978
2162,50.20154195011338,0.001201558392494917,0.001210305941614648
2163,50.224761904761905,0.0013733297819271684,0.001383327855928427
2164,50.24798185941043,0.0010911420686170459,0.0010990857681504609
2165,50.271201814058955,0.001035716850310564,0.0010432570448436094
2166,50.29442176870748,0.0011236893478780985,0.001131869997131001
2167,50.31764172335601,0.0011438175570219755,0.0011521447430551778
2168,50.340861678004536,0.0009956092108041048,0.001002857414911341
2169,50.36408163265306,0.0006773024215362966,0.0006822332981697655
2170,50.387301587301586,0.0008519802941009402,0.0008581828553066559
2171,50.41052154195011,0.000854438403621316,0.0008606588602817223
2172,50.43374149659864,0.0011682816548272967,0.0011767869436464797
2173,50.45696145124717,0.0011951980413869023,0.0012038992860705915
2174,50.48018140589569,0.0013883777428418398,0.001398485368553673
2175,50.50340136054422,0.0014712510164827108,0.0014819619736983764
2176,50.52662131519274,0.001382268499583006,0.0013923316489665766
2177,50.54984126984127,0.0009132971172221005,0.00091994607531162
2178,50.5730612244898,0.0008159689023159444,0.0008219092944747983
2179,50.59628117913832,0.0008627946372143924,0.0008690759286742292
2180,50.61950113378685,0.0011049542808905244,0.001112998535674578
2181,50.64272108843537,0.0012998684542253613,0.001309331717287355
2182,50.6659410430839,0.0011462133843451738,0.001154558012408096
2183,50.68916099773243,0.0009002135484479368,0.0009067672559352149
2184,50.712380952380954,0.0006921283784322441,0.0006971671905493352
2185,50.73560090702948,0.0006742121768184006,0.0006791205559456055
2186,50.758820861678004,0.0007959623471833766,0.0008017570882237897
2187,50.78204081632653,0.0006055436097085476,0.0006099520700073984
2188,50.80526077097505,0.0004448189865797758,0.0004480573443315087
2189,50.828480725623585,0.00047409257967956364,0.0004775440541596644
2190,50.85170068027211,0.000984483165666461,0.0009916503702759134
2191,50.874920634920635,0.0005227866931818426,0.0005265926690764093
2192,50.89814058956916,0.0009769615717232227,0.0009840740178516157
2193,50.921360544217684,0.0006061323219910264,0.0006105450682152559
2194,50.944580498866216,0.00048593204701319337,0.0004894697148258024
2195,50.96780045351474,0.0004420493496581912,0.0004452675439828558
2196,50.991020408163266,0.0006526091601699591,0.0006573602656678114
2197,51.01424036281179,0.0008144645835272968,0.0008203940239899387
2198,51.037460317460315,0.0010412730043753982,0.0010488536486534601
2199,51.06068027210885,0.0008882427937351167,0.0008947093520954738
2200,51.08390022675737,0.0005933435168117285,0.0005976631583627374
2201,51.1071201814059,0.0005855049239471555,0.000589767499211132
2202,51.13034013605442,0.0005298068863339722,0.0005336639704267021
2203,51.153560090702946,0.0005131944199092686,0.0005169305624256609
2204,51.17678004535147,0.00043418456334620714,0.0004373455006910945
2205,51.2,0.000572467630263418,0.0005766352918156688
2206,51.22321995464853,0.0007039470947347581,0.0007090719491133275
2207,51.24643990929705,0.0006379243568517268,0.0006425685544879702
2208,51.26965986394558,0.0006695482297800481,0.0006744226545808842
2209,51.2928798185941,0.0008130450150929391,0.000818964120856339
2210,51.316099773242634,0.0006285423296503723,0.0006331182245355393
2211,51.33931972789116,0.0006051214295439422,0.0006095268162995093
2212,51.36253968253968,0.00040680167148821056,0.00040976325673080784
2213,51.38575963718821,0.000377537653548643,0.0003802861917716647
2214,51.40897959183673,0.00048679483006708324,0.0004903387790868235
2215,51.43219954648526,0.0005621822201646864,0.0005662750021849751
2216,51.45541950113379,0.0005038301460444927,0.0005074981150571132
2217,51.478639455782314,0.0006116044824011624,0.0006160570668823403
2218,51.50185941043084,0.0005867701838724315,0.0005910419704435028
2219,51.525079365079364,0.0005738606560043991,0.0005780384590205774
2220,51.54829931972789,0.0007291092770174146,0.0007344173163554931
2221,51.57151927437642,0.0005547833279706538,0.0005588222447994518
2222,51.594739229024945,0.00075816351454705,0.0007636830736676996
2223,51.61795918367347,0.0007202569395303726,0.0007255005323484352
2224,51.641179138321995,0.0005532028735615313,0.0005572302844138727
2225,51.66439909297052,0.0005609559593722224,0.0005650398140057252
2226,51.687619047619044,0.0004914695746265352,0.0004950475565804311
2227,51.710839002267576,0.00031055029830895364,0.00031281115721150274
2228,51.7340589569161,0.00030792757752351463,0.0003101693425734127
2229,51.757278911564626,0.00036642944905906916,0.00036909711766725445
2230,51.78049886621315,0.000656932475976646,0.0006617150559476619
2231,51.803718820861675,0.00064366206061095,0.0006483480297048119
2232,51.82693877551021,0.0005601966986432672,0.0005642750257297421
2233,51.85015873015873,0.00045910850167274475,0.0004624508895206874
2234,51.87337868480726,0.00045037278323434293,0.00045365157356874535
2235,51.89659863945578,0.00047927952255122364,0.00048276875885616325
2236,51.919818594104306,0.0005493223434314132,0.0005533215033655006
2237,51.94303854875283,0.00045283016515895724,0.00045612684565102973
2238,51.96625850340136,0.0004466935060918331,0.0004499455106639037
2239,51.98947845804989,0.0006269360892474651,0.0006315002904297623
2240,52.01269841269841,0.0007899960619397461,0.0007957473674105216
2241,52.03591836734694,0.0007029703701846302,0.0007080881138426286
2242,52.05913832199546,0.0008637426653876901,0.0008700308586536018
2243,52.082358276643994,0.0008573259110562503,0.0008635673892610764
2244,52.10557823129252,0.0007947460399009287,0.000800531926017799
2245,52.128798185941044,0.0005379385547712445,0.0005418548387909398
2246,52.15201814058957,0.0006739246309734881,0.0006788309167181172
2247,52.17523809523809,0.0005928368773311377,0.0005971528304607015
2248,52.19845804988662,0.0006614735466428101,0.000666289186379341
2249,52.22167800453515,0.0005789883434772491,0.0005832034769289016
2250,52.244897959183675,0.0006251055747270584,0.000629656449452829
2251,52.2681179138322,0.0005471189506351948,0.0005511020694955937
2252,52.291337868480724,0.00047697065747343004,0.0004804430848485623
2253,52.31455782312925,0.0005778100457973778,0.000582016601041848
2254,52.33777777777778,0.000761427276302129,0.0007669705961625362
2255,52.360997732426306,0.000681946228723973,0.000686910913062278
2256,52.38421768707483,0.0007422122289426625,0.0007476156599956136
2257,52.407437641723355,0.00043100904440507293,0.00043414686343287164
2258,52.43065759637188,0.000469562946818769,0.00047298144480251993
2259,52.453877551020405,0.000514743325766176,0.000518490744580208
2260,52.47709750566894,0.000713916146196425,0.0007191135769623615
2261,52.50031746031746,0.0006548379315063357,0.0006596052628379581
2262,52.523537414965986,0.0007788329967297614,0.0007845030331903404
2263,52.54675736961451,0.0006642734515480697,0.0006691094750677296
2264,52.569977324263036,0.0006221449002623558,0.0006266742207753065
2265,52.59319727891157,0.00046496259164996445,0.0004683475982669548
2266,52.61641723356009,0.00036669819382950664,0.00036936781894525303
2267,52.63963718820862,0.0006019933498464525,0.0006063759636506798
2268,52.66285714285714,0.0004369908128865063,0.000440172180204543
2269,52.68607709750567,0.0006479782750830054,0.0006526956669511092
2270,52.70929705215419,0.0006252045859582722,0.000629756181502618
2271,52.73251700680272,0.0003887705970555544,0.00039160091301463924
2272,52.75573696145125,0.00035408741678111255,0.00035666523329866027
2273,52.77895691609977,0.00048241278273053467,0.00048592482970160136
2274,52.8021768707483,0.0005430520395748317,0.0005470055506321573
2275,52.82539682539682,0.0006700123776681721,0.0006748901815444452
2276,52.848616780045354,0.0005581171135418117,0.0005621803008956383
2277,52.87183673469388,0.00037589596468023956,0.0003786325511295436
2278,52.895056689342404,0.0006460080039687455,0.000650711051928589
2279,52.91827664399093,0.0003822438884526491,0.00038502668886488187
2280,52.94149659863945,0.0006046501803211868,0.0006090521363023949
2281,52.964716553287985,0.0003808023757301271,0.00038357468168497374
2282,52.98793650793651,0.0006555042346008122,0.0006602764167320994
2283,53.011156462585035,0.00044232566142454743,0.00044554586734578833
2284,53.03437641723356,0.00040374408126808703,0.0004066834067347087
2285,53.057596371882084,0.0002853885234799236,0.00028746620038929506
2286,53.08081632653061,0.0002484545693732798,0.00025026336082543856
2287,53.10403628117914,0.0003035291447304189,0.00030573888844273757
2288,53.127256235827666,0.00027854146901518106,0.0002805692982054322
2289,53.15047619047619,0.00027518163551576436,0.0002771850045476463
2290,53.173696145124715,0.00034627653076313436,0.0003487974827041974
2291,53.19691609977324,0.00038394753937609494,0.00038674274265632715
2292,53.22013605442177,0.0004966655396856368,0.0005002813491474281
2293,53.2433560090703,0.0007792490068823099,0.0007849220719674373
2294,53.26657596371882,0.0005498822429217398,0.0005538854790191867
2295,53.289795918367346,0.00047262015868909657,0.0004760609136943724
2296,53.31301587301587,0.00047840471961535513,0.00048188758720638173
2297,53.336235827664396,0.0004920317442156374,0.0004956138188595974
2298,53.35945578231293,0.0005779946222901344,0.0005822025212828127
2299,53.38267573696145,0.0007975586340762675,0.0008033649963563073
2300,53.40589569160998,0.000568000425118953,0.000572135564659229
2301,53.4291156462585,0.000522964692208916,0.0005267719639666236
2302,53.45233560090703,0.0005587383056990802,0.000562806015437289
2303,53.47555555555556,0.0007035346352495253,0.0007086564868530073
2304,53.498775510204084,0.0004303345631342381,0.0004334674718238595
2305,53.52199546485261,0.00036593328695744276,0.0003685973434212808
2306,53.54521541950113,0.0005177352577447891,0.0005215044583316498
2307,53.56843537414966,0.0007413365528918803,0.0007467336088744935
2308,53.59165532879818,0.0007551523158326745,0.0007606499529153875
2309,53.614875283446715,0.0007221592823043466,0.0007274167245008179
2310,53.63809523809524,0.0005023690173402429,0.0005060263490877996
2311,53.661315192743764,0.0006912308163009584,0.0006962630940133294
2312,53.68453514739229,0.00047471688594669104,0.00047817290548242246
2313,53.707755102040814,0.0004292897356208414,0.0004324150377887555
2314,53.730975056689346,0.0003805494634434581,0.0003833199281539137
2315,53.75419501133787,0.0006094640120863914,0.00061390101358023
2316,53.777414965986395,0.0004658020625356585,0.00046919318064323726
2317,53.80063492063492,0.0005763933295384049,0.000580589570847954
2318,53.823854875283445,0.0004897807375527918,0.0004933464244860295
2319,53.84707482993197,0.00034157439949922264,0.0003440611191262713
2320,53.8702947845805,0.0003692197205964476,0.00037190770285520783
2321,53.893514739229026,0.00042884808499366045,0.0004319701718700172
2322,53.91673469387755,0.00037992061697877944,0.00038268650358019526
2323,53.939954648526076,0.0005747960531152785,0.0005789806659812527
2324,53.9631746031746,0.00038739765295758843,0.0003902179736505167
2325,53.98639455782313,0.00047839220496825874,0.0004818749814505295
2326,54.00961451247166,0.0004231911152601242,0.00042627201843627795
2327,54.03283446712018,0.0005491522024385631,0.0005531501237173329
2328,54.05605442176871,0.0004724222235381603,0.0004758615375419283
2329,54.07927437641723,0.00038623763248324394,0.0003890495080301497
2330,54.102494331065756,0.0004105732077732682,0.00041356225044042054
2331,54.12571428571429,0.0004395771538838744,0.00044277735020352774
2332,54.14893424036281,0.0008346531540155411,0.000840729570699319
2333,54.17215419501134,0.00040295650251209736,0.00040589009427164605
2334,54.19537414965986,0.00032439333153888583,0.00032675497007387004
2335,54.21859410430839,0.00023422723461408168,0.00023593244865341865
2336,54.24181405895692,0.0003629096900112927,0.00036555173417596165
2337,54.265034013605444,0.00035865779500454664,0.00036126888465160266
2338,54.28825396825397,0.0004677079268731177,0.00047111291999668537
2339,54.31147392290249,0.0005528724868781865,0.000556897492459374
2340,54.33469387755102,0.00029487712890841067,0.000297023884476449
2341,54.35791383219954,0.0002824199618771672,0.0002844760271540144
2342,54.381133786848075,0.00035870049032382667,0.0003613118908000566
2343,54.4043537414966,0.0004095026233699173,0.00041248387200082994
2344,54.427573696145124,0.0003675060288514942,0.00037018153514336953
2345,54.45079365079365,0.0003674495383165777,0.00037012463334776686
2346,54.474013605442174,0.0005086694145575166,0.0005123726142666106
2347,54.497233560090706,0.0003516130964271724,0.0003541728994724085
2348,54.52045351473923,0.00043814568198285997,0.0004413354569440127
2349,54.543673469387755,0.0003591179847717285,0.00036173242467842895
2350,54.56689342403628,0.0005766601534560323,0.0005808583372890079
2351,54.590113378684805,0.00041217199759557843,0.0004151726797241087
2352,54.61333333333334,0.00025539001217111945,0.0002572492948244717
2353,54.63655328798186,0.00025074888253584504,0.00025257437697739736
2354,54.659773242630386,0.00020017240603920072,0.00020162969514406632
2355,54.68299319727891,0.00025545578682795167,0.00025731554833197405
2356,54.706213151927436,0.0003174408047925681,0.00031975182775231304
2357,54.72943310657596,0.0005496108205989003,0.0005536120806957499
2358,54.75265306122449,0.00037086475640535355,0.00037356471480412665
2359,54.77587301587302,0.0004231700149830431,0.00042625076454559684
2360,54.79909297052154,0.000578933919314295,0.0005831486565488
2361,54.82231292517007,0.0008946064626798034,0.0009011193496306168
2362,54.84553287981859,0.0006465757614932954,0.0006512829428243219
2363,54.868752834467124,0.0005744764348492026,0.0005786587208399292
2364,54.89197278911565,0.0004785477358382195,0.0004820316446116324
2365,54.91519274376417,0.00037731544580310583,0.00038006236631600956
2366,54.9384126984127,0.00031064971699379385,0.00031291129968124973
2367,54.96163265306122,0.000425778329372406,0.00042887806790660124
2368,54.98485260770975,0.0003498561563901603,0.0003524031686136018
2369,55.00807256235828,0.00031272598425857723,0.000315002682524267
2370,55.031292517006804,0.0005195039557293057,0.0005232860327378154
2371,55.05451247165533,0.0006082421750761569,0.0006126702813890952
2372,55.077732426303854,0.0006439583376049995,0.0006486464636456854
2373,55.10095238095238,0.0004609638708643615,0.0004643197661150574
2374,55.12417233560091,0.0007148095755837858,0.000720013510667365
2375,55.147392290249435,0.0006250315345823765,0.000629581870283322
2376,55.17061224489796,0.0006006213370710611,0.0006049939623893184
2377,55.193832199546485,0.00047383125638589263,0.00047728082838804323
2378,55.21705215419501,0.0004371183749753982,0.0004403006709671018
2379,55.240272108843534,0.0005986764444969594,0.0006030349106670381
2380,55.263492063492066,0.0005986419273540378,0.000603000142233455
2381,55.28671201814059,0.0004533428873401135,0.0004566433005367241
2382,55.309931972789116,0.000366773281712085,0.0003694434534803664
2383,55.33315192743764,0.000531837111338973,0.0005357089758144677
2384,55.356371882086165,0.0005446877330541611,0.0005486531522377539
2385,55.3795918367347,0.0005942950956523418,0.0005986216648588868
2386,55.40281179138322,0.0006015690742060542,0.0006059485992115782
2387,55.42603174603175,0.000682023586705327,0.0006869888342228715
2388,55.44925170068027,0.0008011690224520862,0.0008070016689725393
2389,55.472471655328796,0.0006157555617392063,0.0006202383667828107
2390,55.49569160997732,0.00046807280159555376,0.00047148045106905584
2391,55.51891156462585,0.00034391580265946686,0.00034641956809908795
2392,55.54213151927438,0.0006030222866684198,0.0006074123913074225
2393,55.5653514739229,0.00047473053564317524,0.0004781866545510148
2394,55.58857142857143,0.0006746333674527705,0.0006795448129193109
2395,55.61179138321995,0.000597448437474668,0.000601797963545111
2396,55.635011337868484,0.0007994417101144791,0.0008052617815078199
2397,55.65823129251701,0.0007758043357171118,0.0007814523230112579
2398,55.68145124716553,0.0006943134940229356,0.0006993682141525555
2399,55.70467120181406,0.00042175984708592296,0.00042483033038674185
2400,55.72789115646258,0.00043528509559109807,0.00043845404499759654
2401,55.75111111111111,0.0005352163570933044,0.0005391128230516802
2402,55.77433106575964,0.0006661376683041453,0.00067098726363833
2403,55.797551020408164,0.0004851479025091976,0.0004886798616166712
2404,55.82077097505669,0.0005785942194052041,0.0005828064835666904
2405,55.843990929705214,0.0005655318382196128,0.0005696490060281002
2406,55.86721088435374,0.0006333938799798489,0.0006380050949751986
2407,55.89043083900227,0.0009829445043578744,0.0009901005072517385
2408,55.913650793650795,0.0009472489473409951,0.0009541450805187375
2409,55.93687074829932,0.0008269191021099687,0.0008329392135826465
2410,55.960090702947845,0.0009667176054790616,0.0009737554737937909
2411,55.98331065759637,0.0008828857680782676,0.0008893133263822298
2412,56.006530612244894,0.0011120019480586052,0.0011200975110563231
2413,56.029750566893426,0.0010227457387372851,0.0010301915013756066
2414,56.05297052154195,0.0013876977609470487,0.001397800436275228
2415,56.076190476190476,0.0012548764934763312,0.001264012207424521
2416,56.099410430839,0.0017219020519405603,0.0017344377912544362
2417,56.122630385487525,0.0017233117250725627,0.0017358577270461994
2418,56.14585034013606,0.00131717580370605,0.0013267650672110184
2419,56.16907029478458,0.0013916075695306063,0.0014017387089291522
2420,56.19229024943311,0.0010909923585131764,0.0010989349681316148
2421,56.21551020408163,0.001040884293615818,0.0010484621080135478
2422,56.23873015873016,0.0010841060429811478,0.0010919985190532295
2423,56.26195011337869,0.0008885413990356028,0.00089501013129325
2424,56.28517006802721,0.0012189657427370548,0.0012278400203222842
2425,56.30839002267574,0.0010231425985693932,0.0010305912504146783
2426,56.33160997732426,0.00106776540633291,0.001075538919795583
2427,56.35482993197279,0.001182227162644267,0.0011908339771282788
2428,56.37804988662131,0.001058471854776144,0.001066177709605456
2429,56.401269841269844,0.0007047171820886433,0.0007098476428339084
2430,56.42448979591837,0.0007887205574661493,0.0007944625770477787
2431,56.447709750566894,0.0006452691159211099,0.0006499667846505048
2432,56.47092970521542,0.0007747556082904339,0.0007803959606708417
2433,56.49414965986394,0.001126347342506051,0.0011345473424111676
2434,56.517369614512475,0.0015298454090952873,0.0015409829434383908
2435,56.540589569161,0.001568197039887309,0.0015796137806146136
2436,56.563809523809525,0.001673637656494975,0.001685822022814803
2437,56.58702947845805,0.0015690043801441789,0.0015804269984456382
2438,56.610249433106574,0.0014378993073478341,0.00144836745845794
2439,56.6334693877551,0.0015308030415326357,0.0015419475476024871
2440,56.65668934240363,0.0010704570449888706,0.0010782501540379942
2441,56.679909297052156,0.0009395280503667891,0.0009463679741035654
2442,56.70312925170068,0.0007860185578465462,0.0007917409064121503
2443,56.726349206349205,0.0007531890878453851,0.0007586724322949981
2444,56.74956916099773,0.0009209994459524751,0.0009277044783029928
2445,56.77278911564626,0.0011313965078443289,0.001139633266530447
2446,56.79600907029479,0.0013383433688431978,0.0013480867358165777
2447,56.81922902494331,0.0021033158991485834,0.0021186283960334916
2448,56.842448979591836,0.0018179959151893854,0.001831231234144271
2449,56.86566893424036,0.0016470563132315874,0.0016590471628589955
2450,56.888888888888886,0.0024598233867436647,0.00247773131867257
2451,56.91210884353742,0.002249855315312743,0.0022662346440294454
2452,56.93532879818594,0.0027040482964366674,0.0027237342271770708
2453,56.95854875283447,0.0022565533872693777,0.002272981479087244
2454,56.98176870748299,0.0015115047572180629,0.0015225087685012918
2455,57.00498866213152,0.0011853919131681323,0.0011940217675733265
2456,57.02820861678005,0.0013588714646175504,0.0013687642796137997
2457,57.05142857142857,0.0012000688584521413,0.0012088055635111209
2458,57.0746485260771,0.0010388572700321674,0.0010464203273540234
2459,57.09786848072562,0.0010612070327624679,0.0010689328001519485
2460,57.12108843537415,0.000837490486446768,0.000843587559392419
2461,57.14430839002267,0.0006354444194585085,0.0006400705627294406
2462,57.167528344671204,0.0007743044989183545,0.0007799415671459361
2463,57.19074829931973,0.0008717046002857387,0.00087805075778963
2464,57.213968253968254,0.0014717091107740998,0.0014824234029939902
2465,57.23718820861678,0.0019929527770727873,0.002007461811689532
2466,57.2604081632653,0.0028124875389039516,0.002832962925742297
2467,57.283628117913835,0.0024317281786352396,0.0024494315726786018
2468,57.30684807256236,0.002121192868798971,0.0021366355130584104
2469,57.330068027210885,0.0015678287018090487,0.0015792427609726003
2470,57.35328798185941,0.001640853239223361,0.0016527989294187187
2471,57.376507936507934,0.002030596137046814,0.0020453792217159416
2472,57.39972789115646,0.0017501679249107838,0.0017629094445793753
2473,57.42294784580499,0.0022688847966492176,0.0022854026632212194
2474,57.446167800453516,0.0019984052050858736,0.0020129539343043657
2475,57.46938775510204,0.0019323874730616808,0.0019464555819813493
2476,57.492607709750565,0.0020065063145011663,0.002021114021171755
2477,57.51582766439909,0.0015986282378435135,0.0016102665228590997
2478,57.53904761904762,0.0020542035344988108,0.002069158485029881
2479,57.56226757369615,0.001658336608670652,0.0016704095807642293
2480,57.58548752834467,0.0010900842025876045,0.0010980202006767015
2481,57.608707482993196,0.0008873029728420079,0.0008937626891466833
2482,57.63192743764172,0.0007337793940678239,0.0007391214326510066
2483,57.655147392290246,0.0007960200309753418,0.0008018151919635551
2484,57.67836734693878,0.0009483444737270474,0.0009552485825228986
2485,57.7015873015873,0.0010752103989943862,0.0010830381132677805
2486,57.72480725623583,0.0016571470769122243,0.0016692113890126202
2487,57.74802721088435,0.0015465623000636697,0.0015578215362115197
2488,57.77124716553288,0.001363149262033403,0.0013730732201212017
2489,57.79446712018141,0.0010094038443639874,0.0010167524757458426
2490,57.817687074829934,0.0010889101540669799,0.0010968376048834955
2491,57.84090702947846,0.0012309459270909429,0.0012399074224524816
2492,57.86412698412698,0.0010718910489231348,0.001079694597764391
2493,57.88734693877551,0.001071108621545136,0.0010789064741822255
2494,57.91056689342403,0.001561798737384379,0.0015731688973830422
2495,57.933786848072565,0.0009505590423941612,0.0009574792736259387
2496,57.95700680272109,0.0010689800838008523,0.0010767624403217417
2497,57.980226757369614,0.0009747861186042428,0.0009818827270645417
2498,58.00344671201814,0.001016122056171298,0.0010235195972758502
2499,58.026666666666664,0.0011049314634874463,0.0011129755521569313
2500,58.049886621315196,0.0011975483503192663,0.0012062667056510611
2501,58.07310657596372,0.0014882535906508565,0.0014990883294934716
2502,58.096326530612245,0.0015478864079341292,0.0015591552838121073
2503,58.11954648526077,0.0014943452551960945,0.001505224342390952
2504,58.142766439909295,0.0015960385790094733,0.0016076580108690284
2505,58.16598639455783,0.0009383858414366841,0.0009452174496985043
2506,58.18920634920635,0.001210267306305468,0.0012190782577964974
2507,58.212426303854876,0.0005611011292785406,0.0005651860407736109
2508,58.2356462585034,0.0007366728968918324,0.0007420360006668852
2509,58.258866213151926,0.0007887773681432009,0.0007945198013162055
2510,58.28208616780045,0.0007346804486587644,0.0007400290470723665
2511,58.30530612244898,0.001035338849760592,0.0010428762923854497
2512,58.32852607709751,0.0010780706070363522,0.00108591914410995
2513,58.35174603174603,0.0011357184266671538,0.0011439866496561557
2514,58.37496598639456,0.0010676642414182425,0.001075437018383159
2515,58.39818594104308,0.0008714085561223328,0.0008777525583744467
2516,58.42140589569161,0.0005617393180727959,0.0005658288756906516
2517,58.44462585034014,0.0005301050841808319,0.0005339643392045204
2518,58.46784580498866,0.0007782315951772034,0.0007838972533323631
2519,58.49106575963719,0.0005895734066143632,0.0005938656011229777
2520,58.51428571428571,0.0006356853991746902,0.000640313296818874
2521,58.53750566893424,0.0006499974406324327,0.0006547295323685868
2522,58.56072562358277,0.0006700552767142653,0.0006749333929028782
2523,58.583945578231294,0.0005855303606949747,0.0005897931211427944
2524,58.60716553287982,0.0008214266854338348,0.0008274068111805082
2525,58.63038548752834,0.0004643352876883,0.0004677157274259344
2526,58.65360544217687,0.0008102502324618399,0.0008161489917331364
2527,58.6768253968254,0.0006307787843979895,0.0006353709610534649
2528,58.700045351473925,0.0004933266318403184,0.0004969181334860556
2529,58.72326530612245,0.00043080796604044735,0.00043394432118360886
2530,58.746485260770974,0.00041087751742452383,0.0004138687755176085
2531,58.7697052154195,0.0008669104427099228,0.0008732216979326231
2532,58.792925170068024,0.0007042228826321661,0.0007093497447934569
2533,58.816145124716556,0.0009015579125843942,0.0009081214072708563
2534,58.83936507936508,0.001392508391290903,0.0014026460888248219
2535,58.862585034013605,0.0007857705350033939,0.0007914910779205861
2536,58.88580498866213,0.000640063255559653,0.0006447230247416712
2537,58.909024943310655,0.0004634206125047058,0.00046679439325169345
2538,58.93224489795919,0.0006067451322451234,0.0006111623398320568
2539,58.95546485260771,0.000763992837164551,0.000769554834743664
2540,58.978684807256236,0.000732619606424123,0.0007379532015563299
2541,59.00190476190476,0.0008717593736946583,0.0008781059299582669
2542,59.025124716553286,0.0009523141197860241,0.0009592471282792231
2543,59.04834467120181,0.0009841705905273557,0.0009913355195367208
2544,59.07156462585034,0.0011784931411966681,0.0011870727713705115
2545,59.09478458049887,0.0009637495968490839,0.0009707658575570246
2546,59.11800453514739,0.0013771395897492766,0.0013871653997983785
2547,59.14122448979592,0.0007717517437413335,0.0007773702274777734
2548,59.16444444444444,0.0007828286034055054,0.0007885277285611305
2549,59.187664399092974,0.0006974979187361896,0.0007025758220184314
2550,59.2108843537415,0.0007095999317243695,0.0007147659397160644
2551,59.23410430839002,0.0007063171360641718,0.0007114592447460479
2552,59.25732426303855,0.0009888936765491962,0.0009960929904267715
2553,59.28054421768707,0.0009636399336159229,0.0009706553959569056
2554,59.3037641723356,0.0007943231030367315,0.0008001059101014164
2555,59.32698412698413,0.0007601961842738092,0.0007657305415752131
2556,59.350204081632654,0.0006444980390369892,0.0006491900941957403
2557,59.37342403628118,0.0005513939540833235,0.0005554081956947124
2558,59.396643990929704,0.0008391150622628629,0.000845223962396305
2559,59.41986394557823,0.0006521313916891813,0.0006568790189513694
2560,59.44308390022676,0.0007519652717746794,0.000757439706635496
2561,59.466303854875285,0.0006928815273568034,0.0006979258225259487
2562,59.48952380952381,0.0006503416807390749,0.0006550762786016567
2563,59.512743764172335,0.0007157445652410388,0.0007209553072080823
2564,59.53596371882086,0.001321474090218544,0.0013310946459791644
2565,59.559183673469384,0.0010906432289630175,0.001098583296859049
2566,59.582403628117916,0.0011682063341140747,0.0011767110745856762
2567,59.60562358276644,0.001102989073842764,0.0011110190215858214
2568,59.628843537414966,0.0009784821886569262,0.0009856057051347944
2569,59.65206349206349,0.0011528985342010856,0.0011612918312900848
2570,59.675283446712015,0.001112852361984551,0.0011209541161400485
2571,59.69850340136055,0.0008843257091939449,0.0008907637505137286
2572,59.72172335600907,0.0009908294305205345,0.0009980428370157085
2573,59.7449433106576,0.0011434232583269477,0.001151747573798699
2574,59.76816326530612,0.000993474037386477,0.0010007066970686843
2575,59.791383219954646,0.0009479994769208133,0.0009549010740813353
2576,59.81460317460318,0.0010218173265457153,0.0010292563301856393
2577,59.8378231292517,0.0007221967098303139,0.0007274544245055295
2578,59.86104308390023,0.0008656116551719606,0.0008719134550008528
2579,59.88426303854875,0.0007014754228293896,0.0007065822830168026
2580,59.90748299319728,0.0006731119938194752,0.0006780123634276388
2581,59.9307029478458,0.0007868736865930259,0.0007926022606411038
2582,59.953922902494334,0.0009132071281783283,0.0009198554311323292
2583,59.97714285714286,0.00105956697370857,0.0010672808011896592
