frame_index,seconds,value,normalized_value
0,0.0,0.006417078897356987,0.0064332981348626025
1,0.023219954648526078,0.0034160444047302008,0.003424678494542135
2,0.046439909297052155,0.003539787605404854,0.003548734457517759
3,0.06965986394557823,0.006102863699197769,0.006118288754333442
4,0.09287981859410431,0.00607840484008193,0.006093768075182122
5,0.11609977324263039,0.0036340863443911076,0.003643271537604155
6,0.13931972789115646,0.0020877851638942957,0.0020930620638631974
7,0.16253968253968254,0.0017603180604055524,0.0017647672836680094
8,0.18575963718820862,0.002123177284374833,0.0021285436383175886
9,0.2089795918367347,0.002637515775859356,0.0026441821259974366
10,0.23219954648526078,0.0025370430666953325,0.0025434554709557284
11,0.25541950113378686,0.0017233336111530662,0.0017276893558131816
12,0.2786394557823129,0.0011539033148437738,0.001156819818165819
13,0.301859410430839,0.0010249761398881674,0.0010275667783572195
14,0.3250793650793651,0.0012494437396526337,0.0012526017224493977
15,0.34829931972789113,0.0009008318884298205,0.0009031087509376344
16,0.37151927437641724,0.0007648311438970268,0.0007667642630269267
17,0.3947392290249433,0.0007515589823015034,0.0007534585558969672
18,0.4179591836734694,0.001058066263794899,0.0010607405379161408
19,0.44117913832199546,0.0013426353689283133,0.0013460288945932473
20,0.46439909297052157,0.0015298787038773298,0.001533745489131161
21,0.4876190476190476,0.001394958235323429,0.0013984840076087667
22,0.5108390022675737,0.0008317015017382801,0.0008338036364332464
23,0.5340589569160997,0.0006895666010677814,0.0006913094882377155
24,0.5572789115646258,0.00053659692639485,0.0005379531810292703
25,0.5804988662131519,0.0004999788943678141,0.000501242596523461
26,0.603718820861678,0.0005462230765260756,0.0005476036613608473
27,0.626938775510204,0.0006751074106432498,0.0006768137520503242
28,0.6501587301587302,0.0004558960208669305,0.00045704830307486023
29,0.6733786848072563,0.000376601645257324,0.0003775535100586045
30,0.6965986394557823,0.0002784924872685224,0.00027919638009371394
31,0.7198185941043084,0.0002573751553427428,0.0002580256738791859
32,0.7430385487528345,0.0003111728874500841,0.0003119593803462428
33,0.7662585034013606,0.00047714801621623337,0.00047835401307619595
34,0.7894784580498866,0.0006647972040809691,0.0006664774863275377
35,0.8126984126984127,0.0005794811295345426,0.000580945774464156
36,0.8359183673469388,0.0005709140095859766,0.0005723570010256754
37,0.8591383219954648,0.0003463492030277848,0.0003472246044485313
38,0.8823582766439909,0.00031056662555783987,0.0003113515861203966
39,0.905578231292517,0.00030020959093235433,0.0003009683739759602
40,0.9287981859410431,0.00044822602649219334,0.0004493589227049654
41,0.9520181405895691,0.000585450790822506,0.0005869305241366954
42,0.9752380952380952,0.0005338782211765647,0.0005352276042536381
43,0.9984580498866213,0.000395781738916412,0.00039678208161541086
44,1.0216780045351475,0.0003596692404244095,0.0003605783083862061
45,1.0448979591836736,0.0004128563741687685,0.0004138998731962012
46,1.0681179138321995,0.00037633086321875453,0.0003772820436154538
47,1.0913378684807256,0.00028250779723748565,0.00028322183880279513
48,1.1145578231292517,0.00032807051320560277,0.0003288997150367447
49,1.1377777777777778,0.0002343567175557837,0.0002349490567375007
50,1.1609977324263039,0.00013621975085698068,0.00013656404777578828
51,1.18421768707483,0.00011979703413089737,0.00012009982245251793
52,1.207437641723356,0.0001323951582890004,0.0001327297885080191
53,1.230657596371882,0.00014777897740714252,0.00014815249039821555
54,1.253877551020408,0.00015403400175273418,0.00015442332438665054
55,1.2770975056689342,0.00014214344264473766,0.00014250271175970372
56,1.3003174603174603,0.00014081495464779437,0.00014117086599473383
57,1.3235374149659864,0.0001092052916646935,0.00010948130924071384
58,1.3467573696145125,0.0001384193019475788,0.00013876915825596453
59,1.3699773242630386,0.0002798304194584489,0.00028053769392196874
60,1.3931972789115645,0.0005432795733213425,0.0005446527184193835
61,1.4164172335600906,0.0006167599349282682,0.0006183188024486083
62,1.4396371882086167,0.0004842666385229677,0.00048549062777912056
63,1.4628571428571429,0.0003772868949454278,0.00037824049172283325
64,1.486077097505669,0.00029722912586294115,0.0002979803757482968
65,1.509297052154195,0.000360365811502561,0.00036127664005542034
66,1.5325170068027212,0.00037954567233100533,0.00038050497819310105
67,1.555736961451247,0.0004347868962213397,0.00043588582488451194
68,1.5789569160997732,0.0004415043513290584,0.0004426202584339123
69,1.6021768707482993,0.0003121916961390525,0.00031298076408538023
70,1.6253968253968254,0.000251518446020782,0.0002521541616599858
71,1.6486167800453515,0.00024358964583370835,0.00024420532134321674
72,1.6718367346938776,0.0003447470662649721,0.00034561841826742586
73,1.6950566893424037,0.0007461541681550443,0.000748040081023296
74,1.7182766439909296,0.001958124339580536,0.001963073520389621
75,1.7414965986394557,0.004193468019366264,0.004204067055916418
76,1.7647165532879818,0.0047593931667506695,0.004771422585336426
77,1.787936507936508,0.0022142380475997925,0.0022198345586233337
78,1.811156462585034,0.0008511267951689661,0.0008532780275067708
79,1.8343764172335602,0.0005903425044380128,0.0005918346016121778
80,1.8575963718820863,0.00048524903832003474,0.0004864755106024818
81,1.8808163265306121,0.0003092667611781508,0.0003100484363191884
82,1.9040362811791383,0.0002949922054540366,0.00029573780149845096
83,1.9272562358276644,0.0003732235636562109,0.00037416689031908326
84,1.9504761904761905,0.00035399990156292915,0.00035489464020838643
85,1.9736961451247166,0.0003446865302976221,0.00034555772929475244
86,1.9969160997732427,0.00034258849336765707,0.000343454389553367
87,2.020136054421769,0.0003259361255913973,0.00032675993273436455
88,2.043356009070295,0.0002372183807892725,0.0002378179528562925
89,2.066575963718821,0.0002442160330247134,0.0002448332917347378
90,2.089795918367347,0.00034313902142457664,0.00034400630907600665
91,2.1130158730158732,0.00036445402656681836,0.000365375188128226
92,2.136235827664399,0.00034609611611813307,0.0003469708778589312
93,2.159455782312925,0.0004179385141469538,0.00041899485833908856
94,2.182675736961451,0.00034853132092393935,0.0003494122376716732
95,2.2058956916099772,0.0003274764458183199,0.00032830414613760535
96,2.2291156462585033,0.0006601032218895853,0.0006617716400445278
97,2.2523356009070294,0.0013052484719082713,0.0013085475017797041
98,2.2755555555555556,0.001871814369224012,0.0018765454006335483
99,2.2987755102040817,0.001646864227950573,0.001651026695403425
100,2.3219954648526078,0.0011754947481676936,0.0011784658240749867
101,2.345215419501134,0.0005388474673964083,0.0005402094102979677
102,2.36843537414966,0.0003119861357845366,0.00031277468417480696
103,2.391655328798186,0.0003724868583958596,0.0003734283230280821
104,2.414875283446712,0.00032317714067175984,0.00032399397444999185
105,2.4380952380952383,0.0002651165996212512,0.0002657866847432698
106,2.461315192743764,0.0003394687664695084,0.000340326777511164
107,2.48453514739229,0.00036510982317849994,0.00036603264227305784
108,2.507755102040816,0.0004615746147464961,0.0004627412496629251
109,2.5309750566893423,0.0002891136973630637,0.00028984443541361026
110,2.5541950113378684,0.0003178772167302668,0.0003186806548924337
111,2.5774149659863945,0.0003640061477199197,0.00036492617726261475
112,2.6006349206349206,0.00028224618290551007,0.00028295956323771753
113,2.6238548752834467,0.00023671147937420756,0.0002373097702423247
114,2.647074829931973,0.00022611320309806615,0.0002266847067063066
115,2.670294784580499,0.00026952376356348395,0.0002702049878408485
116,2.693514739229025,0.0002978945558425039,0.0002986474876094531
117,2.716734693877551,0.000292680982965976,0.0002934207373701267
118,2.7399546485260773,0.00020598307310137898,0.0002065036975846067
119,2.7631746031746034,0.00020485556160565466,0.00020537333629117347
120,2.786394557823129,0.0002731434942688793,0.0002738338674554214
121,2.809614512471655,0.00033697913750074804,0.00033783085597779733
122,2.8328344671201813,0.00028749273042194545,0.00028821937146071656
123,2.8560544217687074,0.0003095271240454167,0.00031030945725646553
124,2.8792743764172335,0.0002926906163338572,0.00029343039508645115
125,2.9024943310657596,0.00024816393852233887,0.00024879117560693833
126,2.9257142857142857,0.0003396779065951705,0.0003405364462407944
127,2.948934240362812,0.0005020010285079479,0.000503269841629879
128,2.972154195011338,0.0006576224695891142,0.0006592846176153273
129,2.995374149659864,0.0005061948904767632,0.000507474303630956
130,3.01859410430839,0.00038610980845987797,0.0003870857052482497
131,3.0418140589569163,0.0003482732572592795,0.00034915352174826205
132,3.0650340136054424,0.0003430575889069587,0.0003439246707368046
133,3.0882539682539685,0.0005581898149102926,0.0005596006458079732
134,3.111473922902494,0.0006039172294549644,0.0006054436368959416
135,3.1346938775510202,0.0006089840899221599,0.0006105233039087071
136,3.1579138321995464,0.0003895172558259219,0.0003905017649749957
137,3.1811337868480725,0.00023388834961224347,0.00023447950498883078
138,3.2043537414965986,0.00015960654127411544,0.0001600099485629741
139,3.2275736961451247,0.00022339122369885445,0.00022395584747421962
140,3.250793650793651,0.0001682090514805168,0.000168634201708556
141,3.274013605442177,0.00016172140021808445,0.00016213015283618896
142,3.297233560090703,0.00020183205197099596,0.00020234218470265236
143,3.320453514739229,0.00031469942769035697,0.0003154948339557675
144,3.3436734693877552,0.00025149996508844197,0.000252135634016886
145,3.3668934240362813,0.00017084830324165523,0.0001712801242075544
146,3.3901133786848074,0.0003006370097864419,0.0003013968731359034
147,3.4133333333333336,0.0002490211045369506,0.00024965050811808143
148,3.436553287981859,0.000268587056780234,0.0002692659135208995
149,3.4597732426303853,0.0003746437723748386,0.0003755906886308706
150,3.4829931972789114,0.0003408071061130613,0.0003416684998228887
151,3.5062131519274375,0.0003048509533982724,0.00030562146753656925
152,3.5294331065759637,0.00015066810010466725,0.00015104891538514074
153,3.5526530612244898,0.00015714409528300166,0.00015754127871252905
154,3.575873015873016,0.00013307799235917628,0.00013341434844881903
155,3.599092970521542,0.00013857496378477663,0.00013892521353016827
156,3.622312925170068,0.00011547592293936759,0.00011576778960491618
157,3.645532879818594,0.00014750736590940505,0.00014788019239942964
158,3.6687528344671203,0.00020559632685035467,0.00020611597382817843
159,3.6919727891156464,0.0001082418457372114,0.00010851542819305142
160,3.7151927437641725,0.00022422535403165966,0.00022479208608061705
161,3.7384126984126986,0.00014825993275735527,0.00014863466136836684
162,3.7616326530612243,0.00014158991689328104,0.0001419477869658211
163,3.7848526077097504,0.00012905921903438866,0.00012938541763024357
164,3.8080725623582765,0.00014801803627051413,0.00014839215348549416
165,3.8312925170068026,0.00013447643141262233,0.00013481632207235653
166,3.8545124716553287,0.00023501536634285003,0.00023560937026662196
167,3.877732426303855,0.00022080626513343304,0.00022136435539758768
168,3.900952380952381,0.00029442348750308156,0.0002951676461066186
169,3.924172335600907,0.00029087893199175596,0.0002916141316922454
170,3.947392290249433,0.0003389277553651482,0.000339784398995286
171,3.9706122448979593,0.00028237441438250244,0.0002830881188211786
172,3.9938321995464854,0.00029359172913245857,0.00029433378545756393
173,4.017052154195011,0.0002951555943582207,0.0002959016033698878
174,4.040272108843538,0.0002571164513938129,0.00025776631605317916
175,4.063492063492063,0.000297421618597582,0.000298173355010442
176,4.08671201814059,0.0003147222741972655,0.0003155177382074735
177,4.1099319727891155,0.00040059140883386135,0.00040160390802648646
178,4.133151927437642,0.00034918892197310925,0.00035007150081472896
179,4.156371882086168,0.0003961644833907485,0.00039716579348061677
180,4.179591836734694,0.0003727245202753693,0.0003736665856006067
181,4.20281179138322,0.00039806708809919655,0.00039907320704339545
182,4.2260317460317465,0.00029283988988026977,0.0002935800459233944
183,4.249251700680272,0.00014873351028654724,0.00014910943586997352
184,4.272471655328798,0.0001684270246187225,0.00016885272577626639
185,4.295691609977324,0.00018481997540220618,0.00018528710992318974
186,4.31891156462585,0.0001895432360470295,0.00019002230866125213
187,4.342131519274377,0.00023291750403586775,0.00023350620558958076
188,4.365351473922902,0.0002458163653500378,0.0002464376689176193
189,4.388571428571429,0.0003038670402020216,0.0003046350674888912
190,4.4117913832199545,0.0001900058996398002,0.0001904861416413432
191,4.435011337868481,0.00014685533824376762,0.00014722651672669453
192,4.458231292517007,0.00022990388970356435,0.00023048497431390049
193,4.481451247165533,0.00015885135508142412,0.00015925285362887313
194,4.504671201814059,0.00017389397544320673,0.00017433349437909993
195,4.527891156462585,0.0001830030814744532,0.0001834656237760472
196,4.551111111111111,0.00014385030954144895,0.00014421389278127325
197,4.574331065759637,0.00014636223204433918,0.0001467321641959225
198,4.597551020408163,0.00015629395784344524,0.00015668899254124203
199,4.620770975056689,0.00015326845459640026,0.0001536558423014574
200,4.6439909297052155,0.0002184551121899858,0.00021900725988921148
201,4.667210884353741,0.0003577448078431189,0.00035864901178039605
202,4.690430839002268,0.0001997535873670131,0.00020025846675651832
203,4.713650793650793,0.0002158915449399501,0.00021643721319475023
204,4.73687074829932,0.00015224576054606587,0.0001526305633806604
205,4.760090702947846,0.0001464628439862281,0.00014683303043560135
206,4.783310657596372,0.00016844425408635288,0.00016886999879156574
207,4.806530612244898,0.00015216768952086568,0.0001525522950300852
208,4.829750566893424,0.0001465825189370662,0.0001469530078661942
209,4.85297052154195,0.0002814092440530658,0.0002821205090131167
210,4.876190476190477,0.00029915472259745,0.0002999108394497351
211,4.899410430839002,0.00025589141296222806,0.00025653818132348216
212,4.922630385487528,0.00019520334899425507,0.0001956967276062172
213,4.9458503401360545,0.00019466302182991058,0.00019515503475902083
214,4.96907029478458,0.0004830051911994815,0.0004842259921336474
215,4.992290249433107,0.00020803757070098072,0.0002085633879494924
216,5.015510204081632,0.0001496411714470014,0.00015001939115399568
217,5.038730158730159,0.00013614098133984953,0.00013648507916783604
218,5.061950113378685,0.00014369498239830136,0.00014405817304706262
219,5.085170068027211,0.00011641861055977643,0.00011671285987865584
220,5.108390022675737,0.0001806331129046157,0.00018108966508457804
221,5.131609977324263,0.00019454240100458264,0.00019503410906322995
222,5.154829931972789,0.00017603048763703555,0.00017647540663100184
223,5.178049886621316,0.0004038799670524895,0.00040490077811218875
224,5.201269841269841,0.00023077134392224252,0.00023135462103265902
225,5.224489795918367,8.362717198906466e-05,8.383854058622688e-05
226,5.2477097505668935,6.208546255948022e-05,6.224238424908465e-05
227,5.270929705215419,0.00010422555351397023,0.00010448898474703386
228,5.294149659863946,0.00019530038116499782,0.00019579400502683892
229,5.317369614512471,0.00024914019741117954,0.00024976990200086007
230,5.340589569160998,0.00032062618993222713,0.00032143657615440265
231,5.363809523809524,0.00024766253773123026,0.0002482885075198144
232,5.38702947845805,0.00020781221974175423,0.00020833746741323744
233,5.410249433106576,0.0001916447508847341,0.00019212913510082723
234,5.433469387755102,0.00015677975898142904,0.00015717602154694625
235,5.456689342403628,0.0001752700045472011,0.00017571300141179196
236,5.479909297052155,0.00024524045875295997,0.0002458603067102819
237,5.50312925170068,0.00018019416893366724,0.0001806496116779143
238,5.526349206349207,0.0001013146320474334,0.0001015707058944681
239,5.5495691609977325,0.00011593095405260101,0.00011622397081429397
240,5.572789115646258,0.00013517201296053827,0.00013551366171028672
241,5.596009070294785,0.0002508530451450497,0.0002514870789762202
242,5.61922902494331,0.00014899359666742384,0.00014937017962203894
243,5.642448979591837,0.00016297136608045548,0.00016338327800102768
244,5.6656689342403626,0.00016553727618884295,0.00016595567347544096
245,5.688888888888889,9.182926442008466e-05,9.206136389609528e-05
246,5.712108843537415,0.00011337311298120767,0.00011365966477145456
247,5.735328798185941,0.00011433233885327354,0.00011462131509746426
248,5.758548752834467,9.034312824951485e-05,9.057147150000577e-05
249,5.7817687074829935,0.00010904347436735407,0.00010931908294837526
250,5.804988662131519,9.228074486600235e-05,9.251398546380664e-05
251,5.828208616780046,8.039997919695452e-05,8.06031910288332e-05
252,5.851428571428571,8.335598977282643e-05,8.356667295395391e-05
253,5.874648526077097,8.159196295309812e-05,8.179818753703315e-05
254,5.897868480725624,0.00015019062266219407,0.00015057023111317912
255,5.921088435374149,0.00030994205735623837,0.0003107254393157948
256,5.944308390022676,0.00028772855876013637,0.0002884557958576265
257,5.9675283446712015,0.00013678929826710373,0.00013713503472325583
258,5.990748299319728,0.0001283583405893296,0.00012868276770720445
259,6.013968253968254,0.0001686365867499262,0.00016906281757806204
260,6.03718820861678,0.00013953864981886,0.00013989133529130403
261,6.060408163265306,0.0001740013249218464,0.00017444111518472778
262,6.0836281179138325,0.00013656470400746912,0.0001369098727991593
263,6.106848072562358,0.00015567458467558026,0.0001560680539008817
264,6.130068027210885,0.00027630082331597805,0.00027699917668641967
265,6.15328798185941,0.000319759565172717,0.00032056776099127933
266,6.176507936507937,0.00037559252814389765,0.00037654184239057297
267,6.199727891156463,0.00030861550476402044,0.00030939553384730703
268,6.222947845804988,0.00023947958834469318,0.00024008487563868445
269,6.246167800453515,0.00025740437558852136,0.00025805496797945713
270,6.2693877551020405,0.00024871251662261784,0.0002493411402444005
271,6.292607709750567,0.0002510466438252479,0.0002516811669792123
272,6.315827664399093,0.00019219891692046076,0.00019268470179730542
273,6.339047619047619,0.00014383230882231146,0.0001441958465651201
274,6.362267573696145,0.00014276894216891378,0.00014312979224080814
275,6.3854875283446715,0.00019156312919221818,0.0001920473071085856
276,6.408707482993197,0.0001764834887580946,0.00017692955271737774
277,6.431927437641724,0.00018899934366345406,0.000189477041583694
278,6.455147392290249,0.00032913911854848266,0.0003299710212913842
279,6.478367346938776,0.00036523817107081413,0.0003661613145660818
280,6.501587301587302,0.0003222417726647109,0.00032305624229001537
281,6.524807256235827,0.00023471521853934973,0.00023530846383624645
282,6.548027210884354,0.00024504418252035975,0.0002456635343873446
283,6.5712471655328795,0.00032764329807832837,0.00032847142011853647
284,6.594467120181406,0.0003736574435606599,0.0003746018668597637
285,6.617687074829932,0.000340574246365577,0.00034143505151983095
286,6.640907029478458,0.00032368319807574153,0.0003245013109196291
287,6.664126984126984,0.00031798522104509175,0.0003187889321893525
288,6.6873469387755105,0.00024330387532245368,0.00024391882854385118
289,6.710566893424036,0.0002134388341801241,0.00021397830318149714
290,6.733786848072563,0.0001923204690683633,0.00019280656116959897
291,6.757006802721088,0.00028309746994636953,0.0002838130019159375
292,6.780226757369615,0.00018305952835362405,0.0001835222133253261
293,6.8034467120181406,0.00019722314027603716,0.00019772162393268317
294,6.826666666666667,0.0002463525452185422,0.00024697520398663967
295,6.849886621315193,0.00022620272648055106,0.00022677445636012556
296,6.873106575963718,0.00019446658552624285,0.00019495810196043463
297,6.896326530612245,0.00024029708583839238,0.00024090443936629203
298,6.919546485260771,0.00034537483588792384,0.00034624777458500556
299,6.942766439909297,0.0003786890592891723,0.0003796462000523814
300,6.965986394557823,0.0004945743130519986,0.0004958243550689155
301,6.989206349206349,0.00036954303504899144,0.0003704770591353206
302,7.012426303854875,0.0006561796180903912,0.0006578381192935688
303,7.035646258503402,0.0009481125744059682,0.0009505089393677088
304,7.058866213151927,0.0009532553958706558,0.0009556647593702231
305,7.082086167800454,0.00045691788545809686,0.00045807275044002204
306,7.1053061224489795,0.00024399500398430973,0.000244611704041003
307,7.128526077097506,0.0002065232110908255,0.00020704520077876343
308,7.151746031746032,0.0002692347625270486,0.00026991525635111435
309,7.174965986394557,0.000182055271579884,0.00018251541828154285
310,7.198185941043084,0.0002525523887015879,0.00025319071764229155
311,7.22140589569161,0.0003534466086421162,0.0003543399488336295
312,7.244625850340136,0.0003642684896476567,0.0003651891822624601
313,7.267845804988662,0.00023104835418052971,0.00023163233143742133
314,7.291065759637188,0.0001851257256930694,0.00018559363300127657
315,7.314285714285714,0.0003269002481829375,0.00032772649215636094
316,7.337505668934241,0.0003806299064308405,0.0003815919527065509
317,7.360725623582766,0.0003135594306513667,0.0003143519555617204
318,7.383945578231293,0.00026165269082412124,0.0002623140208785496
319,7.4071655328798185,0.00032235466642305255,0.0003231694213885732
320,7.430385487528345,0.00024944788310676813,0.00025007836537542906
321,7.453605442176871,0.0002989526547025889,0.00029970826082604683
322,7.476825396825397,0.0003994545550085604,0.0004004641807906359
323,7.500045351473923,0.0005079793627373874,0.0005092632861648494
324,7.523265306122449,0.00033455414813943207,0.000335399737429194
325,7.546485260770975,0.00017599569400772452,0.00017644052506040998
326,7.569705215419501,0.00012857027468271554,0.00012889523746634286
327,7.592925170068027,8.730572153581306e-05,8.752638770742141e-05
328,7.616145124716553,0.00012874428648501635,0.00012906968908538824
329,7.63936507936508,0.0003460542648099363,0.0003469289207710926
330,7.662585034013605,0.00023415358737111092,0.00023474541313905155
331,7.685804988662132,0.00022726865427102894,0.00022784307829481985
332,7.7090249433106575,0.0002756474132183939,0.00027634411508762593
333,7.732244897959184,0.00015382228593807667,0.00015421107345794244
334,7.75546485260771,0.0002785511896945536,0.00027925523089077276
335,7.778684807256236,0.00023227062774822116,0.00023285769431500102
336,7.801904761904762,0.00029627321055158973,0.0002970220443504802
337,7.825124716553288,0.0002691469562705606,0.0002698272281633472
338,7.848344671201814,0.00032426483812741935,0.000325084421072936
339,7.87156462585034,0.00037830419023521245,0.0003792603582376538
340,7.894784580498866,0.00024878367548808455,0.0002494124789646825
341,7.918004535147392,0.00024037051480263472,0.00024097805392304928
342,7.9412244897959186,0.0002226348005933687,0.00022319751250101356
343,7.964444444444444,0.00017624322208575904,0.00017668867876838472
344,7.987664399092971,0.00015362810518126935,0.00015401640190713616
345,8.010884353741497,0.00019145179248880595,0.0001919356890004307
346,8.034104308390022,0.00012693143798969686,0.00012725225859555418
347,8.057324263038549,0.00011647267820080742,0.00011676706417624433
348,8.080544217687075,0.00011871431343024597,0.0001190143651633849
349,8.103764172335602,0.0001894629531307146,0.0001899418228289831
350,8.126984126984127,0.0002071914786938578,0.00020771515743551382
351,8.150204081632653,0.0001953625469468534,0.000195856327933392
352,8.17342403628118,0.0002036999649135396,0.00020421481881570668
353,8.196643990929704,0.00016994054021779448,0.00017037006680266478
354,8.219863945578231,0.000150456209667027,0.0001508364893920884
355,8.243083900226758,0.00012971834803465754,0.00013004621258631152
356,8.266303854875284,0.0001531938323751092,0.00015358103147168113
357,8.289523809523809,0.00020763948850799352,0.00020816429959938322
358,8.312743764172335,0.0001744677865644917,0.00017490875581430628
359,8.335963718820862,0.0002533314109314233,0.0002539717088593827
360,8.359183673469389,0.0001838278549257666,0.00018429248185133188
361,8.382403628117913,0.00011458394874352962,0.00011487356093448585
362,8.40562358276644,0.0001007532628136687,0.0001010079177937896
363,8.428843537414966,8.397251076530665e-05,8.41847522100248e-05
364,8.452063492063493,9.661901276558638e-05,9.686321838323097e-05
365,8.475283446712018,0.00011825363617390394,0.00011855252354020969
366,8.498503401360544,0.00012352514022495598,0.00012383735137574115
367,8.52172335600907,0.00016512828005943447,0.00016554564360381614
368,8.544943310657596,0.00023753236746415496,0.00023813273313594982
369,8.568163265306122,0.00014783705410081893,0.00014821071388137412
370,8.591383219954649,0.00018493768584448844,0.00018540511787990975
371,8.614603174603175,0.0001941656955750659,0.00019465645150659608
372,8.6378231292517,0.00018712246674112976,0.0001875954208343015
373,8.661043083900227,0.00020963986753486097,0.0002101697346062467
374,8.684263038548753,0.0001275689573958516,0.00012789138933902116
375,8.70748299319728,9.553937707096338e-05,9.578085389751304e-05
376,8.730702947845804,9.990922990255058e-05,0.00010016175158020364
377,8.753922902494331,0.00011598016135394573,0.00011627330248763416
378,8.777142857142858,6.156629387987778e-05,6.172190336493329e-05
379,8.800362811791382,7.921122596599162e-05,7.941143321100189e-05
380,8.823582766439909,0.00014231837121769786,0.00014267808246655643
381,8.846802721088435,0.00015012608491815627,0.00015050553024928328
382,8.870022675736962,0.00014333480794448406,0.00014369708824835112
383,8.893242630385487,0.00013354803377296776,0.00013388557789745467
384,8.916462585034013,9.25488056964241e-05,9.278272382092614e-05
385,8.93968253968254,0.00010603082046145573,0.00010629881452658838
386,8.962902494331066,0.00011906465806532651,0.00011936559529838466
387,8.986122448979591,0.00010576414206298068,0.00010603146209552753
388,9.009342403628118,0.00011591021757340059,0.00011620318192341425
389,9.032562358276644,0.0001342683972325176,0.00013460776208357305
390,9.05578231292517,0.00011997368710581213,0.0001202769219197701
391,9.079002267573696,0.00012063863687217236,0.00012094355235397972
392,9.102222222222222,0.00016072738799266517,0.00016113362823393508
393,9.125442176870749,0.00014086942246649414,0.00014122547148144455
394,9.148662131519274,9.399440750712529e-05,9.423197940610655e-05
395,9.1718820861678,7.952583837322891e-05,7.972684080455944e-05
396,9.195102040816327,6.850612408015877e-05,6.867927406238868e-05
397,9.218321995464853,0.0001646572636673227,0.0001650734367125918
398,9.241541950113378,0.00013888051034882665,0.00013923153236652017
399,9.264761904761905,0.00010142024984816089,0.0001016765906453488
400,9.287981859410431,0.0001991221506614238,0.00019962543408770937
401,9.311201814058958,0.00011849090515170246,0.00011879039221795974
402,9.334421768707482,0.00010504425154067576,0.00010530975204200817
403,9.357641723356009,0.00012827629689127207,0.00012860051664279754
404,9.380861678004536,0.0002828836441040039,0.0002835986356264031
405,9.404081632653062,0.00012729900481645018,0.0001276207544515056
406,9.427301587301587,9.910245717037469e-05,9.93529397210721e-05
407,9.450521541950113,0.00013543004752136767,0.00013577234845630717
408,9.47374149659864,0.00019262511341366917,0.0001931119755068389
409,9.496961451247165,7.833142444724217e-05,7.852940798423535e-05
410,9.520181405895691,0.00020329344260971993,0.00020380726902229207
411,9.543401360544218,9.99283220153302e-05,0.00010018089194850833
412,9.566621315192744,0.0001389227109029889,0.00013927383958304732
413,9.58984126984127,0.00031909250537864864,0.00031989901519624336
414,9.613061224489796,0.00013783613394480199,0.00013818451628964544
415,9.636281179138322,0.00020474866323638707,0.00020526616773510162
416,9.659501133786849,0.00015751390310470015,0.00015791202122756505
417,9.682721088435374,8.451694156974554e-05,8.473055906931104e-05
418,9.7059410430839,7.943280070321634e-05,7.963356798081244e-05
419,9.729160997732427,9.202295768773183e-05,9.22555467256072e-05
420,9.752380952380953,0.00015733252803329378,0.00015773018772867044
421,9.775600907029478,0.00010598625522106886,0.00010625413664706618
422,9.798820861678005,0.00015846527821850032,0.00015886580095243115
423,9.822040816326531,0.00010578931687632576,0.00010605670053849028
424,9.845260770975056,7.72055791458115e-05,7.740071709642019e-05
425,9.868480725623582,0.00023047348076943308,0.00023105600502745414
426,9.891700680272109,0.00013168886653147638,0.00013202171159030823
427,9.914920634920636,0.00015096536662895232,0.0001513469332538361
428,9.93814058956916,0.0001180477484012954,0.00011834611538399096
429,9.961360544217687,9.987932571675628e-05,0.00010013177181125078
430,9.984580498866213,0.00022227587760426104,0.0002228376823301025
431,10.00780045351474,0.00033341077505610883,0.0003342534744578247
432,10.031020408163265,0.00024092076637316495,0.00024152969626047718
433,10.054240362811791,0.0002220219757873565,0.00022258313877356262
434,10.077460317460318,0.00013126613339409232,0.00013159790999026904
435,10.100680272108843,8.320311462739483e-05,8.341341141491048e-05
436,10.12390022675737,0.00010001664486480877,0.00010026943803496058
437,10.147120181405896,0.0001693819067440927,0.00016981002137671285
438,10.170340136054422,0.0003027356287930161,0.00030350079642510306
439,10.193560090702947,0.000294336408842355,0.00029508034735361915
440,10.216780045351474,0.00012494722614064813,0.00012526303162922918
441,10.24,9.244366810889915e-05,9.267732049699213e-05
442,10.263219954648527,0.0001728809147607535,0.00017331787317462742
443,10.286439909297052,0.0003140170010738075,0.0003148106824984375
444,10.309659863945578,0.00018555388669483364,0.00018602287618468285
445,10.332879818594105,0.00013144050899427384,0.0001317727263266983
446,10.356099773242631,0.00012373765639495105,0.00012405040468269372
447,10.379319727891156,0.00021316907077562064,0.0002137078579470212
448,10.402539682539683,0.0002024567365879193,0.00020296844821681695
449,10.425759637188209,0.00014603891759179533,0.00014640803256254315
450,10.448979591836734,0.00022339697170536965,0.00022396161000888453
451,10.47219954648526,0.00010050114360637963,0.0001007551613524306
452,10.495419501133787,8.741226338315755e-05,8.76331988404571e-05
453,10.518639455782314,0.00013868577661924064,0.0001390363064452904
454,10.541859410430838,0.00022429812815971673,0.00022486504414608334
455,10.565079365079365,0.00011553130025276914,0.00011582330688508655
456,10.588299319727891,9.185625094687566e-05,9.208841863162961e-05
457,10.611519274376418,9.508329821983352e-05,9.532362230206975e-05
458,10.634739229024943,8.836889173835516e-05,8.859224508434608e-05
459,10.65795918367347,0.00015812805213499814,0.0001585277225262932
460,10.681179138321996,0.0001659189147176221,0.0001663382765997999
461,10.704399092970522,0.00026192364748567343,0.00026258566238604453
462,10.727619047619047,0.00026634131791070104,0.000267014498521669
463,10.750839002267574,0.00019945891108363867,0.000199963045675596
464,10.7740589569161,0.000214773986954242,0.00021531683056893926
465,10.797278911564625,0.00016655772924423218,0.00016697870573715342
466,10.820498866213152,0.000258278741966933,0.00025893154432850887
467,10.843718820861678,0.00032606758759357035,0.00032689172700819426
468,10.866938775510205,0.0003826742758974433,0.0003836414893394701
469,10.89015873015873,0.0002659879974089563,0.0002666602849984693
470,10.913378684807256,0.0002515417290851474,0.0002521775035725525
471,10.936598639455783,0.0001406320952810347,0.0001409875444489131
472,10.95981859410431,9.363140998175368e-05,9.386806440049633e-05
473,10.983038548752834,0.00021163708879612386,0.00021217200386621833
474,11.00625850340136,9.210077405441552e-05,9.233355977401372e-05
475,11.029478458049887,7.205380097730085e-05,7.223591775191532e-05
476,11.052698412698414,8.800674550002441e-05,8.822918351741407e-05
477,11.075918367346938,9.711586608318612e-05,9.73613275030567e-05
478,11.099138321995465,9.646407852414995e-05,9.670789254379493e-05
479,11.122358276643991,0.00011256909056100994,0.00011285361017574496
480,11.145578231292516,0.00011784410889958963,0.00011814196118120445
481,11.168798185941043,0.000144104880746454,0.00014446910741779942
482,11.19201814058957,0.0002434858470223844,0.0002441012601792553
483,11.215238095238096,0.0001377652515657246,0.00013811345475457518
484,11.23845804988662,0.00021095377451274544,0.0002114869624984717
485,11.261678004535147,0.0001554396585561335,0.0001558325340030837
486,11.284897959183674,9.910354856401682e-05,9.935403387322365e-05
487,11.3081179138322,0.00010571809252724051,0.0001059852961690792
488,11.331337868480725,0.00013743466115556657,0.00013778202877351873
489,11.354557823129252,0.00020225284970365465,0.00020276404600620942
490,11.377777777777778,0.00014722422929480672,0.0001475963401539232
491,11.400997732426303,0.000265634385868907,0.00026630577970136255
492,11.42421768707483,0.00039106549229472876,0.00039205391462850917
493,11.447437641723356,0.0002580699510872364,0.000258722225727567
494,11.470657596371883,0.0002302373613929376,0.00023081928885663707
495,11.493877551020407,0.00012541112664621323,0.00012572810464842537
496,11.517097505668934,0.00022670216276310384,0.00022727515497337664
497,11.54031746031746,0.00011552783689694479,0.00011581983477559225
498,11.563537414965987,8.33417652756907e-05,8.355241250424519e-05
499,11.586757369614512,0.00011398704373277724,0.00011427514723975241
500,11.609977324263038,0.0001160026658908464,0.00011629586390499941
501,11.633197278911565,0.00012186686944914982,0.00012217488930230694
502,11.656417233560092,0.00016196651267819107,0.0001623758848207349
503,11.679637188208616,0.0001385981304338202,0.00013894843873317215
504,11.702857142857143,0.0001332757092313841,0.0001336125650525964
505,11.72607709750567,0.00018187308160122484,0.00018233276781570842
506,11.749297052154194,8.605985931353644e-05,8.627737655467259e-05
507,11.77251700680272,9.052373206941411e-05,9.07525317980466e-05
508,11.795736961451247,8.190343214664608e-05,8.211044397239419e-05
509,11.818956916099774,0.0002459402894601226,0.00024656190624725553
510,11.842176870748299,0.0001286015030927956,0.00012892654480657295
511,11.865396825396825,0.00011182193702552468,0.00011210456820147952
512,11.888616780045352,9.260807564714924e-05,9.284214357710375e-05
513,11.911836734693878,0.00014316638407763094,0.00014352823868832174
514,11.935056689342403,7.374894630629569e-05,7.393534757937703e-05
515,11.95827664399093,7.026534876786172e-05,7.044294520984255e-05
516,11.981496598639456,7.469100091839209e-05,7.487978324486878e-05
517,12.004716553287983,8.030844765016809e-05,8.051142813505536e-05
518,12.027936507936507,0.00010125078551936895,0.00010150669799360161
519,12.051156462585034,9.567276720190421e-05,9.591458117347721e-05
520,12.07437641723356,0.00011208707292098552,0.00011237037423083283
521,12.097596371882085,0.00013100734213367105,0.00013133846463209018
522,12.120816326530612,0.00013300022692419589,0.00013333638646084625
523,12.144036281179138,0.00019757244444917887,0.0001980718109759651
524,12.167256235827665,0.000288626819383353,0.00028935632684444983
525,12.19047619047619,0.00031385530019178987,0.00031464857291566174
526,12.213696145124716,0.0002425224520266056,0.00024313543019202662
527,12.236916099773243,0.00015752408944536,0.00015792223331431298
528,12.26013605442177,8.350645657628775e-05,8.371752006391622e-05
529,12.283356009070294,6.584539369214326e-05,6.601181864904749e-05
530,12.30657596371882,6.290131568675861e-05,6.306029945411722e-05
531,12.329795918367347,7.35375433578156e-05,7.372341030761906e-05
532,12.353015873015874,9.066017810255289e-05,9.088932270003514e-05
533,12.376235827664399,8.492850611219183e-05,8.514316384566587e-05
534,12.399455782312925,7.187929440988228e-05,7.20609701172279e-05
535,12.422675736961452,7.340349839068949e-05,7.358902654036396e-05
536,12.445895691609977,5.6381435570074245e-05,5.65239402687145e-05
537,12.469115646258503,8.001783135114238e-05,8.022007730013687e-05
538,12.49233560090703,0.0001000800184556283,0.00010033297180322807
539,12.515555555555556,8.196075941668823e-05,8.216791613774202e-05
540,12.538775510204081,9.079208393814042e-05,9.102156192907319e-05
541,12.561995464852608,8.809079008642584e-05,8.83134405274322e-05
542,12.585215419501134,8.102598076220602e-05,8.123077481992735e-05
543,12.60843537414966,7.489536073990166e-05,7.508465958807534e-05
544,12.631655328798185,0.00012200204946566373,0.0001223104109877997
545,12.654875283446712,6.101829421822913e-05,6.117251862811142e-05
546,12.678095238095239,0.00012485563638620079,0.00012517121038066993
547,12.701315192743763,0.00010087205737363547,0.0001011270126083135
548,12.72453514739229,9.450543439015746e-05,9.474429791520726e-05
549,12.747755102040816,0.00012076066195731983,0.00012106588585887227
550,12.770975056689343,0.00010095314792124555,0.00010120830811317471
551,12.794195011337868,7.827465742593631e-05,7.847249748365866e-05
552,12.817414965986394,6.831486825831234e-05,6.848753483934859e-05
553,12.84063492063492,7.716073014307767e-05,7.735575473733858e-05
554,12.863854875283447,0.00020673370454460382,0.00020725622625706176
555,12.887074829931972,0.00014556932728737593,0.00014593725536346348
556,12.910294784580499,0.00016984013200271875,0.00017026940480472088
557,12.933514739229025,0.0001294738904107362,0.00012980113709305652
558,12.956734693877552,0.00011365259706508368,0.0001139398552544271
559,12.979954648526077,0.00018354544590692967,0.00018400935904059316
560,13.003174603174603,0.00011890923633472994,0.00011920978073765426
561,13.02639455782313,0.00014225681661628187,0.0001426163722852082
562,13.049614512471654,0.0001517368364147842,0.0001521203529380384
563,13.072834467120181,0.00012646442337427288,0.0001267840635955522
564,13.096054421768708,0.00014076234947424382,0.00014111812786102843
565,13.119274376417234,0.00010797756840474904,0.00010825048289672401
566,13.142494331065759,0.00022463075583800673,0.00022519851254448938
567,13.165714285714285,0.00021067117631901056,0.00021120365003469337
568,13.188934240362812,0.0001853093708632514,0.00018577774233664642
569,13.212154195011339,0.00020084988500457257,0.00020135753529841678
570,13.235374149659863,0.00023599503037985414,0.0002365915104152566
571,13.25859410430839,0.00029455896583385766,0.0002953034668603661
572,13.281814058956916,0.0001903668453451246,0.00019084799964090847
573,13.305034013605443,0.00013644497084897012,0.00013678983701378503
574,13.328253968253968,0.0002183847245760262,0.00021893669436978328
575,13.351473922902494,0.00016922080249059945,0.00016964850993044664
576,13.374693877551021,0.00014463230036199093,0.0001449978600922166
577,13.397913832199546,0.00010585126437945291,0.00010611880461461306
578,13.421133786848072,0.00012879265705123544,0.00012911818190874556
579,13.444353741496599,6.498739094240591e-05,6.515164728792152e-05
580,13.467573696145125,7.829062087694183e-05,7.84885012824622e-05
581,13.49079365079365,8.324770169565454e-05,8.345811117747571e-05
582,13.514013605442177,9.472061356063932e-05,9.496002095340963e-05
583,13.537233560090703,8.808135316940024e-05,8.8303979758495e-05
584,13.56045351473923,0.0001269882923224941,0.00012730925662830298
585,13.583673469387755,0.00014558937982656062,0.00014595735858566157
586,13.606893424036281,0.0001419363106833771,0.00014229505627003222
587,13.630113378684808,7.69639591453597e-05,7.715848639875925e-05
588,13.653333333333334,0.00018820332479663193,0.0001886790107704292
589,13.676553287981859,0.00012279509974177927,0.00012310546570721222
590,13.699773242630386,0.00011645734048215672,0.00011675168769134101
591,13.722993197278912,0.00012574117863550782,0.0001260589908477537
592,13.746213151927437,7.067269325489178e-05,7.085131926454467e-05
593,13.769433106575963,6.818032852606848e-05,6.835265505645144e-05
594,13.79265306122449,8.273471758002415e-05,8.294383048884987e-05
595,13.815873015873017,0.00013153966574463993,0.00013187213369684174
596,13.839092970521541,6.834446685388684e-05,6.8517208245699e-05
597,13.862312925170068,6.970637332415208e-05,6.98825569495498e-05
598,13.885532879818594,5.554168456001207e-05,5.5682066778736525e-05
599,13.908752834467121,8.69265859364532e-05,8.71462938386634e-05
600,13.931972789115646,0.00012737067299894989,0.00012769260377612499
601,13.955192743764172,0.00011512339551700279,0.00011541437116561329
602,13.978412698412699,0.0002508032775949687,0.00025143718563810886
603,14.001632653061224,0.00010268685582559556,0.00010294639798332502
604,14.02485260770975,0.00013774300168734044,0.00013809114863937863
605,14.048072562358277,0.00013096244947519153,0.0001312934585069225
606,14.071292517006803,9.405419405084103e-05,9.429191706096923e-05
607,14.094512471655328,6.693532486679032e-05,6.710450463672851e-05
608,14.117732426303855,6.790323095628992e-05,6.807485711951699e-05
609,14.140952380952381,7.012041169218719e-05,7.029764180411484e-05
610,14.164172335600908,8.835825428832322e-05,8.858158074804217e-05
611,14.187392290249432,8.651087409816682e-05,8.672953128413262e-05
612,14.210612244897959,0.00010117641795659438,0.00010143214246599403
613,14.233832199546486,0.00012138280726503581,0.00012168960364569756
614,14.257052154195012,0.00010584541450953111,0.00010611293995908067
615,14.280272108843537,0.00011052515765186399,0.00011080451120368639
616,14.303492063492063,0.0001744641485856846,0.00017490510864046774
617,14.32671201814059,0.00013081847282592207,0.00013114911795508816
618,14.349931972789115,0.00010846323857549578,0.00010873738060417005
619,14.373151927437641,9.54144197748974e-05,9.565558077050663e-05
620,14.396371882086168,0.00011303429346298799,0.00011331998888317533
621,14.419591836734694,6.665319961030036e-05,6.682166630554918e-05
622,14.44281179138322,7.305285544134676e-05,7.323749733710943e-05
623,14.466031746031746,8.12260914244689e-05,8.143139126409048e-05
624,14.489251700680272,0.0001099940127460286,0.00011027202382325851
625,14.512471655328799,0.00011301365157123655,0.00011329929481881541
626,14.535691609977324,0.00020372966537252069,0.00020424459434292459
627,14.55891156462585,0.00013940736243966967,0.00013975971608181856
628,14.582131519274377,0.00010443967767059803,0.00010470365010482306
629,14.605351473922903,9.473175305174664e-05,9.497118859970327e-05
630,14.628571428571428,8.39313943288289e-05,8.414353185130154e-05
631,14.651791383219955,0.00023670951486565173,0.0002373078007684519
632,14.675011337868481,0.00016505004896316677,0.00016546721477759204
633,14.698231292517006,0.0001834743598010391,0.00018393809326378794
634,14.721451247165533,0.00016358669381588697,0.00016400016098407953
635,14.744671201814059,0.00012115766003262252,0.00012146388735117756
636,14.767891156462586,0.00013172136095818132,0.0001320542881470341
637,14.79111111111111,0.00015121325850486755,0.0001515954516791947
638,14.814331065759637,0.00018608687969390303,0.0001865572163294207
639,14.837551020408164,0.0002362883387831971,0.00023688556015881562
640,14.86077097505669,0.00010741602454800159,0.00010768751973170124
641,14.883990929705215,9.799129475140944e-05,9.82389688268693e-05
642,14.907210884353741,6.457619019784033e-05,6.473940722895054e-05
643,14.930430839002268,6.389695045072585e-05,6.40584506959031e-05
644,14.953650793650795,7.906991959316656e-05,7.926976968476505e-05
645,14.97687074829932,9.575689909979701e-05,9.599892571566745e-05
646,15.000090702947846,0.0001381282927468419,0.00013847741352627146
647,15.023310657596372,0.00015086485655047,0.0001512461691350247
648,15.046530612244897,0.0001456158352084458,0.00014598388083381547
649,15.069750566893424,0.00011027141590602696,0.0001105501281227954
650,15.09297052154195,8.054656063904986e-05,8.075014295713594e-05
651,15.116190476190477,5.426374627859332e-05,5.440089849425323e-05
652,15.139410430839002,6.019962893333286e-05,6.035178415770166e-05
653,15.162630385487528,0.0001121730383601971,0.00011245655694863769
654,15.185850340136055,0.0001413765421602875,0.00014173387292584265
655,15.209070294784581,0.0001335994020337239,0.00013393707599205495
656,15.232290249433106,5.307258834363893e-05,5.320672989451464e-05
657,15.255510204081633,6.40517464489676e-05,6.421363794273328e-05
658,15.27873015873016,8.506668382324278e-05,8.528169080240157e-05
659,15.301950113378684,0.00010468535765539855,0.00010494995104848782
660,15.32517006802721,0.00015493588580284268,0.00015532748795861706
661,15.348390022675737,0.00011456461652414873,0.00011485417985270782
662,15.371609977324264,0.00010676083184080198,0.0001070306710177266
663,15.394829931972788,7.725372415734455e-05,7.744898379499952e-05
664,15.418049886621315,0.00011348009138600901,0.00011376691356535089
665,15.441269841269841,0.00013360970478970557,0.0001339474047883657
666,15.464489795918368,0.00014039281813893467,0.00014074766253120417
667,15.487709750566893,0.00017215864500030875,0.00017259377786941763
668,15.51092970521542,0.00014004140393808484,0.0001403953601270959
669,15.534149659863946,0.00016964662063401192,0.0001700754043339009
670,15.557369614512472,0.0001166778092738241,0.00011697271372030465
671,15.580589569160997,0.00011284435458946973,0.00011312956993706478
672,15.603809523809524,8.33494559628889e-05,8.356012262973988e-05
673,15.62702947845805,7.354532135650516e-05,7.373120796528588e-05
674,15.650249433106575,8.198723662644625e-05,8.219446026893896e-05
675,15.673469387755102,0.00013639515964314342,0.00013673989990958764
676,15.696689342403628,0.0001102125970646739,0.00011049116061617377
677,15.719909297052155,0.00017173413652926683,0.00017216819644854525
678,15.74312925170068,0.00018754773191176355,0.0001880217608673323
679,15.766349206349206,0.0002158201823476702,0.00021636567023273327
680,15.789569160997733,0.00014771266432944685,0.00014808600971348652
681,15.81278911564626,0.00011443005496403202,0.00011471927818676765
682,15.836009070294784,0.0001496124896220863,0.00014999063683545256
683,15.85922902494331,0.0001376147847622633,0.00013796260764461287
684,15.882448979591837,0.0001254107046406716,0.0001257276815762601
685,15.905668934240364,0.00014305958757176995,0.00014342117225311736
686,15.928888888888888,0.00014557821850758046,0.0001459461690563249
687,15.952108843537415,0.000247782765654847,0.0002484090393208307
688,15.975328798185942,0.0001815381256164983,0.0001819969652260457
689,15.998548752834466,0.0001023341465042904,0.00010259279718533021
690,16.021768707482995,0.00022076681489124894,0.00022132480544448247
691,16.04498866213152,0.0001627383171580732,0.00016314964004493035
692,16.068208616780044,0.00011155094398418441,0.00011183289022224615
693,16.091428571428573,0.00010893493163166568,0.00010921026586972838
694,16.114648526077097,0.0002025982248596847,0.00020311029410174572
695,16.137868480725622,0.000161636940902099,0.00016204548004835327
696,16.16108843537415,0.00012040328147122636,0.00012070760208966877
697,16.184308390022675,0.0002062963612843305,0.000206817777606887
698,16.207528344671204,8.123690349748358e-05,8.144223066473864e-05
699,16.23074829931973,7.424758950946853e-05,7.443525110873132e-05
700,16.253968253968253,8.949009497882798e-05,8.971628217834325e-05
701,16.27718820861678,0.0001316216221312061,0.00013195429722907652
702,16.300408163265306,0.00013506587129086256,0.00013540725176637325
703,16.32362811791383,0.00015929581422824413,0.00015969843615107609
704,16.34684807256236,0.00021942889725323766,0.00021998350620492307
705,16.370068027210884,0.00016790171503089368,0.00016832608846267553
706,16.39328798185941,0.00010644207941368222,0.00010671111294034077
707,16.416507936507937,0.00010882273636525497,0.00010909778702854759
708,16.439727891156462,0.00013618289085570723,0.0001365270946104561
709,16.46294784580499,0.00023287057410925627,0.0002334591570470635
710,16.486167800453515,0.00011132145300507545,0.00011160281920216293
711,16.50938775510204,0.00011011635069735348,0.00011039467098510118
712,16.532607709750568,0.00010277858382323757,0.00010303835782449016
713,16.555827664399093,0.00011296653974568471,0.00011325206391760623
714,16.579047619047618,0.00010528031998546794,0.00010554641715239148
715,16.602267573696146,0.00011544000881258398,0.00011573178470478205
716,16.62548752834467,0.00011776579776778817,0.00011806345211715589
717,16.648707482993196,9.866851178230718e-05,9.891789753126252e-05
718,16.671927437641724,0.000134134097606875,0.00013447312301414924
719,16.69514739229025,0.00013158067304175347,0.00013191324464034983
720,16.718367346938777,0.00012579001486301422,0.00012610795050936236
721,16.741587301587302,0.0001095569969038479,0.00010983390341872922
722,16.764807256235827,0.00011814669414889067,0.00011844531121805176
723,16.788027210884355,9.33059272938408e-05,9.35417590515092e-05
724,16.81124716553288,8.494376379530877e-05,8.515846009274473e-05
725,16.834467120181404,0.00013328208297025412,0.00013361895490116151
726,16.857687074829933,0.00013006165681872517,0.00013039038908710753
727,16.880907029478458,0.00014798202028032392,0.00014835604646449253
728,16.904126984126986,0.00012499628064688295,0.00012531221012126816
729,16.92734693877551,0.00010574957559583709,0.00010601685881147798
730,16.950566893424035,0.00011003758845617995,0.00011031570967149663
731,16.973786848072564,0.00014503224520012736,0.00014539881579533112
732,16.99700680272109,0.00011597343109315261,0.00011626655521603285
733,17.020226757369613,0.00011289072426734492,0.0001131760568148109
734,17.04344671201814,0.0001090726800612174,0.00010934836245995112
735,17.066666666666666,0.00014490648754872382,0.00014527274029008021
736,17.08988662131519,0.00013337402197066694,0.0001337111262784093
737,17.11310657596372,8.892035111784935e-05,8.91450982834884e-05
738,17.136326530612244,8.939399413065985e-05,8.961993843422419e-05
739,17.159546485260773,9.647659317124635e-05,9.672043882179953e-05
740,17.182766439909297,0.00010451288835611194,0.00010477704583114998
741,17.205986394557822,0.00012655515456572175,0.00012687502411108559
742,17.22920634920635,0.00016110869182739407,0.00016151589581830087
743,17.252426303854875,0.00017239314911421388,0.00017282887469505036
744,17.2756462585034,0.00012651227007154375,0.0001268320312258768
745,17.29886621315193,0.0001832543348427862,0.00018371751219003262
746,17.322086167800453,0.0002740855561569333,0.00027477831041526087
747,17.345306122448978,0.00023397032055072486,0.00023456168310976092
748,17.368526077097506,0.00013715075328946114,0.00013749740332715852
749,17.39174603174603,0.00010622551781125367,0.00010649400397607975
750,17.41496598639456,0.00011564473970793188,0.00011593703305972012
751,17.438185941043084,0.00011315964366076514,0.0001134456559049563
752,17.46140589569161,6.420341378543526e-05,6.436568862006231e-05
753,17.484625850340137,0.0001654013030929491,0.00016581935670605143
754,17.507845804988662,0.0001604274002602324,0.00016083288227920848
755,17.531065759637187,9.464685717830434e-05,9.488607815100693e-05
756,17.554285714285715,8.511497435392812e-05,8.533010338793444e-05
757,17.57750566893424,0.0001056937690009363,0.00010596091116479468
758,17.600725623582765,0.00019073057046625763,0.00019121264408128642
759,17.623945578231293,7.361939060501754e-05,7.38054644246387e-05
760,17.647165532879818,9.828272595768794e-05,9.853113662872764e-05
761,17.670385487528346,0.00016238889656960964,0.00016279933629208558
762,17.69360544217687,0.00017364599625580013,0.00017408488842156922
763,17.716825396825396,0.0001480378705309704,0.00014841203787726193
764,17.740045351473924,0.00017577005201019347,0.00017621431275024793
765,17.76326530612245,0.00018135167192667723,0.0001818100402724725
766,17.786485260770974,0.00016255391528829932,0.00016296477209740208
767,17.809705215419502,0.00012720882659778,0.0001275303483063957
768,17.832925170068027,0.0001270829379791394,0.00012740414150288663
769,17.856145124716555,0.00018442438158672303,0.00018489051623998612
770,17.87936507936508,0.0001662845752434805,0.00016670486133665995
771,17.902585034013605,0.0001754233962856233,0.00017586678084952046
772,17.925804988662133,0.00014527616440318525,0.000145643351506858
773,17.949024943310658,0.0001749178336467594,0.00017535994039552527
774,17.972244897959182,0.0001477429032092914,0.00014811632502243253
775,17.99546485260771,0.00015648322005290538,0.00015687873311301859
776,18.018684807256236,0.00019240043184254318,0.00019288672605057022
777,18.04190476190476,0.00014977379760239273,0.00015015235252345373
778,18.06512471655329,0.00011936049850191921,0.00011966218347493531
779,18.088344671201813,0.0001124048576457426,0.00011268896215997759
780,18.11156462585034,8.728323155082762e-05,8.750384087875152e-05
781,18.134784580498867,0.000190071776160039,0.00019055218466521162
782,18.15800453514739,0.00025067984825000167,0.00025131344432411464
783,18.18122448979592,0.00016531669825781137,0.00016573453803126218
784,18.204444444444444,0.00014993052172940224,0.00015030947277241836
785,18.22766439909297,0.00036314927274361253,0.00036406713652537877
786,18.250884353741498,0.00017149507766589522,0.00017192853336126665
787,18.274104308390022,0.00012660982611123472,0.00012692983383953127
788,18.297324263038547,0.00013580068480223417,0.00013614392252697837
789,18.320544217687075,0.0001864274963736534,0.0001868986939215762
790,18.3437641723356,0.0001673559017945081,0.00016777889567733064
791,18.36698412698413,0.00016768506611697376,0.0001681088919662424
792,18.390204081632653,0.0002771846193354577,0.0002778852065100609
793,18.413424036281178,0.00017156887042801827,0.00017200251263540774
794,18.436643990929706,0.0001269407366635278,0.00012726158077188549
795,18.45986394557823,0.00011839815124403685,0.00011869740387377213
796,18.483083900226756,8.044832065934315e-05,8.065165467479982e-05
797,18.506303854875284,9.616920578991994e-05,9.641227451548533e-05
798,18.52952380952381,0.00011798726336564869,0.00011828547747175127
799,18.552743764172334,0.00011957775132032111,0.00011987998540222566
800,18.575963718820862,0.00011143526353407651,0.00011171691738852803
801,18.599183673469387,0.00014332286082208157,0.00014368511092946532
802,18.622403628117915,0.0001560497476020828,0.00015644416505580805
803,18.64562358276644,0.00018633001309353858,0.0001868009642513985
804,18.668843537414965,0.00026241433806717396,0.00026307759319338776
805,18.692063492063493,0.0002571586228441447,0.0002578085940923156
806,18.715283446712018,0.00022457604063674808,0.00022514365904995762
807,18.738503401360543,9.834348020376638e-05,9.859204443183138e-05
808,18.76172335600907,0.00016317681001964957,0.0001635892412020381
809,18.784943310657596,0.00010998532525263727,0.00011026331437213207
810,18.808163265306124,9.535694698570296e-05,9.559796271820526e-05
811,18.83138321995465,8.075924415607005e-05,8.096336403408508e-05
812,18.854603174603174,7.72265630075708e-05,7.742175399512093e-05
813,18.877823129251702,0.00010240677511319518,0.00010266560936384296
814,18.901043083900227,9.814916120376438e-05,9.839723428841922e-05
815,18.92426303854875,8.506807353114709e-05,8.528308402280789e-05
816,18.94748299319728,0.0001050461214617826,0.00010531162668936118
817,18.970702947845805,9.577775199431926e-05,9.601983131611e-05
818,18.99392290249433,9.737355867400765e-05,9.761967141473634e-05
819,19.017142857142858,0.00013985934492666274,0.00014021284095951962
820,19.040362811791383,0.00016803508333396167,0.00016845979385559666
821,19.06358276643991,0.00011707087105605751,0.00011736676897051663
822,19.086802721088436,0.00010321235458832234,0.00010347322494995548
823,19.11002267573696,0.00012145750224590302,0.0001217644874189506
824,19.13324263038549,0.00014348782133311033,0.00014385048838000042
825,19.156462585034014,0.00020018451323267072,0.0002006904817920419
826,19.17968253968254,0.00013806181959807873,0.00013841077236589354
827,19.202902494331067,0.00021028016635682434,0.00021081165179052635
828,19.22612244897959,0.0001583980192663148,0.0001587983720025041
829,19.249342403628116,0.00018084851035382599,0.00018130560695321074
830,19.272562358276645,0.0001231129135703668,0.0001234240828137477
831,19.29578231292517,0.0001152790937339887,0.00011557046291155543
832,19.319002267573698,0.00020883421530015767,0.00020936204607665743
833,19.342222222222222,0.00023369552218355238,0.00023428619018669243
834,19.365442176870747,0.000256490136962384,0.0002571384186051349
835,19.388662131519276,0.00019521589274518192,0.0001957093030616125
836,19.4118820861678,0.00024687492987141013,0.0002474989089724643
837,19.435102040816325,0.00015561908367089927,0.00015601241261680083
838,19.458321995464853,0.00010679294064175338,0.00010706286097402561
839,19.481541950113378,0.00015983026241883636,0.00016023423516534936
840,19.504761904761907,0.00017198869318235666,0.00017242339649637607
841,19.52798185941043,0.00014735330478288233,0.00014772574188171483
842,19.551201814058956,0.00012693672033492476,0.00012725755429196774
843,19.574421768707484,0.0001191834089695476,0.00011948464634682252
844,19.59764172335601,0.00011651097884168848,0.00011680546162241655
845,19.620861678004534,0.00010236373054794967,0.00010262245600298527
846,19.644081632653062,9.715765918372199e-05,9.740322623611392e-05
847,19.667301587301587,0.00011449435987742618,0.0001147837456315378
848,19.690521541950112,0.00011806338443420827,0.00011836179093714903
849,19.71374149659864,0.0001146771464846097,0.00011496699423388176
850,19.736961451247165,9.75712900981307e-05,9.781790260720906e-05
851,19.760181405895693,0.00013449833204504102,0.00013483827805886456
852,19.783401360544218,0.00021630866103805602,0.00021685538355838266
853,19.806621315192743,0.00013147729623597115,0.0001318096065485537
854,19.82984126984127,0.0003584224032238126,0.0003593283197908685
855,19.853061224489796,0.00015263409295585006,0.00015301987730488226
856,19.87628117913832,0.00012193863949505612,0.0001222468407477938
857,19.89950113378685,0.0001781352621037513,0.0001785855009383363
858,19.922721088435374,0.00015606019587721676,0.00015645463973907233
859,19.9459410430839,0.0001674548111623153,0.00016787805503965306
860,19.969160997732427,0.00024646881502121687,0.00024709176766251966
861,19.99238095238095,0.00040631135925650597,0.00040733831568674794
862,20.01560090702948,0.0003093519189860672,0.0003101338093644011
863,20.038820861678005,0.00029713966068811715,0.00029789068444925924
864,20.06204081632653,0.0002726582461036742,0.0002733473928201407
865,20.085260770975058,0.00017865751578938216,0.00017910907462590273
866,20.108480725623583,0.0001976810017367825,0.00019818064264330733
867,20.131700680272107,0.00014557769463863224,0.00014594564386329216
868,20.154920634920636,0.00014027832366991788,0.00014063287867615743
869,20.17814058956916,0.00030997407156974077,0.00031075753444557405
870,20.201360544217685,0.00025032032863236964,0.00025095301601669404
871,20.224580498866214,0.00024363516422454268,0.00024425095478228465
872,20.24780045351474,0.0003838231205008924,0.00038479323766029257
873,20.271020408163267,0.00023905260604806244,0.00023965681413960186
874,20.29424036281179,0.00020978663815185428,0.00021031687618758903
875,20.317460317460316,0.00020644727919716388,0.0002069690769664053
876,20.340680272108845,0.00020994538499508053,0.0002104760242652079
877,20.36390022675737,0.00025681406259536743,0.0002574631629637191
878,20.387120181405894,0.00024935451801866293,0.00024998476430603656
879,20.410340136054423,0.0002063928550342098,0.00020691451524578063
880,20.433560090702947,0.0002368266723351553,0.00023742525435474846
881,20.456780045351476,0.0002624401240609586,0.0002631034443615554
882,20.48,0.0002681697951629758,0.00026884759727031346
883,20.503219954648525,0.0003116220177616924,0.00031240964583965447
884,20.526439909297054,0.0001814778079278767,0.0001819364950838026
885,20.54965986394558,0.00013101207150612026,0.00013134320595808028
886,20.572879818594103,0.00022321355936583132,0.00022377773409264034
887,20.59609977324263,0.00021251865837257355,0.0002130558016194704
888,20.619319727891156,0.00022130145225673914,0.00022186079411179536
889,20.64253968253968,0.00021435505186673254,0.00021489683661838753
890,20.66575963718821,0.00020370347192510962,0.00020421833469128704
891,20.688979591836734,0.00022882323537487537,0.00022940158861950777
892,20.712199546485262,0.0001499475329183042,0.0001503265269572874
893,20.735419501133787,0.00013697049871552736,0.0001373166931578062
894,20.758639455782312,0.00017245275375898927,0.00017288862999122114
895,20.78185941043084,0.00022375355183612555,0.00022431909139984356
896,20.805079365079365,0.00019813528342638165,0.0001986360725348744
897,20.82829931972789,0.00021065364126116037,0.00021118607065679157
898,20.851519274376418,0.00014305311196949333,0.00014341468028368474
899,20.874739229024943,0.00013120802759658545,0.00013153965732971978
900,20.897959183673468,0.00013550800213124603,0.00013585050009731956
901,20.921179138321996,0.00010919961641775444,0.0001094756196495257
902,20.94439909297052,0.00017707276856526732,0.00017752032193574558
903,20.96761904761905,0.00017821347864810377,0.00017866391517586504
904,20.990839002267574,0.00010285280586685985,0.00010311276746514418
905,21.0140589569161,0.00011016177450073883,0.00011044020959764927
906,21.037278911564627,0.00010142634710064158,0.0001016827033087022
907,21.060498866213152,0.00013177937944419682,0.00013211245327541128
908,21.083718820861677,9.452267840970308e-05,9.476158551920197e-05
909,21.106938775510205,0.00017176965775433928,0.00017220380745390482
910,21.13015873015873,0.00017271604156121612,0.00017315258325626445
911,21.153378684807254,0.0002502545539755374,0.00025088707511369314
912,21.176598639455783,0.00016415270511060953,0.000164567602878576
913,21.199818594104308,0.00017885530542116612,0.00017930736417315688
914,21.223038548752836,0.00010343669418944046,0.00010369813157188331
915,21.24625850340136,0.0001290853979298845,0.00012941166269318577
916,21.269478458049885,0.00011324112711008638,0.00011352734530459207
917,21.292698412698414,0.00011125861055916175,0.00011153981792127586
918,21.31591836734694,0.000136493137688376,0.0001368381255954074
919,21.339138321995463,0.00017076873336918652,0.0001712003532213577
920,21.36235827664399,0.0001432051503797993,0.0001435671029727453
921,21.385578231292516,0.00017920586105901748,0.00017965880584423926
922,21.408798185941045,0.00017207206110469997,0.0001725069751320602
923,21.43201814058957,0.00019724233425222337,0.00019774086642185534
924,21.455238095238094,0.00033402847475372255,0.0003348727353982193
925,21.478458049886623,0.00037610495928674936,0.0003770555687087754
926,21.501678004535147,0.00028041459154337645,0.0002811233425082673
927,21.524897959183672,0.00039088548510335386,0.0003918734524669779
928,21.5481179138322,0.00023902086832094938,0.00023962499619503436
929,21.571337868480725,0.0001663431612541899,0.00016676359542415592
930,21.59455782312925,0.00018528540385887027,0.00018575371475539808
931,21.61777777777778,0.00018583075143396854,0.00018630044070249165
932,21.640997732426303,0.00022599317890126258,0.00022656437914702525
933,21.66421768707483,0.00020514304924290627,0.00020566155055659082
934,21.687437641723356,0.00010838377056643367,0.00010865771173884082
935,21.71065759637188,0.00019368174253031611,0.00019417127526520186
936,21.73387755102041,0.00021182189811952412,0.00021235728029721652
937,21.757097505668934,0.00022518621699418873,0.0002257553776348541
938,21.78031746031746,0.0002602750901132822,0.0002609329382667593
939,21.803537414965987,0.0002152514789486304,0.00021579552942959624
940,21.826757369614512,0.0003416538529563695,0.0003425173868281582
941,21.849977324263037,0.0002291974815307185,0.00022977678068662678
942,21.873197278911565,0.00019856377912219614,0.00019906565125827382
943,21.89641723356009,0.0002116640389431268,0.00021219902213001428
944,21.91963718820862,0.00023096347285900265,0.00023154723557742036
945,21.942857142857143,0.00014400908548850566,0.00014437307003628278
946,21.966077097505668,0.0001766795467119664,0.00017712610620988472
947,21.989297052154196,0.00022252372582443058,0.00022308615698937503
948,22.01251700680272,0.0001740052830427885,0.00017444508330986412
949,22.035736961451246,0.0003281907120253891,0.0003290202176603703
950,22.058956916099774,0.00030164263444021344,0.00030240503951704995
951,22.0821768707483,0.0002600817533675581,0.0002607391128602835
952,22.105396825396827,0.00022357063426170498,0.0002241357114992414
953,22.128616780045352,0.0002069426263915375,0.00020746567615626186
954,22.151836734693877,0.0001392458361806348,0.00013959778156338707
955,22.175056689342405,0.00012796958617400378,0.00012829303071081733
956,22.19827664399093,0.00016327729099430144,0.00016368997614345877
957,22.221496598639455,0.0001661991118453443,0.0001666191819288448
958,22.244716553287983,0.00029946252470836043,0.0003002194195338669
959,22.267936507936508,0.00029072005418129265,0.0002914548523163684
960,22.291156462585032,0.00021459770505316556,0.00021514010311341863
961,22.31437641723356,0.00018780166283249855,0.0001882763336012629
962,22.337596371882086,0.0001559888041811064,0.0001563830675996647
963,22.360816326530614,0.0001504853426013142,0.00015086569596018748
964,22.38403628117914,0.00015493665705434978,0.00015532826115947083
965,22.407256235827663,0.000157848495291546,0.0001582474590998439
966,22.430476190476192,0.0001068086494342424,0.00010707860947066046
967,22.453696145124717,8.118055848171934e-05,8.138574323632721e-05
968,22.47691609977324,7.801869651302695e-05,7.821588962672616e-05
969,22.50013605442177,8.0251666076947e-05,8.045450304578332e-05
970,22.523356009070294,8.137492841342464e-05,8.158060444017311e-05
971,22.54657596371882,0.00014775354065932333,0.00014812698935873643
972,22.569795918367348,0.00011294920113869011,0.00011323468148709171
973,22.593015873015872,0.00010306548210792243,0.00010332598124774565
974,22.6162358276644,0.0001609377795830369,0.00016134455159136593
975,22.639455782312925,0.00017709047824610025,0.00017753807637799164
976,22.66267573696145,6.773383938707411e-05,6.790503741124655e-05
977,22.68589569160998,7.960764196468517e-05,7.980885115549302e-05
978,22.709115646258503,9.816601232159883e-05,9.841412799763937e-05
979,22.732335600907028,0.0001072575687430799,0.00010752866342798948
980,22.755555555555556,8.559411799069494e-05,8.581045806551412e-05
981,22.77877551020408,0.00011848717258544639,0.00011878665021760138
982,22.801995464852606,0.00011970913328696042,0.00012001169943823095
983,22.825215419501134,0.00011527766037033871,0.00011556902592506304
984,22.84843537414966,8.882775000529364e-05,8.905226312060202e-05
985,22.871655328798187,0.00013164739357307553,0.0001319801338085488
986,22.894875283446712,0.00024955213302746415,0.00025018287878894645
987,22.918095238095237,0.00020001732627861202,0.0002005228722711176
988,22.941315192743765,0.00012049818178638816,0.0001208027422664211
989,22.96453514739229,0.00015368718595709652,0.00015407563201027416
990,22.987755102040815,8.155916293617338e-05,8.176530461770481e-05
991,23.010975056689343,6.693699106108397e-05,6.710617504234656e-05
992,23.034195011337868,9.816380043048412e-05,9.841191051594554e-05
993,23.057414965986396,7.774665573379025e-05,7.794316126142729e-05
994,23.08063492063492,0.0001068350684363395,0.00010710509524707599
995,23.103854875283446,0.00010785464110085741,0.00010812724489271951
996,23.127074829931974,0.0001370117097394541,0.00013735800834304926
997,23.1502947845805,0.00013138921349309385,0.00013172130117557478
998,23.173514739229024,0.0002149259380530566,0.0002154691657258277
999,23.196734693877552,0.00013633935304824263,0.00013668395226290435
1000,23.219954648526077,0.00016451200644951314,0.0001649278123555663
1001,23.2431746031746,0.00013382565521169454,0.00013416390102742186
1002,23.26639455782313,0.00014006078708916903,0.00014041479226930767
1003,23.289614512471655,0.00010973668395308778,0.00011001404462896272
1004,23.312834467120183,0.00014175550313666463,0.00014211379173025641
1005,23.336054421768708,0.00012033111124765128,0.00012063524945505966
1006,23.359274376417233,0.00012265759869478643,0.0001229676171248105
1007,23.38249433106576,0.00015168929530773312,0.00015207269167031624
1008,23.405714285714286,0.00013142738316673785,0.00013175956732348882
1009,23.42893424036281,0.00013019453035667539,0.00013052359846438662
1010,23.45215419501134,0.00013489151024259627,0.00013523245001863937
1011,23.475374149659864,9.975738066714257e-05,0.00010000951854418269
1012,23.49859410430839,0.00019234629871789366,0.00019283245610385264
1013,23.521814058956917,0.00019366387277841568,0.00019415336034730692
1014,23.54503401360544,9.78935495368205e-05,9.814097656017522e-05
1015,23.56825396825397,0.00011616247502388433,0.0001164560769573791
1016,23.591473922902495,0.00017868830764200538,0.0001791399443052722
1017,23.61469387755102,0.00014549550542142242,0.0001458632469119317
1018,23.637913832199548,9.383036376675591e-05,9.406752104337879e-05
1019,23.661133786848072,9.060448064701632e-05,9.083348446856699e-05
1020,23.684353741496597,7.93223298387602e-05,7.952281790003112e-05
1021,23.707573696145126,9.503791079623625e-05,9.527812016126004e-05
1022,23.73079365079365,0.00020790737471543252,0.00020843286289215848
1023,23.754013605442175,0.00011995998647762462,0.00012026318666309413
1024,23.777233560090703,0.00010166399442823604,0.00010192095129253146
1025,23.800453514739228,0.00026744583738036454,0.0002681218096764426
1026,23.823673469387757,0.000153145199874416,0.00015353227605180742
1027,23.84689342403628,0.0001360777678200975,0.00013642170587521745
1028,23.870113378684806,9.647218394093215e-05,9.671601844710722e-05
1029,23.893333333333334,0.0001260403369087726,0.0001263589052468451
1030,23.91655328798186,0.00012396198872011155,0.00012427530401027388
1031,23.939773242630384,0.000102068210253492,0.00010232618877773241
1032,23.962993197278912,0.00013585126725956798,0.0001361946328320295
1033,23.986213151927437,0.00011524711590027437,0.0001155384042535146
1034,24.009433106575965,0.0001047993719112128,0.00010506425347658789
1035,24.03265306122449,9.813994256546721e-05,9.838799234991234e-05
1036,24.055873015873015,0.00010328500502509996,0.00010354605901151125
1037,24.079092970521543,0.00010768466745503247,0.0001079568416366349
1038,24.102312925170068,9.417347609996796e-05,9.441150059678752e-05
1039,24.125532879818593,0.000315220735501498,0.00031601745937813593
1040,24.14875283446712,0.00015832750068511814,0.0001587276751848177
1041,24.171972789115646,0.00010564962576609105,0.00010591665635743774
1042,24.19519274376417,0.0001233289804076776,0.0001236406957623667
1043,24.2184126984127,0.00011023687693523243,0.00011051550185437224
1044,24.241632653061224,0.00012501765741035342,0.00012533364091474347
1045,24.264852607709752,0.00010067963012261316,0.0001009340989952974
1046,24.288072562358277,0.00015603956126142293,0.00015643395296906012
1047,24.3112925170068,0.00017974860384128988,0.0001802029204148644
1048,24.33451247165533,0.00023373053409159184,0.0002343212905877146
1049,24.357732426303855,0.00026008865097537637,0.0002607460279018814
1050,24.38095238095238,0.00015388014435302466,0.0001542690781106707
1051,24.404172335600908,0.0001260987191926688,0.0001264174350926061
1052,24.427392290249433,0.00020034343469887972,0.00020084980493400496
1053,24.450612244897957,0.00012651228462345898,0.00012683204581457214
1054,24.473832199546486,0.00013934262096881866,0.00013969481097618776
1055,24.49705215419501,0.00012482191959861666,0.00012513740837353428
1056,24.52027210884354,0.00011220676969969645,0.0001124903735444687
1057,24.543492063492064,0.00012338455417193472,0.00012369640998992432
1058,24.56671201814059,0.00011505473958095536,0.00011534554170093223
1059,24.589931972789117,0.00013603853585664183,0.00013638237475254255
1060,24.61315192743764,0.00014163179730530828,0.00014198977323105048
1061,24.636371882086166,0.0001261193974642083,0.0001264381656287044
1062,24.659591836734695,0.0001440373744117096,0.00014440143046005131
1063,24.68281179138322,0.00018891140643972903,0.00018938888209766864
1064,24.706031746031748,0.0002469196915626526,0.0002475437837993738
1065,24.729251700680273,0.0002821350353769958,0.0002828481347826022
1066,24.752471655328797,0.00030867839814163744,0.00030945858618862783
1067,24.775691609977326,0.00036915286909788847,0.0003700859070354841
1068,24.79891156462585,0.00020048128499183804,0.0002009880036450952
1069,24.822131519274375,0.00021490520157385617,0.00021544837683494799
1070,24.845351473922904,0.00019175009219907224,0.0001922347426664962
1071,24.86857142857143,0.00011080919648520648,0.00011108926794830479
1072,24.891791383219953,0.00025455726427026093,0.0002552006605560195
1073,24.91501133786848,0.00018430681666359305,0.00018477265417021963
1074,24.938231292517006,0.00015973859990481287,0.00016014234097331333
1075,24.961451247165535,0.00023055606288835406,0.00023113879587358915
1076,24.98467120181406,0.00036283177905716,0.0003637488403701411
1077,25.007891156462584,0.0003436818951740861,0.00034455055494489
1078,25.031111111111112,0.00020649981161113828,0.00020702174215663391
1079,25.054331065759637,0.00015190616250038147,0.00015229010699717972
1080,25.077551020408162,0.00011475927021820098,0.00011504932553611312
1081,25.10077097505669,0.00013492174912244081,0.00013526276532758538
1082,25.123990929705215,0.00018204585649073124,0.0001825059793956487
1083,25.14721088435374,0.0001831151166697964,0.0001835779421415791
1084,25.170430839002268,0.00018883845768868923,0.0001893157489678581
1085,25.193650793650793,0.0001458119077142328,0.0001461804489150178
1086,25.21687074829932,0.00019453372806310654,0.00019502541420079886
1087,25.240090702947846,0.0002486845769453794,0.0002493131299493205
1088,25.26331065759637,0.0003852248191833496,0.00038619847915158937
1089,25.2865306122449,0.00016442469495814294,0.00016484028018344115
1090,25.309750566893424,0.00015959881420712918,0.000160002201965741
1091,25.33297052154195,0.00019170533050782979,0.0001921898678395867
1092,25.356190476190477,0.00015132791304495186,0.00015171039600989035
1093,25.379410430839002,0.00015615382289979607,0.0001565485034049812
1094,25.402630385487527,0.00013839635357726365,0.00013874615188339096
1095,25.425850340136055,0.0002007263683481142,0.00020123370645225045
1096,25.44907029478458,0.00029818416805937886,0.0002989378318243922
1097,25.472290249433108,0.0002460732648614794,0.0002466952177454021
1098,25.495510204081633,0.00012485291517805308,0.0001251684822946387
1099,25.518730158730158,0.0002593245590105653,0.0002599800046862237
1100,25.541950113378686,0.00021782303520012647,0.00021837358531780698
1101,25.56517006802721,0.00016212034097407013,0.00016253010191932403
1102,25.588390022675735,0.00026139733381569386,0.00026205801845247427
1103,25.611609977324264,0.0004499778733588755,0.00045111519738387474
1104,25.63482993197279,0.0001605038996785879,0.00016090957505068544
1105,25.658049886621317,0.00015520431043114513,0.0001555965910331204
1106,25.68126984126984,0.00017398613272234797,0.000174425884586778
1107,25.704489795918366,0.00016040861373767257,0.00016081404827350621
1108,25.727709750566895,0.0001225867890752852,0.00012289662853321703
1109,25.75092970521542,0.00012542979675345123,0.00012574682194456478
1110,25.774149659863944,0.00019778613932430744,0.00019828604596724134
1111,25.797369614512473,0.00012399008846841753,0.00012430347478100282
1112,25.820589569160997,0.00011542539141373709,0.00011571713036029876
1113,25.843809523809522,0.00012046922347508371,0.00012077371076266627
1114,25.86702947845805,0.00017238852160517126,0.00017282423548992774
1115,25.890249433106575,0.00019082182552665472,0.00019130412978985253
1116,25.913469387755104,0.0001298434508498758,0.00013017163160027148
1117,25.93668934240363,0.00016605442215222865,0.0001664741265309381
1118,25.959909297052153,0.00011311841080896556,0.00011340431883667021
1119,25.98312925170068,0.00014712072152178735,0.00014749257076386886
1120,26.006349206349206,0.00012237731425557286,0.00012268662426359348
1121,26.02956916099773,0.00013144312833901495,0.00013177535229186204
1122,26.05278911564626,0.00013339599536266178,0.0001337331552083941
1123,26.076009070294784,9.164725634036586e-05,9.187889578895276e-05
1124,26.09922902494331,0.00010674152144929394,0.00010701131181899159
1125,26.122448979591837,8.939267718233168e-05,8.961861815729465e-05
1126,26.145668934240362,9.227300324710086e-05,9.250622427787821e-05
1127,26.16888888888889,0.00023700098972767591,0.00023760001233639628
1128,26.192108843537415,0.0001616465742699802,0.00016205513776467774
1129,26.21532879818594,0.0002545248717069626,0.00025516818612016107
1130,26.23854875283447,0.0002682725607883185,0.0002689506226369047
1131,26.261768707482993,0.00022327467740979046,0.00022383900661312792
1132,26.284988662131518,0.0002536221581976861,0.00025426319099255935
1133,26.308208616780046,0.00020918269001413137,0.00020971140156430417
1134,26.33142857142857,0.00017743336502462626,0.00017788182980662235
1135,26.354648526077096,0.00020915335335303098,0.00020968199075447014
1136,26.377868480725624,0.00018334168998990208,0.00018380508812824382
1137,26.40108843537415,0.00013605537242256105,0.00013639925387306736
1138,26.424308390022677,0.00012211946886964142,0.00012242812717061264
1139,26.447528344671202,0.00012376921949908137,0.00012408204756291695
1140,26.470748299319727,0.00021849868062417954,0.00021905093844310194
1141,26.493968253968255,0.00015187010285444558,0.00015225395621009204
1142,26.51718820861678,0.00011410169099690393,0.00011439008427610039
1143,26.540408163265305,0.0001400215842295438,0.00014037549032402347
1144,26.563628117913833,0.00011480179091449827,0.00011509195370393806
1145,26.586848072562358,9.629993292037398e-05,9.654333206019969e-05
1146,26.610068027210886,0.00018003862351179123,0.0001804936731132734
1147,26.63328798185941,9.491970558883622e-05,9.515961618889796e-05
1148,26.656507936507936,8.98066209629178e-05,9.003360818533988e-05
1149,26.679727891156464,0.00014385220129042864,0.00014421578931166928
1150,26.70294784580499,0.0001225937739945948,0.00012290363110698704
1151,26.726167800453513,9.825168672250584e-05,9.850001894153715e-05
1152,26.749387755102042,0.00010591371392365545,0.00010618141200072556
1153,26.772607709750567,0.000137455397634767,0.00013780281766439845
1154,26.79582766439909,0.00018050026847049594,0.00018095648488468966
1155,26.81904761904762,0.000156734386109747,0.0001571305339948319
1156,26.842267573696144,0.00019129551947116852,0.00019177902100102207
1157,26.865487528344673,0.00014389536227099597,0.0001442590593820898
1158,26.888707482993198,9.012186637846753e-05,9.034965038714534e-05
1159,26.911927437641722,0.00010391000978415832,0.00010417264347697364
1160,26.93514739229025,0.00010478005424374714,0.0001050448869835052
1161,26.958367346938775,0.0001510035654064268,0.00015138522857914083
1162,26.9815873015873,0.00017490914615336806,0.0001753512309443988
1163,27.00480725623583,0.0001646249002078548,0.00016504099145412407
1164,27.028027210884353,0.00017029936134349555,0.00017072979485270836
1165,27.051247165532878,0.00014175190881360322,0.00014211018832250395
1166,27.074467120181406,0.00014306657249107957,0.00014342817482688737
1167,27.09768707482993,0.00014477861986961216,0.00014514454942400298
1168,27.12090702947846,0.00012949242955073714,0.00012981972309093775
1169,27.144126984126984,0.00011643370817182586,0.00011672799565008582
1170,27.16734693877551,8.876239735400304e-05,8.898674528976636e-05
1171,27.190566893424037,0.00012837605027016252,0.0001287005221494505
1172,27.213786848072562,0.0001486389373894781,0.00014901462393886666
1173,27.237006802721087,0.00017167995974887162,0.00017211388273574162
1174,27.260226757369615,0.00021112620015628636,0.0002116598239497235
1175,27.28344671201814,0.00013622944243252277,0.00013657376384689415
1176,27.30666666666667,0.00022486181114800274,0.00022543015184932317
1177,27.329886621315193,0.00016357544518541545,0.00016398888392257072
1178,27.353106575963718,0.0001206490705953911,0.00012095401244854868
1179,27.376326530612246,0.0001221372513100505,0.00012244595455633545
1180,27.39954648526077,0.00016482299542985857,0.00016523958736398064
1181,27.422766439909296,0.0001540086668683216,0.0001543979254680389
1182,27.445986394557824,0.00014877974172122777,0.0001491557841551138
1183,27.46920634920635,0.0002329373819520697,0.00023352613374743458
1184,27.492426303854874,0.000145027952385135,0.00014539451213020163
1185,27.515646258503402,0.0001204827131005004,0.0001207872344832596
1186,27.538866213151927,0.00021036322868894786,0.00021089492406360804
1187,27.562086167800455,0.00019774971588049084,0.00019824953046276983
1188,27.58530612244898,0.00027328700525686145,0.00027397774116900443
1189,27.608526077097505,0.0002321722568012774,0.0002327590747344067
1190,27.631746031746033,0.0002380801597610116,0.00023868190998386287
1191,27.654965986394558,0.00020205037435516715,0.00020256105889905125
1192,27.678185941043083,0.0002463772543706,0.0002469999755913511
1193,27.70140589569161,0.00020459872030187398,0.00020511584581817206
1194,27.724625850340136,0.00018097615975420922,0.00018143357898885767
1195,27.74784580498866,0.00013148206926416606,0.00013181439164062985
1196,27.77106575963719,0.00012408100883476436,0.0001243946249495758
1197,27.794285714285714,0.0001517822965979576,0.00015216592802232487
1198,27.817505668934242,0.00022098595218267292,0.0002215444966078212
1199,27.840725623582767,0.000211127960938029,0.00021166158918186134
1200,27.86394557823129,0.00022255739895626903,0.00022311991523042463
1201,27.88716553287982,0.0002330848219571635,0.0002336739464087632
1202,27.910385487528345,0.0001797392760636285,0.00018019356906114238
1203,27.93360544217687,0.00012933221296407282,0.00012965910155508814
1204,27.956825396825398,0.000168111379025504,0.0001685362823853387
1205,27.980045351473922,0.00018700149666983634,0.00018747414500982213
1206,28.003265306122447,0.0001460417261114344,0.0001464108481807465
1207,28.026485260770976,0.00016456295270472765,0.0001649788873780013
1208,28.0497052154195,0.00017686240607872605,0.00017730942775570543
1209,28.07292517006803,0.00012710251030512154,0.000127423763298138
1210,28.096145124716553,8.839961083140224e-05,8.862304182023878e-05
1211,28.11936507936508,7.711989019298926e-05,7.731481156382706e-05
1212,28.142585034013607,0.00013226103328634053,0.00013259532450293955
1213,28.16580498866213,0.00015656281902920455,0.00015695853327660602
1214,28.189024943310656,0.00013127332204021513,0.000131605116805774
1215,28.212244897959184,0.00013328414934221655,0.0001336210264959018
1216,28.23546485260771,0.0001448524562874809,0.00014521857246423012
1217,28.258684807256238,0.00013710273196920753,0.0001374492606324897
1218,28.281904761904762,0.00017072791524697095,0.00017115943193088921
1219,28.305124716553287,0.00020618003327399492,0.00020670115557622562
1220,28.328344671201815,0.0001780291786417365,0.00017847914934920425
1221,28.35156462585034,0.00026095149223692715,0.00026161105000421266
1222,28.374784580498865,0.00026966098812408745,0.00027034255923803855
1223,28.398004535147393,0.0002120414428645745,0.00021257737994402517
1224,28.421224489795918,0.00019226873700972646,0.00019275469835761482
1225,28.444444444444443,0.0002100798301398754,0.00021061080922158524
1226,28.46766439909297,0.00018228460976388305,0.00018274533612032488
1227,28.490884353741496,0.00021877225663047284,0.00021932520591576066
1228,28.514104308390024,0.00019220764806959778,0.00019269345501451795
1229,28.53732426303855,0.0002338230115128681,0.00023441400174669047
1230,28.560544217687074,0.0002665936481207609,0.0002672674664991106
1231,28.583764172335602,0.00022590039588976651,0.00022647136162544693
1232,28.606984126984127,0.00017353823932353407,0.00017397685913247144
1233,28.63020408163265,0.0002237151056760922,0.00022428054806671778
1234,28.65342403628118,0.0002587606431916356,0.0002594146635638582
1235,28.676643990929705,0.0001407916861353442,0.00014114753867086247
1236,28.69986394557823,0.00022546858235727996,0.00022603845667950676
1237,28.723083900226758,0.0002305484376847744,0.00023113115139722354
1238,28.746303854875283,0.00011887129221577197,0.0001191717407145182
1239,28.76952380952381,0.0001029900522553362,0.00010325036074537722
1240,28.792743764172336,0.0001213517680298537,0.00012165848595850707
1241,28.81596371882086,0.00013153142936062068,0.00013186387649527127
1242,28.83918367346939,0.00019061497005168349,0.00019109675148539274
1243,28.862403628117914,0.0001568387815495953,0.00015723519329530284
1244,28.88562358276644,0.00015071575762704015,0.0001510966933624257
1245,28.908843537414967,0.00012747339496854693,0.00012779558537663022
1246,28.93206349206349,0.00013063970254734159,0.00013096989583266197
1247,28.955283446712016,0.0001565321726957336,0.00015692780948419008
1248,28.978503401360545,0.00019542433437891304,0.0001959182715338659
1249,29.00172335600907,0.0002547915792092681,0.00025543556772861264
1250,29.024943310657598,0.000202937560970895,0.00020345048788871005
1251,29.048163265306123,0.00015817010717000812,0.0001585698838558668
1252,29.071383219954647,8.267437806352973e-05,8.288333846356373e-05
1253,29.094603174603176,0.00010715516691561788,0.00010742600277878206
1254,29.1178231292517,0.00013376430433709174,0.00013410239508780862
1255,29.141043083900225,0.0002685444778762758,0.00026922322699829307
1256,29.164263038548754,0.0002486228186171502,0.0002492512155262373
1257,29.18748299319728,0.0002512127684894949,0.0002518477115253757
1258,29.210702947845807,0.00021335364726837724,0.00021389290095889373
1259,29.23392290249433,0.00016023874923121184,0.00016064375443263678
1260,29.257142857142856,0.00012126595538575202,0.00012157245642200343
1261,29.280362811791385,0.0001645117299631238,0.00016492753517035455
1262,29.30358276643991,0.0001492037990828976,0.00014958091332643018
1263,29.326802721088434,0.0001421404303982854,0.0001424996918997654
1264,29.350022675736962,0.00020736490841954947,0.00020788902550674505
1265,29.373242630385487,0.0002906185109168291,0.0002913530524001869
1266,29.396462585034012,0.00014300085604190826,0.00014336229227866786
1267,29.41968253968254,0.0001462289656046778,0.00014659856092386886
1268,29.442902494331065,0.00018489161448087543,0.00018535893007041838
1269,29.466122448979593,0.000363937666406855,0.00036485752286227795
1270,29.489342403628118,0.00039638663292862475,0.0003973885045038938
1271,29.512562358276643,0.0003199753409717232,0.00032078408216599125
1272,29.53578231292517,0.0002241187175968662,0.00022468518012106156
1273,29.559002267573696,0.00025185904814861715,0.0002524956246634459
1274,29.58222222222222,0.00019515799067448825,0.0001956512546427982
1275,29.60544217687075,0.00019633570627775043,0.00019683194693520336
1276,29.628662131519274,0.0002487251185812056,0.0002493537740545772
1277,29.6518820861678,0.00022072753927204758,0.00022128543055572152
1278,29.675102040816327,0.00017412919260095805,0.00017456930605080502
1279,29.698321995464852,0.00023005188268143684,0.0002306333413456526
1280,29.72154195011338,0.0003303163102827966,0.0003311511883907566
1281,29.744761904761905,0.00024759190273471177,0.0002482176939925652
1282,29.76798185941043,0.0003154996084049344,0.00031629703713590356
1283,29.791201814058958,0.00015093440015334636,0.00015131588851012237
1284,29.814421768707483,0.00024388312886003405,0.00024449954615112
1285,29.837641723356008,0.00026506197173148394,0.0002657319187809102
1286,29.860861678004536,0.0003443619061727077,0.00034523228467879123
1287,29.88408163265306,0.00022383163741324097,0.00022439737433911414
1288,29.90730158730159,0.00013957203191239387,0.00013992480175844654
1289,29.930521541950114,0.00013090370339341462,0.00013123456394377765
1290,29.95374149659864,0.00014863382966723293,0.00014900950330679736
1291,29.976961451247167,0.00013783597387373447,0.00013818435581399653
1292,30.00018140589569,0.00011092133354395628,0.00011120168843470416
1293,30.023401360544216,0.00011312813876429573,0.00011341407137951448
1294,30.046621315192745,0.0001788085646694526,0.00017926050528367922
1295,30.06984126984127,0.00016929171397350729,0.0001697196006429076
1296,30.093061224489794,0.00014403271779883653,0.000144396762077538
1297,30.116281179138323,0.00016180219245143235,0.00016221114927279543
1298,30.139501133786847,0.000242462832829915,0.00024307566030716052
1299,30.162721088435376,0.00015554286073893309,0.0001559359970305356
1300,30.1859410430839,0.00013559510989580303,0.00013593782802770975
1301,30.209160997732425,0.00013828609371557832,0.0001386356133386923
1302,30.232380952380954,0.00011976155656157061,0.00012006425521324441
1303,30.25560090702948,0.00015511468518525362,0.00015550673925843395
1304,30.278820861678003,0.00011481549881864339,0.0001151056962549617
1305,30.30204081632653,0.00014234872651286423,0.00014270851448506527
1306,30.325260770975056,0.00015456354594789445,0.00015495420701058945
1307,30.34848072562358,0.0002175484987674281,0.00021809835499125485
1308,30.37170068027211,0.00016708130715414882,0.0001675036069959971
1309,30.394920634920634,0.0002470988256391138,0.0002477233706391839
1310,30.418140589569163,0.0001899418275570497,0.00019042190761569871
1311,30.441360544217687,0.00016235846851486713,0.00016276883133009996
1312,30.464580498866212,0.0001403079804731533,0.00014066261043728926
1313,30.48780045351474,0.00011867198918480426,0.00011897193394294725
1314,30.511020408163265,0.0001932810409925878,0.00019376956094992892
1315,30.53424036281179,0.0002103508304571733,0.00021088249449516627
1316,30.55746031746032,0.00023471377789974213,0.0002353070195554064
1317,30.580680272108843,0.0002293813304277137,0.0002299610942637316
1318,30.603900226757368,0.00023589265765622258,0.0002364888789434399
1319,30.627120181405896,0.00026046947459690273,0.0002611278140593005
1320,30.65034013605442,0.00022031499247532338,0.0002208718410424303
1321,30.67356009070295,0.0003053676919080317,0.0003061395121085965
1322,30.696780045351474,0.00041881317156367004,0.0004198717264620474
1323,30.72,0.000301235617371276,0.0003019969937079933
1324,30.743219954648527,0.00017204599862452596,0.00017248084677868087
1325,30.766439909297052,0.00017929510795511305,0.0001797482783128465
1326,30.789659863945577,0.00021459508570842445,0.0002151374771482549
1327,30.812879818594105,0.00015608195099048316,0.00015647644983862686
1328,30.83609977324263,0.00024266184482257813,0.00024327517530482439
1329,30.859319727891158,0.00023360476188827306,0.00023419520049376835
1330,30.882539682539683,0.00019057882309425622,0.00019106051316613294
1331,30.905759637188208,0.00020349926489870995,0.0002040136115293817
1332,30.928979591836736,0.00020164094166830182,0.0002021505913665658
1333,30.95219954648526,0.00021401600679382682,0.0002145569346053303
1334,30.975419501133786,0.0002563654852565378,0.0002570134518407309
1335,30.998639455782314,0.00021795537031721324,0.00021850625491335796
1336,31.02185941043084,0.0002382087695877999,0.0002388108448734032
1337,31.045079365079363,0.0001900674687931314,0.00019054786641138676
1338,31.068299319727892,0.0001823947677621618,0.00018285577254415606
1339,31.091519274376417,0.0001583786215633154,0.00015877892527159696
1340,31.114739229024945,0.00014709251991007477,0.00014746429787227243
1341,31.13795918367347,0.0001488942070864141,0.00014927053883276984
1342,31.161179138321994,0.00037597690243273973,0.0003769271881896585
1343,31.184399092970523,0.0002014967758441344,0.00020200606116169186
1344,31.207619047619048,0.0002436821669107303,0.00024429807626827864
1345,31.230839002267572,0.00018400941917207092,0.00018447450500326608
1346,31.2540589569161,0.00021307480346877128,0.00021361335237851678
1347,31.277278911564625,0.0001789071538951248,0.00017935934369470383
1348,31.30049886621315,0.00012015659012831748,0.00012046028723167689
1349,31.32371882086168,0.00017937614757101983,0.00017982952275727397
1350,31.346938775510203,0.00015195748710539192,0.00015234156132569394
1351,31.37015873015873,0.0001533780450699851,0.0001537657097661698
1352,31.393378684807256,0.00017110911721829325,0.00017154159739438753
1353,31.41659863945578,0.0001453051809221506,0.00014567244136539428
1354,31.43981859410431,0.00016370405501220375,0.00016411781881211105
1355,31.463038548752834,0.0001492961891926825,0.00014967353695323393
1356,31.48625850340136,0.00016565700934734195,0.00016607570926081524
1357,31.509478458049887,0.0001726961345411837,0.00017313262592101992
1358,31.532698412698412,0.00011677337170112878,0.0001170685176826956
1359,31.555918367346937,0.0001142278197221458,0.00011451653179308281
1360,31.579138321995465,0.00010437929449835792,0.00010464311431345086
1361,31.60235827664399,0.00012960881576873362,0.00012993640347638055
1362,31.62557823129252,0.00014940876280888915,0.00014978639510049394
1363,31.648798185941043,0.00015439381240867078,0.0001547840444679782
1364,31.672018140589568,0.0002254142746096477,0.00022598401166844492
1365,31.695238095238096,0.0001577058428665623,0.00015810444611928678
1366,31.71845804988662,0.00017853904864750803,0.0001789903080570243
1367,31.741678004535146,0.00012353646161500365,0.00012384870138072672
1368,31.764897959183674,9.33535848162137e-05,9.358953702879417e-05
1369,31.7881179138322,0.00011927667947020382,0.00011957815258969519
1370,31.811337868480727,0.00015281297964975238,0.0001531992161368713
1371,31.834557823129252,0.00014781951904296875,0.00014819313450347232
1372,31.857777777777777,0.0001990742894122377,0.00019957745186868946
1373,31.880997732426305,0.00019504022202454507,0.00019553318833129675
1374,31.90421768707483,0.0002116961550200358,0.00021223121938066097
1375,31.927437641723355,0.00016989739378914237,0.00017032681132093963
1376,31.950657596371883,0.00020162745204288512,0.00020213706764597248
1377,31.973877551020408,0.00019119097851216793,0.0001916742158135976
1378,31.997097505668933,0.0001464511879021302,0.00014682134489062265
1379,32.02031746031746,0.00012721835810225457,0.0001275399039018527
1380,32.04353741496599,0.00023128956672735512,0.00023187415365161237
1381,32.066757369614514,0.00018971691315528005,0.00019019642474030438
1382,32.08997732426304,0.00024572256370447576,0.00024634363018736615
1383,32.113197278911564,0.00012037992564728484,0.00012068418723362529
1384,32.13641723356009,9.932013927027583e-05,9.957117201487539e-05
1385,32.15963718820862,0.0001247477630386129,0.00012506306438200935
1386,32.182857142857145,0.0001361301401630044,0.00013647421058979718
1387,32.20607709750567,0.00015049567446112633,0.00015087605393388897
1388,32.229297052154195,0.000157482223585248,0.000157880261637779
1389,32.25251700680272,0.00012060923472745344,0.00012091407589501659
1390,32.275736961451244,0.00010842358460649848,0.00010869762640932988
1391,32.298956916099776,0.00013307669723872095,0.0001334130500549325
1392,32.3221768707483,0.00012734413030557334,0.00012766599399579895
1393,32.345396825396826,0.00013696039968635887,0.00013730656860323038
1394,32.36861678004535,0.00025441808975301683,0.00025506113427365204
1395,32.391836734693875,0.00016051319835241884,0.00016091889722701677
1396,32.41505668934241,0.00012646403047256172,0.00012678366970077766
1397,32.43827664399093,0.00014573232328984886,0.00014610066334012575
1398,32.46149659863946,0.0001819635072024539,0.00018242342196863934
1399,32.48471655328798,0.00030844545108266175,0.000309225050353398
1400,32.507936507936506,0.0002175516856368631,0.00021810154991553743
1401,32.53115646258503,0.00025112731964327395,0.00025176204670625593
1402,32.55437641723356,0.0002160589792765677,0.0002166050707234955
1403,32.57759637188209,0.00019452902779448777,0.00019502070205219946
1404,32.60081632653061,0.0001877008908195421,0.00018817530688593513
1405,32.62403628117914,0.0001953505998244509,0.0001958443506145062
1406,32.64725623582766,0.00025200037634931505,0.0002526373100727258
1407,32.670476190476194,0.000177871945197694,0.00017832151849590225
1408,32.69369614512472,0.00019125711696688086,0.00019174052143398237
1409,32.71691609977324,0.00016330595826730132,0.00016371871587330652
1410,32.74013605442177,0.00020378052431624383,0.00020429558183318746
1411,32.76335600907029,0.00018147412629332393,0.000181932804143878
1412,32.78657596371882,0.00026438571512699127,0.0002650539529304104
1413,32.80979591836735,0.0002085827582050115,0.00020910995342093706
1414,32.833015873015874,0.00015523590263910592,0.00015562826309073436
1415,32.8562358276644,0.00023849104763939977,0.00023909383638588374
1416,32.879455782312924,0.00023914322082418948,0.00023974765794557238
1417,32.90267573696145,0.00011209094373043627,0.00011237425482379704
1418,32.92589569160998,0.00011405190161895007,0.00011434016905494603
1419,32.949115646258505,0.00011745814117603004,0.00011775501791997764
1420,32.97233560090703,0.00014191889204084873,0.00014227759360169325
1421,32.995555555555555,0.0002070054761134088,0.00020752868473149658
1422,33.01877551020408,0.00018086956697516143,0.00018132671679538825
1423,33.041995464852604,0.00015598590834997594,0.00015638016444928922
1424,33.065215419501136,0.00013058485637884587,0.00013091491103987203
1425,33.08843537414966,0.0002452969492878765,0.00024591694002564684
1426,33.111655328798186,0.00030514024547301233,0.0003059114908002105
1427,33.13487528344671,0.00019834309932775795,0.00019884441369322754
1428,33.158095238095235,0.00017101965204346925,0.00017145190609534996
1429,33.18131519274377,0.00022016627190168947,0.0002207227445759105
1430,33.20453514739229,0.00013986272097099572,0.0001402162255368418
1431,33.22775510204082,0.0001500548969488591,0.0001504341623516106
1432,33.25097505668934,0.00018400441331323236,0.00018446948649206426
1433,33.274195011337866,0.0001656312815612182,0.00016604991644742902
1434,33.29741496598639,0.0001555177877889946,0.00015591086070844033
1435,33.32063492063492,0.0001346511417068541,0.0001349914739487789
1436,33.34385487528345,0.0002264650829602033,0.00022703747594866622
1437,33.36707482993197,0.00022188211733009666,0.00022244292682251353
1438,33.3902947845805,0.00025824469048529863,0.0002588974067813801
1439,33.41351473922902,0.00018774703494273126,0.00018822156763890327
1440,33.436734693877554,0.0002165644837077707,0.0002171118528227093
1441,33.45995464852608,0.00024457654217258096,0.00024519471207344243
1442,33.483174603174604,0.00017645816842559725,0.00017690416838746144
1443,33.50639455782313,0.0003712036705110222,0.00037214189187174983
1444,33.52961451247165,0.00026177355903200805,0.00026243519458216146
1445,33.55283446712018,0.00022900159819982946,0.00022958040225846404
1446,33.57605442176871,0.00019051441631745547,0.0001909959436004953
1447,33.599274376417235,0.00022037218150217086,0.00022092917461517225
1448,33.62249433106576,0.00020610449428204447,0.00020662542565864204
1449,33.645714285714284,0.00020338203466963023,0.00020389608499960836
1450,33.66893424036281,0.00024705432588234544,0.0002476787584087908
1451,33.69215419501134,0.0003491019597277045,0.00034998431877129236
1452,33.715374149659866,0.0002689051616471261,0.000269584822401342
1453,33.73859410430839,0.00020207113993819803,0.00020258187696732167
1454,33.761814058956915,0.0002323907392565161,0.0002329781094064545
1455,33.78503401360544,0.00016325518663506955,0.00016366781591521575
1456,33.80825396825397,0.0001594556961208582,0.00015985872214693256
1457,33.8314739229025,0.00015947266365401447,0.00015987573256571555
1458,33.85469387755102,0.0002005548303714022,0.00020106173491141527
1459,33.877913832199546,0.000250591489020735,0.000251224861765924
1460,33.90113378684807,0.00016692974895704538,0.00016735166573388324
1461,33.924353741496596,0.0001515444746473804,0.00015192750497415136
1462,33.94757369614513,0.0001741955929901451,0.0001746358742677062
1463,33.97079365079365,0.00025848057703115046,0.0002591338895330715
1464,33.99401360544218,0.000259089982137084,0.0002597448349171142
1465,34.0172335600907,0.0002408490690868348,0.0002414578177584671
1466,34.04045351473923,0.0002163456374546513,0.00021689245343327766
1467,34.06367346938776,0.0001631754421396181,0.00016358786986467482
1468,34.08689342403628,0.00013070518616586924,0.0001310355449617558
1469,34.11011337868481,0.0001043037700583227,0.00010456739898456262
1470,34.13333333333333,0.00010057657345896587,0.00010083078185479904
1471,34.15655328798186,0.00019508616242092103,0.0001955792448425299
1472,34.17977324263038,0.0001376606523990631,0.00013800859121236927
1473,34.202993197278914,0.00017942221893463284,0.00017987571056676533
1474,34.22621315192744,0.00016426215006504208,0.00016467732445633488
1475,34.249433106575964,0.0001467604743083939,0.00014713141302168058
1476,34.27265306122449,0.00019345726468600333,0.00019394623005066815
1477,34.29587301587301,0.0002549392229411751,0.0002555835846316762
1478,34.319092970521545,0.00017885342822410166,0.00017930548223145617
1479,34.34231292517007,0.00016319751739501953,0.0001636100009155271
1480,34.365532879818595,0.0001444489898858592,0.0001448140862968399
1481,34.38875283446712,0.00015516852727159858,0.00015556071743124447
1482,34.411972789115644,0.00016371210222132504,0.0001641258863606419
1483,34.43519274376417,0.0002105957828462124,0.00021112806600406331
1484,34.4584126984127,0.00015312926552724093,0.0001535163014303946
1485,34.481632653061226,0.0002151939261239022,0.00021573783113947042
1486,34.50485260770975,0.00015906320186331868,0.0001594652358558394
1487,34.528072562358275,0.00014849301078356802,0.00014886832850185487
1488,34.5512925170068,0.00017642320017330348,0.00017686911175252533
1489,34.57451247165533,0.00030596231226809323,0.0003067356353781593
1490,34.59773242630386,0.00027314299950376153,0.0002738333714397794
1491,34.62095238095238,0.00028654656489379704,0.00028727081448878724
1492,34.644172335600906,0.00021254651073832065,0.00021308372438237833
1493,34.66739229024943,0.00021556613501161337,0.00021611098078923985
1494,34.690612244897956,0.0001761969324434176,0.00017664227212846304
1495,34.71383219954649,0.00022302381694316864,0.00022358751209391707
1496,34.73705215419501,0.00028113843291066587,0.0002818490133925753
1497,34.76027210884354,0.00023168452025856823,0.00023227010543222038
1498,34.78349206349206,0.00017233197286259383,0.00017276754381978138
1499,34.80671201814059,0.00016284524463117123,0.0001632568377783929
1500,34.82993197278912,0.00015154182619880885,0.0001519248498315969
1501,34.853151927437644,0.00018291348533239216,0.00018337580117875146
1502,34.87637188208617,0.00022393969993572682,0.00022450570999081433
1503,34.89959183673469,0.0002463380806148052,0.0002469607028234576
1504,34.92281179138322,0.00017937205848284066,0.00017982542333387945
1505,34.94603174603174,0.00017501942056696862,0.00017546178407779284
1506,34.969251700680275,0.00017058057710528374,0.00017101172139042804
1507,34.9924716553288,0.00018162740161642432,0.00018208646687204366
1508,35.015691609977324,0.00020018976647406816,0.00020069574831106475
1509,35.03891156462585,0.00017580475832801312,0.00017624910678866768
1510,35.062131519274374,0.00019066849199589342,0.00019115040870690546
1511,35.085351473922906,0.0001952021848410368,0.00019569556051058886
1512,35.10857142857143,0.00018345149874221534,0.0001839151744233865
1513,35.131791383219955,0.00015232327859848738,0.00015270827736081218
1514,35.15501133786848,0.0001242769358213991,0.00012459104714382458
1515,35.178231292517005,0.00020643018069677055,0.00020695193524936412
1516,35.20145124716553,0.00015718830400146544,0.0001575855991690151
1517,35.22467120181406,0.00012653983139898628,0.0001268596622148776
1518,35.247891156462586,0.00014288154488895088,0.00014324267956545886
1519,35.27111111111111,0.00015005753084551543,0.0001504368029054697
1520,35.294331065759636,0.00016357787535525858,0.00016399132023469488
1521,35.31755102040816,0.00016045481606852263,0.00016086036738125576
1522,35.34077097505669,0.00021588777599390596,0.00021643343472265347
1523,35.36399092970522,0.0004331880190875381,0.0004342829065711659
1524,35.38721088435374,0.00040164636448025703,0.0004026615300848837
1525,35.41043083900227,0.00034694341593421996,0.0003478203192346242
1526,35.43365079365079,0.0002019484672928229,0.00020245889426548586
1527,35.456870748299316,0.00023579159460496157,0.00023638756045420506
1528,35.48009070294785,0.0002666246145963669,0.00026729851124282435
1529,35.50331065759637,0.000255011604167521,0.00025565614880236794
1530,35.5265306122449,0.00028139512869529426,0.00028210635797862316
1531,35.54975056689342,0.00021017091057728976,0.0002107021198658071
1532,35.57297052154195,0.00031623037648387253,0.0003170296522392002
1533,35.59619047619048,0.00022676758817397058,0.00022734074574768908
1534,35.619410430839004,0.00011127300967928022,0.00011155425343532883
1535,35.64263038548753,0.0001235273521160707,0.00012383956885743497
1536,35.66585034013605,0.00019961889483965933,0.00020012343379231993
1537,35.68907029478458,0.00015717497444711626,0.00015757223592407065
1538,35.71229024943311,0.00022529948910232633,0.0002258689360394911
1539,35.735510204081635,0.00025519629707559943,0.0002558413085238033
1540,35.75873015873016,0.00023260600573848933,0.00023319391997682899
1541,35.781950113378684,0.0002844870905391872,0.00028520613479009036
1542,35.80517006802721,0.0003213775053154677,0.00032218979049553943
1543,35.828390022675734,0.00032852470758371055,0.0003293550573961397
1544,35.851609977324266,0.00016260203847195953,0.00016301301691293838
1545,35.87482993197279,0.000269149400992319,0.0002698296790641667
1546,35.898049886621315,0.00023221065930556506,0.0002327975743014464
1547,35.92126984126984,0.00027581321774050593,0.00027651033868249155
1548,35.944489795918365,0.00019331580551806837,0.00019380441334313007
1549,35.9677097505669,0.00018053402891382575,0.00018099033065791138
1550,35.99092970521542,0.00019910269475076348,0.00019960592900202082
1551,36.014149659863946,0.0002571447694208473,0.0002577947056543384
1552,36.03736961451247,0.000370098277926445,0.00037103370539525495
1553,36.060589569160996,0.00023835987667553127,0.0002389623338859611
1554,36.08380952380952,0.00022293705842457712,0.0002235005342922154
1555,36.10702947845805,0.00021390341862570494,0.00021444406186937496
1556,36.13024943310658,0.00027190131368115544,0.00027258854724259725
1557,36.1534693877551,0.0002636077697388828,0.00026427404127677545
1558,36.17668934240363,0.00024915082030929625,0.00024978055174846865
1559,36.19990929705215,0.00018183888460043818,0.00018229848438162607
1560,36.22312925170068,0.00021207318059168756,0.00021260919788859263
1561,36.24634920634921,0.00022758495470043272,0.00022816017817703848
1562,36.26956916099773,0.0003978441236540675,0.00039884967905317854
1563,36.29278911564626,0.0003238484205212444,0.00032466695096668055
1564,36.31600907029478,0.0002808015269692987,0.0002815112559177351
1565,36.33922902494331,0.0002201483875978738,0.00022070481506932018
1566,36.36244897959184,0.000194033797015436,0.00019452421957190572
1567,36.385668934240364,0.00029952332261018455,0.0003002803711030567
1568,36.40888888888889,0.00023212379892356694,0.00023271049437887726
1569,36.432108843537414,0.00017697984003461897,0.00017742715852721373
1570,36.45532879818594,0.00013263222353998572,0.00013296745294403417
1571,36.47854875283447,0.0001966829877346754,0.00019718010614983104
1572,36.501768707482995,0.00013327535998541862,0.00013361221492390787
1573,36.52498866213152,0.000186677003512159,0.0001871488316921191
1574,36.548208616780045,0.00025163564714603126,0.0002522716590123684
1575,36.57142857142857,0.00032003960222937167,0.0003208485058446753
1576,36.594648526077094,0.00021498858404811472,0.00021553197005932747
1577,36.617868480725626,0.0001770494709489867,0.00017749696543448352
1578,36.64108843537415,0.00016989585128612816,0.00017032526491923207
1579,36.664308390022676,0.00015093506954144686,0.00015131655959010868
1580,36.6875283446712,0.00018151887343265116,0.00018197766438209212
1581,36.710748299319725,0.00018979412561748177,0.0001902738323578537
1582,36.73396825396826,0.0002589320356491953,0.0002595864892177398
1583,36.75718820861678,0.00021272404410410672,0.0002132617064656994
1584,36.78040816326531,0.0001954190811375156,0.00019591300501484304
1585,36.80362811791383,0.0002141077711712569,0.0002146489309182338
1586,36.826848072562356,0.0001746647758409381,0.00017510624298331594
1587,36.85006802721088,0.00023964284628164023,0.0002402485462118631
1588,36.87328798185941,0.00018773986084852368,0.00018821437541209366
1589,36.89650793650794,0.00024263426894322038,0.00024324752972712822
1590,36.91972789115646,0.00012522636097855866,0.00012554287198351323
1591,36.94294784580499,0.00016640413377899677,0.00016682472205768997
1592,36.96616780045351,0.00016965813119895756,0.00017008694399192606
1593,36.989387755102044,0.00019107987463939935,0.00019156283112456836
1594,37.01260770975057,0.0001860344927990809,0.00018650469702614564
1595,37.03582766439909,0.00022406621428672224,0.00022463254410822365
1596,37.05904761904762,0.00027690030401572585,0.0002776001725802308
1597,37.08226757369614,0.00019643973791971803,0.00019693624151829043
1598,37.10548752834467,0.00020392848819028586,0.00020444391968754884
1599,37.1287074829932,0.00027961848536506295,0.00028032522416283033
1600,37.151927437641724,0.00017984058649744838,0.00018029513555819823
1601,37.17514739229025,0.00010789540829136968,0.00010816811512275426
1602,37.198367346938774,0.00013598756049759686,0.00013633127055271685
1603,37.2215873015873,0.00014685816131532192,0.00014722934693359323
1604,37.24480725623583,0.00029256733250804245,0.0002933067996594105
1605,37.268027210884355,0.0001384665083605796,0.0001388164839836935
1606,37.29124716553288,0.00010943048255285248,0.0001097070693013199
1607,37.314467120181405,0.00011177451233379543,0.00011205702364332021
1608,37.33768707482993,0.00010168387234443799,0.00010194087945038528
1609,37.36090702947846,0.00019332647207193077,0.0001938151068568247
1610,37.384126984126986,0.00013960516662336886,0.00013995802021776803
1611,37.40734693877551,0.00010497574112378061,0.00010524106846428065
1612,37.430566893424036,0.00012835416418965906,0.0001286785807516378
1613,37.45378684807256,0.00027302809758111835,0.00027371817910126274
1614,37.477006802721085,0.00014957702660467476,0.00014995508418487441
1615,37.50022675736962,0.0001617394300410524,0.0001621482282297328
1616,37.52344671201814,0.0001287802297156304,0.0001291057231629131
1617,37.54666666666667,0.0001369818637613207,0.00013732808692887782
1618,37.56988662131519,0.00011963846191065386,0.00011994084943924333
1619,37.593106575963716,0.0001297882990911603,0.0001301163404448791
1620,37.61632653061225,0.00014153160736896098,0.00014188933006353688
1621,37.63954648526077,0.00027887531905435026,0.00027958017949109194
1622,37.6627664399093,0.00017772139108274132,0.0001781705838537678
1623,37.68598639455782,0.00020959477114956826,0.00021012452423934408
1624,37.70920634920635,0.00028627365827560425,0.0002869972180961148
1625,37.73242630385487,0.000333926611347124,0.00033477061453074
1626,37.755646258503404,0.000273770623607561,0.00027446258187040554
1627,37.77886621315193,0.0001684213348198682,0.00016884702159638288
1628,37.802086167800454,0.00025299086701124907,0.00025363030421070396
1629,37.82530612244898,0.00016585552657488734,0.00016627472824283707
1630,37.8485260770975,0.00020298596064094454,0.00020349900988945807
1631,37.871746031746035,0.00020923427655361593,0.00020976311848933476
1632,37.89496598639456,0.00034737956593744457,0.0003482575716117799
1633,37.918185941043085,0.0004886389360763133,0.0004898739763626307
1634,37.94140589569161,0.0004251693608239293,0.0004262439810605847
1635,37.964625850340134,0.00023249120567925274,0.0002330788297591798
1636,37.98784580498866,0.0003068499208893627,0.0003076254874399834
1637,38.01106575963719,0.0002812845050357282,0.0002819954547165406
1638,38.034285714285716,0.0002502744609955698,0.00025090703244893766
1639,38.05750566893424,0.00031310413032770157,0.0003138955044614785
1640,38.080725623582765,0.00024016130191739649,0.0002407683122499421
1641,38.10394557823129,0.0003162893408443779,0.00031708876563277537
1642,38.12716553287982,0.0002857529907487333,0.0002864752345763419
1643,38.15038548752835,0.0002817031927406788,0.0002824152006592713
1644,38.17360544217687,0.0001560569799039513,0.00015645141563739906
1645,38.196825396825396,0.00015659152995795012,0.00015698731677253982
1646,38.22004535147392,0.00019708713807631284,0.00019758527798590292
1647,38.243265306122446,0.00041262517333962023,0.0004136680880044138
1648,38.26648526077098,0.00044759392039850354,0.00044872521895617017
1649,38.2897052154195,0.00033412338234484196,0.00033496788286931935
1650,38.31292517006803,0.00031805067555978894,0.0003188545521410556
1651,38.33614512471655,0.00041985392454080284,0.00042091510995377894
1652,38.35936507936508,0.0003942227631341666,0.000395219165504726
1653,38.38258503401361,0.00031699668033979833,0.0003177978929365518
1654,38.40580498866213,0.00023523977142758667,0.0002358343425376789
1655,38.42902494331066,0.0002816397463902831,0.0002823515939475271
1656,38.45224489795918,0.00034155984758399427,0.00034242314385617015
1657,38.47546485260771,0.0002707657404243946,0.0002714501038119378
1658,38.49868480725623,0.0002566686016507447,0.00025731733436495864
1659,38.521904761904764,0.0001679583074292168,0.00016838282389890796
1660,38.54512471655329,0.0001992478792089969,0.00019975148041556957
1661,38.568344671201814,0.0002841636014636606,0.00028488182809236677
1662,38.59156462585034,0.0002354333410039544,0.00023602840136328028
1663,38.61478458049886,0.00017549742187839001,0.0001759409935427872
1664,38.638004535147395,0.0001657821994740516,0.0001662012158069473
1665,38.66122448979592,0.00022067243116907775,0.00022123018316641522
1666,38.684444444444445,0.00022170195006765425,0.00022226230418533332
1667,38.70766439909297,0.00023625128960702568,0.00023684841734044387
1668,38.730884353741494,0.00024579101591371,0.00024641225541031226
1669,38.75410430839002,0.00022467838425654918,0.00022524626134438363
1670,38.77732426303855,0.0002682102203834802,0.0002688881246660074
1671,38.800544217687076,0.00018097968131769449,0.00018143710945313338
1672,38.8237641723356,0.00013675764785148203,0.0001371033043108605
1673,38.846984126984125,0.00012492088717408478,0.0001252366260906381
1674,38.87020408163265,0.0002036557561950758,0.00020417049835922066
1675,38.89342403628118,0.0002415467897662893,0.00024215730193461436
1676,38.91664399092971,0.00022461928892880678,0.00022518701665255028
1677,38.93986394557823,0.00018207942775916308,0.0001825396355158308
1678,38.963083900226756,0.00013218577078077942,0.00013251987177056768
1679,38.98630385487528,0.00014379798085428774,0.00014416143183277957
1680,39.00952380952381,0.0002691158151719719,0.0002697960083552892
1681,39.03274376417234,0.00018316239584237337,0.00018362534081278485
1682,39.05596371882086,0.0001567252038512379,0.0001571213285280634
1683,39.07918367346939,0.00013663529534824193,0.00013698064256032248
1684,39.10240362811791,0.00011795326281571761,0.00011825139098505621
1685,39.12562358276644,0.00016875003348104656,0.0001691765510470433
1686,39.14884353741497,0.00013636746734846383,0.00013671213762232864
1687,39.172063492063494,0.00016504793893545866,0.00016546509941676567
1688,39.19528344671202,0.00025491093401797116,0.0002555552242079077
1689,39.21850340136054,0.00021710590226575732,0.00021765463982205722
1690,39.24172335600907,0.00020731707627419382,0.00020784107246511584
1691,39.2649433106576,0.0002150177606381476,0.00021556122039351262
1692,39.288163265306125,0.00018056378758046776,0.0001810201645399107
1693,39.31138321995465,0.00017664668848738074,0.00017709316493577494
1694,39.334603174603174,0.0001702039735391736,0.00017063416595466165
1695,39.3578231292517,0.00017670028319116682,0.00017714689510076444
1696,39.381043083900224,0.00023995035735424608,0.0002405568345220878
1697,39.404263038548756,0.00039591867243871093,0.0003969193612386938
1698,39.42748299319728,0.00025207092403434217,0.0002527080360678029
1699,39.450702947845805,0.0003951104881707579,0.0003961091342761129
1700,39.47392290249433,0.0002824162947945297,0.000283130105086408
1701,39.497142857142855,0.0003133053833153099,0.00031409726611822695
1702,39.52036281179139,0.00022156862542033195,0.00022212864255849826
1703,39.54358276643991,0.00022743255249224603,0.00022800739077059407
1704,39.566802721088436,0.00023212337691802531,0.00023271007130671199
1705,39.59002267573696,0.00024766288697719574,0.00024828885764850294
1706,39.613242630385486,0.0001505853870185092,0.00015096599324074752
1707,39.63646258503401,0.00016552059969399124,0.00016593895483056506
1708,39.65968253968254,0.0002542220172472298,0.0002548645661924497
1709,39.68290249433107,0.0003480659506749362,0.0003489456911942463
1710,39.70612244897959,0.00033592598629184067,0.00033677504291762403
1711,39.72934240362812,0.00019787521159742028,0.00019837534337150434
1712,39.75256235827664,0.00021881824068259448,0.0002193713061930799
1713,39.77578231292517,0.00034837028943002224,0.0003492507991688838
1714,39.7990022675737,0.0002597116690594703,0.0002603680931600358
1715,39.82222222222222,0.00042832709732465446,0.00042940969877505286
1716,39.84544217687075,0.00027773232432082295,0.0002784342958258019
1717,39.86866213151927,0.0003527436056174338,0.00035363516896106864
1718,39.8918820861678,0.0003213585296180099,0.00032217076683679755
1719,39.91510204081633,0.00023419343051500618,0.00023478535698693133
1720,39.938321995464854,0.00021331050083972514,0.00021384964547716855
1721,39.96154195011338,0.00025962054496631026,0.0002602767387497279
1722,39.9847619047619,0.0002972969086840749,0.0002980483298912566
1723,40.00798185941043,0.0005743975634686649,0.0005758493596291239
1724,40.03120181405896,0.0003392341604921967,0.0003400915785646638
1725,40.054421768707485,0.00045888120075687766,0.0004600410280398184
1726,40.07764172335601,0.0003705948474816978,0.00037153153003552126
1727,40.100861678004534,0.00025910348631441593,0.00025975837322640287
1728,40.12408163265306,0.0002278339525219053,0.000228409805343244
1729,40.147301587301584,0.00042071682401001453,0.0004217801904108916
1730,40.170521541950116,0.00021315953927114606,0.0002136983023515642
1731,40.19374149659864,0.0002931632334366441,0.0002939042067341645
1732,40.216961451247165,0.00044762747711502016,0.00044875886048765693
1733,40.24018140589569,0.0003945595526602119,0.0003955568062700033
1734,40.263401360544215,0.0002356949116801843,0.00023629063316227183
1735,40.28662131519275,0.00021020743588451296,0.00021073873749114612
1736,40.30984126984127,0.0002587886992841959,0.00025944279056850104
1737,40.333061224489796,0.00020590353233274072,0.0002064239557758007
1738,40.35628117913832,0.00030486698960885406,0.00030563754427884957
1739,40.379501133786846,0.000254298560321331,0.0002549413027300127
1740,40.40272108843537,0.00039296719478443265,0.0003939604236921759
1741,40.4259410430839,0.00031269941246137023,0.00031348976366628783
1742,40.44916099773243,0.00037484607310034335,0.00037579350067368456
1743,40.47238095238095,0.00037898781010881066,0.0003799457059680029
1744,40.49560090702948,0.0004109599394723773,0.0004119986452402527
1745,40.518820861678,0.00039963494054973125,0.0004006450222582464
1746,40.542040816326534,0.0004179996030870825,0.00041905610168218547
1747,40.56526077097506,0.00036181649193167686,0.00036273098709527934
1748,40.58848072562358,0.0004480875504668802,0.00044922009667997496
1749,40.61170068027211,0.00025545054813846946,0.0002560962022090317
1750,40.63492063492063,0.00033982895547524095,0.00034068787689857085
1751,40.658140589569165,0.0004102452949155122,0.0004112821944114085
1752,40.68136054421769,0.0004209188336972147,0.0004219827106797985
1753,40.704580498866214,0.00040792583604343235,0.0004089568730815137
1754,40.72780045351474,0.0007139527588151395,0.0007157572822670456
1755,40.751020408163264,0.000658339646179229,0.000660003606877163
1756,40.77424036281179,0.0005029552849009633,0.0005042265099164253
1757,40.79746031746032,0.0006250678561627865,0.0006266477220454401
1758,40.820680272108845,0.0006536045111715794,0.0006552565037636917
1759,40.84390022675737,0.00036041354178451,0.00036132449097618207
1760,40.867120181405895,0.00034744362346827984,0.0003483217910487291
1761,40.89034013605442,0.0003056705463677645,0.0003064431320363078
1762,40.91356009070295,0.0003882352320943028,0.0003892165009142917
1763,40.936780045351476,0.0004711052752099931,0.00047229599897558787
1764,40.96,0.00038477551424875855,0.00038574803859383347
1765,40.983219954648526,0.00038464393583126366,0.0003856161276104409
1766,41.00643990929705,0.0005188185605220497,0.0005201298801411515
1767,41.029659863945575,0.0003966697840951383,0.0003976723713380956
1768,41.05287981859411,0.0003273680049460381,0.00032819543117982593
1769,41.07609977324263,0.0003517762233968824,0.00035266534167131293
1770,41.09931972789116,0.00034610877628438175,0.0003469835700238894
1771,41.12253968253968,0.0004202952259220183,0.00042135752672909006
1772,41.145759637188206,0.00024694306193850935,0.00024756721324411266
1773,41.16897959183674,0.0003105693613179028,0.0003113543287951232
1774,41.19219954648526,0.0003774109936784953,0.00037836490411681376
1775,41.21541950113379,0.0003474248806014657,0.00034830300080911287
1776,41.23863945578231,0.0003819453122559935,0.00038291068323439737
1777,41.26185941043084,0.00036551550147123635,0.0003664393459221419
1778,41.28507936507936,0.0003777173114940524,0.00037867199615401943
1779,41.308299319727894,0.00034640199737623334,0.00034727753223527625
1780,41.33151927437642,0.0003709095763042569,0.0003718470543386417
1781,41.35473922902494,0.0003362026182003319,0.00033705237401630714
1782,41.37795918367347,0.0003082127950619906,0.00030899180629207526
1783,41.40117913832199,0.000337540841428563,0.000338393979618469
1784,41.424399092970525,0.00027066824259236455,0.0002713523595530647
1785,41.44761904761905,0.00038898090133443475,0.00038996405484163104
1786,41.470839002267574,0.000335116550559178,0.00033596356132724266
1787,41.4940589569161,0.0003711140889208764,0.00037205208386314944
1788,41.517278911564624,0.0003279318625573069,0.00032876071394741
1789,41.54049886621315,0.0003166432725265622,0.00031744359188117996
1790,41.56371882086168,0.0005200623418204486,0.0005213768051104647
1791,41.586938775510205,0.0004868564137723297,0.0004880869487139147
1792,41.61015873015873,0.0005194482509978116,0.000520761162166518
1793,41.633378684807255,0.00039517279947176576,0.00039617160306961954
1794,41.65659863945578,0.0003885121550410986,0.0003894941237868819
1795,41.67981859410431,0.0003441418521106243,0.0003450116744276452
1796,41.703038548752836,0.00029547259327955544,0.00029621940350948344
1797,41.72625850340136,0.00029454429750330746,0.0002952887614554491
1798,41.749478458049886,0.0004771936219185591,0.00047839973404743597
1799,41.77269841269841,0.00044617042294703424,0.0004472981235992328
1800,41.795918367346935,0.0005413585458882153,0.0005427268355682864
1801,41.81913832199547,0.0005300704506225884,0.0005314102095176984
1802,41.84235827664399,0.00038913064054213464,0.00039011417251682564
1803,41.86557823129252,0.0003239485085941851,0.00032476729201332666
1804,41.88879818594104,0.0002381756203249097,0.00023877761182538636
1805,41.912018140589566,0.0002701758057810366,0.000270858678102279
1806,41.9352380952381,0.00020776441670022905,0.00020828954354899893
1807,41.95845804988662,0.00023024894471745938,0.000230830901458139
1808,41.98167800453515,0.00030807993607595563,0.0003088586115034915
1809,42.00489795918367,0.00024725610273890197,0.00024788104525857194
1810,42.0281179138322,0.00043507941882126033,0.00043617908683852186
1811,42.05133786848072,0.000262447283603251,0.00026311062199966965
1812,42.074557823129254,0.0004767199279740453,0.0004779248428362664
1813,42.09777777777778,0.0003476614656392485,0.00034854018381818126
1814,42.120997732426304,0.0003209869610145688,0.0003217982590896237
1815,42.14421768707483,0.00030126908677630126,0.00030203054770730795
1816,42.16743764172335,0.00034340753336437047,0.0003442754996826821
1817,42.190657596371885,0.00044786176295019686,0.00044899373848285935
1818,42.21387755102041,0.00041034899186342955,0.00041138615345450244
1819,42.237097505668935,0.00027941548614762723,0.0002801217118626394
1820,42.26031746031746,0.00035593699431046844,0.0003568366289791546
1821,42.283537414965984,0.000388659886084497,0.00038964222822211763
1822,42.30675736961451,0.0004147186118643731,0.00041576681771806733
1823,42.32997732426304,0.0005001461831852794,0.0005014103081652527
1824,42.353197278911566,0.00038332724943757057,0.00038429611327740325
1825,42.37641723356009,0.00042012648191303015,0.00042118835621776294
1826,42.399637188208615,0.0003638933121692389,0.0003648130565188384
1827,42.42285714285714,0.00022185441048350185,0.00022241514994655916
1828,42.44607709750567,0.0001894240704132244,0.0001899028418349967
1829,42.4692970521542,0.00024084205506369472,0.00024145078600730637
1830,42.49251700680272,0.00024523172760382295,0.0002458515534930694
1831,42.515736961451246,0.0001696360850473866,0.00017006484211846447
1832,42.53895691609977,0.00019170920131728053,0.00019219374843255094
1833,42.5621768707483,0.00024168677919078618,0.00024229764518392166
1834,42.58539682539683,0.00037214247277006507,0.0003730830669638299
1835,42.60861678004535,0.00040543085196986794,0.0004064555829082567
1836,42.63183673469388,0.00042542285518720746,0.00042649811613365465
1837,42.6550566893424,0.0005309379193931818,0.0005322798708251522
1838,42.67827664399093,0.00034668963053263724,0.00034756589238764716
1839,42.70149659863946,0.00036870758049190044,0.0003696394929576459
1840,42.72471655328798,0.0003314404748380184,0.00033227819428425836
1841,42.74793650793651,0.000352277624187991,0.00035316800975843685
1842,42.77115646258503,0.0005183335742913187,0.0005196436681023872
1843,42.79437641723356,0.00043314805952832103,0.00043424284601372326
1844,42.81759637188209,0.00036567990900948644,0.0003666041690022535
1845,42.840816326530614,0.0002704448706936091,0.00027112842307937794
1846,42.86403628117914,0.0002451100735925138,0.0002457295919999084
1847,42.887256235827664,0.00022683583665639162,0.00022740916672890022
1848,42.91047619047619,0.00037389268982224166,0.00037483770770885955
1849,42.93369614512471,0.00043155893217772245,0.00043264970212626453
1850,42.956916099773245,0.0003996150044258684,0.00040062503574561116
1851,42.98013605442177,0.00032032059971243143,0.0003211302135519647
1852,43.003356009070295,0.0004099443322047591,0.00041098047101409315
1853,43.02657596371882,0.0004998468211852014,0.0005011101895244265
1854,43.049795918367344,0.0004888431867584586,0.000490078743290622
1855,43.073015873015876,0.0004210142360534519,0.00042207835416654054
1856,43.0962358276644,0.0003402318398002535,0.00034109177951814694
1857,43.119455782312926,0.00030258935294114053,0.00030335415085940275
1858,43.14267573696145,0.0002690224500838667,0.00026970240728589677
1859,43.165895691609975,0.0002847850846592337,0.00028550488209355343
1860,43.1891156462585,0.00028344651218503714,0.0002841629263627031
1861,43.21233560090703,0.00028596498304978013,0.00028668776269026174
1862,43.23555555555556,0.0005073879146948457,0.0005086703432308739
1863,43.25877551020408,0.00029616241226904094,0.0002969109660240534
1864,43.281995464852606,0.0002798282075673342,0.00028053547644027487
1865,43.30521541950113,0.0004304461763240397,0.00043153413376992045
1866,43.32843537414966,0.0005572119262069464,0.0005586202854801719
1867,43.35165532879819,0.0004287751216907054,0.0004298588555276176
1868,43.37487528344671,0.0004472740984056145,0.0004484045886096758
1869,43.39809523809524,0.0006728083826601505,0.0006745089132487068
1870,43.42131519274376,0.0005814996547996998,0.0005829694015741262
1871,43.44453514739229,0.0006032091332599521,0.0006047337509800068
1872,43.46775510204082,0.0006268035504035652,0.0006283878032725062
1873,43.490975056689344,0.0007071791333146393,0.0007089665363535781
1874,43.51419501133787,0.0009537829319015145,0.0009561936287542031
1875,43.53741496598639,0.0013663372956216335,0.0013697907281670235
1876,43.56063492063492,0.0009069893276318908,0.0009092817531350241
1877,43.58385487528345,0.0009020596626214683,0.000904339628342058
1878,43.607074829931975,0.0006007564952597022,0.0006022749139102306
1879,43.6302947845805,0.00044858769979327917,0.0004497215101392984
1880,43.653514739229024,0.00043573652510531247,0.0004368378539659356
1881,43.67673469387755,0.0002836999483406544,0.00028441700308099165
1882,43.699954648526074,0.0002654594136402011,0.0002661303652284238
1883,43.723174603174606,0.0004090492438990623,0.00041008312036285705
1884,43.74639455782313,0.0004297451814636588,0.0004308313671373185
1885,43.769614512471655,0.0003348180034663528,0.00033566425965335617
1886,43.79283446712018,0.0004961472586728632,0.0004974012763271405
1887,43.816054421768705,0.0006322832778096199,0.0006338813807498608
1888,43.83927437641724,0.0004298623534850776,0.00043094883531231043
1889,43.86249433106576,0.0004587031144183129,0.00045986249158607383
1890,43.885714285714286,0.0005423402180895209,0.00054371098895688
1891,43.90893424036281,0.000830208882689476,0.0008323072447733766
1892,43.932154195011336,0.0003584340447559953,0.0003593399907471518
1893,43.95537414965986,0.00035612538340501487,0.0003570254942292099
1894,43.97859410430839,0.00046510883839800954,0.0004662844061035968
1895,44.00181405895692,0.0004874043515883386,0.0004886362714487813
1896,44.02503401360544,0.0005162037559784949,0.0005175084666503482
1897,44.04825396825397,0.00037258362863212824,0.00037352533785218746
1898,44.07147392290249,0.0003802746650762856,0.0003812358134755645
1899,44.09469387755102,0.0003357340465299785,0.0003365826180259023
1900,44.11791383219955,0.0003763290005736053,0.00037728017626244845
1901,44.14113378684807,0.00032739611924625933,0.00032822361653925025
1902,44.1643537414966,0.00031433734693564475,0.00031513183803796456
1903,44.18757369614512,0.00041424049413762987,0.00041528749154351013
1904,44.210793650793654,0.0006036204285919666,0.0006051460858654976
1905,44.23401360544218,0.0007775836857035756,0.0007795490370231788
1906,44.257233560090704,0.0009761779801920056,0.0009786452807756104
1907,44.28045351473923,0.0008766978280618787,0.0008789136914666203
1908,44.30367346938775,0.0007245493470691144,0.0007263806535144026
1909,44.32689342403628,0.0005737982573918998,0.000575248538799657
1910,44.35011337868481,0.0005824266700074077,0.0005838987598229693
1911,44.373333333333335,0.0004429647233337164,0.00044408432154487723
1912,44.39655328798186,0.0006760329706594348,0.0006777416514296321
1913,44.419773242630384,0.0004294490208849311,0.0004305344580094701
1914,44.44299319727891,0.0002882211992982775,0.0002889496815501472
1915,44.46621315192744,0.0004616884980350733,0.000462855420792767
1916,44.489433106575966,0.0004367534420453012,0.00043785734117467694
1917,44.51265306122449,0.0003351401537656784,0.0003359872241911072
1918,44.535873015873015,0.0005548463668674231,0.000556248747163395
1919,44.55909297052154,0.0004080910875927657,0.0004091225423059559
1920,44.582312925170065,0.0005014397320337594,0.0005027071264726773
1921,44.6055328798186,0.00047102320240810513,0.00047221371873379023
1922,44.62875283446712,0.0005092485225759447,0.0005105356538188604
1923,44.651972789115646,0.0007212028140202165,0.0007230256620664093
1924,44.67519274376417,0.0004888905095867813,0.0004901261857279139
1925,44.698412698412696,0.0006819554255343974,0.0006836790753744424
1926,44.72163265306123,0.0006440377328544855,0.0006456655453091598
1927,44.74485260770975,0.0007304140017367899,0.0007322601311612662
1928,44.76807256235828,0.0005931296618655324,0.0005946288036107562
1929,44.7912925170068,0.0005219439626671374,0.0005232631817745426
1930,44.81451247165533,0.0003849607310257852,0.0003859337235083016
1931,44.83773242630385,0.00041310544474981725,0.00041414957330588345
1932,44.860952380952384,0.0005904763820581138,0.0005919688176094363
1933,44.88417233560091,0.0006539407768286765,0.0006555936193359363
1934,44.90739229024943,0.0004202483978588134,0.0004213105803074403
1935,44.93061224489796,0.000547266798093915,0.0005486500209464311
1936,44.95383219954648,0.0005973820225335658,0.0005988919121671571
1937,44.977052154195015,0.0005682698101736605,0.0005697061183702566
1938,45.00027210884354,0.0004129926091991365,0.0004140364525621071
1939,45.023492063492064,0.0006414420204237103,0.0006430632721866612
1940,45.04671201814059,0.0006932233809493482,0.0006949755106706603
1941,45.069931972789114,0.00047303884639404714,0.0004742344572820803
1942,45.09315192743764,0.0004313266836106777,0.00043241686654841167
1943,45.11637188208617,0.00047993037151172757,0.0004811434008053074
1944,45.139591836734695,0.0007688087061978877,0.0007707518786602591
1945,45.16281179138322,0.0008550779311917722,0.0008572391500693401
1946,45.186031746031745,0.0007287125336006284,0.0007305543625456731
1947,45.20925170068027,0.0005358628695830703,0.0005372172688808237
1948,45.2324716553288,0.00041701659210957587,0.00041807060613361936
1949,45.255691609977326,0.00042282030335627496,0.0004238889863243395
1950,45.27891156462585,0.0003855827380903065,0.000386557302702521
1951,45.302131519274376,0.0003947541117668152,0.00039575185712688885
1952,45.3253514739229,0.00031808289350010455,0.00031888685151256976
1953,45.348571428571425,0.0003835050156340003,0.00038447432877985
1954,45.37179138321996,0.0004125663253944367,0.0004136090913204015
1955,45.39501133786848,0.00047046103281900287,0.00047165012825486723
1956,45.41823129251701,0.0005271169357001781,0.0005284492295538309
1957,45.44145124716553,0.0004453177098184824,0.0004464432552288681
1958,45.464671201814056,0.0005432536127045751,0.0005446266921868716
1959,45.48789115646259,0.0004984120605513453,0.0004996718025172849
1960,45.51111111111111,0.0004560470988508314,0.0004571997629100274
1961,45.53433106575964,0.000429728243034333,0.00043081438589592623
1962,45.55755102040816,0.0004550091689452529,0.00045615920962519457
1963,45.58077097505669,0.00040781748248264194,0.00040884824565590644
1964,45.60399092970521,0.000494935258757323,0.0004961862130684809
1965,45.627210884353744,0.0006930424715392292,0.000694794144010017
1966,45.65043083900227,0.0005300527554936707,0.0005313924696641476
1967,45.67365079365079,0.00045489854528568685,0.00045604830636311204
1968,45.69687074829932,0.0004901979700662196,0.000491436950828097
1969,45.72009070294784,0.0006598928011953831,0.0006615606875097063
1970,45.743310657596375,0.0004133582697249949,0.0004144030372989671
1971,45.7665306122449,0.000444767385488376,0.00044589153994796337
1972,45.789750566893424,0.0004979364457540214,0.0004991949855983287
1973,45.81297052154195,0.000321701547363773,0.00032251465156368645
1974,45.836190476190474,0.00031758728437125683,0.0003183899897261968
1975,45.859410430839006,0.00041501320083625615,0.00041606215126681757
1976,45.88263038548753,0.00039623468182981014,0.00039723616934700536
1977,45.905850340136055,0.00047975542838685215,0.00048096801550975935
1978,45.92907029478458,0.0003681528614833951,0.00036908337189074425
1979,45.952290249433105,0.00037041716859675944,0.00037135340206524665
1980,45.97551020408163,0.0006592195713892579,0.0006608857561078401
1981,45.99873015873016,0.00038966373540461063,0.00039064861478243097
1982,46.021950113378686,0.0008180124568752944,0.0008200799923587801
1983,46.04517006802721,0.0006437847623601556,0.0006454119354291225
1984,46.068390022675736,0.0006053248653188348,0.0006068548305749429
1985,46.09160997732426,0.0005546322208829224,0.0005560340599225627
1986,46.11482993197279,0.0005212874966673553,0.0005226050565497245
1987,46.13804988662132,0.0005037814262323081,0.0005050547393290732
1988,46.16126984126984,0.0004793090629391372,0.000480520521868465
1989,46.18448979591837,0.0004671282658819109,0.0004683089377126789
1990,46.20770975056689,0.00041438170592300594,0.0004154290602432272
1991,46.23092970521542,0.0005130074569024146,0.0005143040888931915
1992,46.25414965986395,0.0005672815605066717,0.000568715370891363
1993,46.27736961451247,0.0006949532544240355,0.0006967097564195847
1994,46.300589569161,0.0005261481273919344,0.0005274779725719305
1995,46.32380952380952,0.000482264906167984,0.0004834838360235891
1996,46.34702947845805,0.0004132342874072492,0.00041427874161454947
1997,46.37024943310658,0.0003702901885844767,0.000371226101109586
1998,46.393469387755104,0.00040399274439550936,0.0004050138405011837
1999,46.41668934240363,0.0004887194372713566,0.00048995468102533
2000,46.439909297052154,0.000253047066507861,0.00025368664575216185
2001,46.46312925170068,0.00030443878495134413,0.0003052082573293572
2002,46.4863492063492,0.0002799973590299487,0.00028070505543507197
2003,46.509569160997735,0.0002792724990285933,0.00027997836334208917
2004,46.53278911564626,0.00038706226041540504,0.00038804056453657204
2005,46.556009070294785,0.00048001561663113534,0.0004812288613826923
2006,46.57922902494331,0.0004905303358100355,0.0004917701566299866
2007,46.602448979591834,0.0003759129613172263,0.0003768630854622722
2008,46.625668934240366,0.0004029243718832731,0.0004039427676656699
2009,46.64888888888889,0.00034916517324745655,0.00035004769206391093
2010,46.672108843537416,0.00043790426570922136,0.00043901107355806757
2011,46.69532879818594,0.00047304449253715575,0.0004742401176958777
2012,46.718548752834465,0.00043590113637037575,0.00043700288128778215
2013,46.74176870748299,0.0005235770368017256,0.000524900383521971
2014,46.76498866213152,0.00039753669989295304,0.00039854147827512597
2015,46.78820861678005,0.00035376675077714026,0.0003546609001314216
2016,46.81142857142857,0.000502878159750253,0.0005041491898310481
2017,46.834648526077096,0.00048767877160571516,0.0004889113850657706
2018,46.85786848072562,0.0006475089467130601,0.0006491455326989478
2019,46.88108843537415,0.0005642145406454802,0.0005656405991037328
2020,46.90430839002268,0.0004828197415918112,0.0004840400738000536
2021,46.9275283446712,0.0005797843914479017,0.0005812498028753372
2022,46.95074829931973,0.0008842475945129991,0.0008864825400354988
2023,46.97396825396825,0.0009078287403099239,0.0009101232874378351
2024,46.99718820861678,0.0007955196779221296,0.0007975303626593742
2025,47.02040816326531,0.0007748275529593229,0.0007767859381230956
2026,47.04362811791383,0.0006876146071590483,0.0006893525606429048
2027,47.06684807256236,0.0006460187141783535,0.0006476515335851162
2028,47.09006802721088,0.0004849621618632227,0.0004861879090622693
2029,47.11328798185941,0.0004626732552424073,0.00046384266698477563
2030,47.13650793650794,0.0003670935402624309,0.00036802137322374076
2031,47.159727891156464,0.00047290377551689744,0.0004740990450118027
2032,47.18294784580499,0.0004160628595855087,0.00041711446304010583
2033,47.206167800453514,0.0005440916866064072,0.00054546688432971
2034,47.22938775510204,0.000576987222302705,0.0005784455638543553
2035,47.25260770975056,0.000503348361235112,0.0005046205797553326
2036,47.275827664399095,0.0005872917827218771,0.0005887761691633444
2037,47.29904761904762,0.0003350083716213703,0.00033585510896597966
2038,47.322267573696145,0.00038327291258610785,0.00038424163908895066
2039,47.34548752834467,0.0005075910594314337,0.0005088740014180184
2040,47.368707482993194,0.00037679995875805616,0.00037775232479889137
2041,47.391927437641726,0.0006168282707221806,0.0006183873109619916
2042,47.41514739229025,0.0003960594767704606,0.00039706052145494094
2043,47.438367346938776,0.0006161597557365894,0.0006177171062974201
2044,47.4615873015873,0.0006150110275484622,0.0006165654746861605
2045,47.484807256235825,0.0008198214927688241,0.0008218936006104314
2046,47.50802721088435,0.0004861513734795153,0.00048738012642400433
2047,47.53124716553288,0.0004081351507920772,0.00040916671687548837
2048,47.55446712018141,0.0004339472216088325,0.0004350440279851846
2049,47.57768707482993,0.00048663036432117224,0.0004878603279202828
2050,47.600907029478456,0.0005718672764487565,0.0005733126772809376
2051,47.62412698412698,0.0006381425191648304,0.0006397554314020525
2052,47.64734693877551,0.000454190478194505,0.00045533844962456795
2053,47.67056689342404,0.0004849231627304107,0.0004861488113587201
2054,47.69378684807256,0.0005493147182278335,0.0005507031172210167
2055,47.71700680272109,0.0006463731406256557,0.0006480068558491627
2056,47.74022675736961,0.0007341617601923645,0.0007360173621175653
2057,47.763446712018144,0.0007587825530208647,0.0007607003842707862
2058,47.78666666666667,0.0007762780878692865,0.000778240139276001
2059,47.809886621315194,0.0005279796314425766,0.0005293141057692086
2060,47.83310657596372,0.0006114434800110757,0.0006129889101331278
2061,47.85632653061224,0.0004952595918439329,0.000496511365910535
2062,47.87954648526077,0.0004930095165036619,0.000494255603480089
2063,47.9027664399093,0.0006172481807880104,0.000618808282355132
2064,47.925986394557825,0.0006282090325839818,0.0006297968378245951
2065,47.94920634920635,0.0005482474807649851,0.0005496331823037406
2066,47.972426303854874,0.0007191883050836623,0.0007210060614363569
2067,47.9956462585034,0.0006461912416853011,0.0006478244971572354
2068,48.01886621315193,0.0006998791359364986,0.0007016480881517588
2069,48.042086167800456,0.0005199041916057467,0.0005212182551693554
2070,48.06530612244898,0.0006150570698082447,0.0006166116333182612
2071,48.088526077097505,0.0005260194884613156,0.0005273490085049994
2072,48.11174603174603,0.0005671120597980917,0.0005685454417678774
2073,48.134965986394555,0.0006352067575789988,0.0006368122496465172
2074,48.15818594104309,0.0006420892896130681,0.0006437121773560155
2075,48.18140589569161,0.0006881501758471131,0.0006898894829867203
2076,48.204625850340136,0.0007770126685500145,0.0007789765766174805
2077,48.22784580498866,0.0006333303754217923,0.0006349311249127667
2078,48.251065759637186,0.0006271450547501445,0.0006287301707750783
2079,48.27428571428572,0.0005634889821521938,0.000564913206753373
2080,48.29750566893424,0.000775796128436923,0.0007777569616858704
2081,48.32072562358277,0.0005915144574828446,0.0005930095167812228
2082,48.34394557823129,0.0007244634907692671,0.000726294580211813
2083,48.36716553287982,0.0005918673705309629,0.0005933633218209526
2084,48.39038548752834,0.0007412295090034604,0.0007431029747415317
2085,48.41360544217687,0.0007010034751147032,0.0007027752691096048
2086,48.4368253968254,0.000565767870284617,0.0005671978548006203
2087,48.46004535147392,0.0005138063570484519,0.0005151050082681364
2088,48.48326530612245,0.0007317215786315501,0.0007335710129710121
2089,48.50648526077097,0.0008539245463907719,0.0008560828500755671
2090,48.529705215419504,0.001102240290492773,0.0011050262149524402
2091,48.55292517006803,0.0009452932281419635,0.0009476824671750069
2092,48.576145124716554,0.0008422127575613558,0.0008443414595710464
2093,48.59936507936508,0.0009069044608622789,0.0009091966718637186
2094,48.6225850340136,0.0007989612058736384,0.0008009805891106397
2095,48.64580498866213,0.0007968082209117711,0.0007988221624555969
2096,48.66902494331066,0.0007818805752322078,0.0007838567869873635
2097,48.692244897959185,0.0008275166037492454,0.0008296081610685075
2098,48.71546485260771,0.0008075627265498042,0.0008096038502249375
2099,48.738684807256234,0.0009846995817497373,0.000987188420775023
2100,48.76190476190476,0.000906833098269999,0.0009091251289017016
2101,48.78512471655329,0.0009281905367970467,0.0009305365485895738
2102,48.808344671201816,0.0007355822017416358,0.0007374413938484783
2103,48.83156462585034,0.0007733286474831402,0.0007752832441468327
2104,48.854784580498865,0.0006473559187725186,0.0006489921179786032
2105,48.87800453514739,0.0010082254884764552,0.001010773789489795
2106,48.901224489795915,0.001057641813531518,0.0010603150148500498
2107,48.92444444444445,0.0012293430045247078,0.0012324501824923133
2108,48.94766439909297,0.001308803679421544,0.0013121116951190766
2109,48.970884353741496,0.0011328684631735086,0.0011357318006765588
2110,48.99410430839002,0.0010406554210931063,0.0010432856891178875
2111,49.017324263038546,0.0012407212052494287,0.0012438571417445344
2112,49.04054421768708,0.001504095853306353,0.0015078974721217358
2113,49.0637641723356,0.001778900041244924,0.001783396230668368
2114,49.08698412698413,0.002132418565452099,0.002137808276834438
2115,49.11020408163265,0.0014176625991240144,0.0014212457569386225
2116,49.13342403628118,0.0015872839139774442,0.0015912957915313025
2117,49.1566439909297,0.0014002879615873098,0.00140382720481441
2118,49.179863945578234,0.0008957642130553722,0.0008980282669579291
2119,49.20308390022676,0.0008749151020310819,0.0008771264595761694
2120,49.22630385487528,0.0011525731533765793,0.0011554862947008835
2121,49.24952380952381,0.0009062851313501596,0.0009085757769894444
2122,49.27274376417233,0.0010091126896440983,0.001011663233068149
2123,49.295963718820865,0.0013272122014313936,0.0013305667448708133
2124,49.31918367346939,0.0009911864763125777,0.0009936917110352317
2125,49.342403628117914,0.0010914389276877046,0.0010941975515840591
2126,49.36562358276644,0.0010222310665994883,0.0010248147668656055
2127,49.388843537414964,0.0008095022058114409,0.0008115482315417437
2128,49.412063492063496,0.0010321735171601176,0.001034782347079401
2129,49.43528344671202,0.0009184540249407291,0.0009207754275924306
2130,49.458503401360545,0.0010322066955268383,0.0010348156093048086
2131,49.48172335600907,0.0012401833664625883,0.0012433179435642437
2132,49.504943310657595,0.0016226115403696895,0.0016267127088878837
2133,49.52816326530612,0.0016670111799612641,0.0016712245690569546
2134,49.55138321995465,0.001566276652738452,0.0015702354342084334
2135,49.574603174603176,0.0014273058623075485,0.001430913393575936
2136,49.5978231292517,0.0011440826347097754,0.0011469743161547474
2137,49.621043083900226,0.0010160538367927074,0.0010186219240425338
2138,49.64426303854875,0.0008695411961525679,0.0008717389710914305
2139,49.66748299319728,0.0009841909632086754,0.0009866785166950034
2140,49.69070294784581,0.0012236536713317037,0.001226746469447077
2141,49.71392290249433,0.0010676347883418202,0.0010703332470141152
2142,49.73714285714286,0.0015463873278349638,0.0015502958388174547
2143,49.76036281179138,0.0020534892100840807,0.0020586794266524463
2144,49.783582766439906,0.00262087513692677,0.00262749942766689
2145,49.80680272108844,0.0032400856725871563,0.003248275024767925
2146,49.83002267573696,0.003278643824160099,0.003286930632493136
2147,49.85324263038549,0.003029985586181283,0.0030376439080824066
2148,49.87646258503401,0.0018488859059289098,0.001853558985395238
2149,49.89968253968254,0.001221426296979189,0.0012245134653813836
2150,49.92290249433107,0.0008743196958675981,0.0008765295485170574
2151,49.946122448979594,0.0007984017138369381,0.0008004196829516619
2152,49.96934240362812,0.0009513155091553926,0.000953719969569947
2153,49.99256235827664,0.0011402139207348228,0.0011430958239626644
2154,50.01578231292517,0.0008182331221178174,0.0008203012153351311
2155,50.03900226757369,0.0006291433237493038,0.0006307334904211154
2156,50.062222222222225,0.0006709329318255186,0.000672628722191459
2157,50.08544217687075,0.0007134245242923498,0.0007152277126256886
2158,50.108662131519274,0.0007643277058377862,0.0007662595525224532
2159,50.1318820861678,0.0009510654490441084,0.0009534692774289807
2160,50.155102040816324,0.001154159428551793,0.001157076579204053
2161,50.178321995464856,0.001406535622663796,0.001410090656922996
2162,50.20154195011338,0.000891190255060792,0.0008934427482342007
2163,50.224761904761905,0.0008040290558710694,0.0008060612481546893
2164,50.24798185941043,0.0005685597425326705,0.0005699967835364935
2165,50.271201814058955,0.000556470244191587,0.0005578767288553595
2166,50.29442176870748,0.0007986153359524906,0.0008006338449994614
2167,50.31764172335601,0.0010147951543331146,0.001017360060249178
2168,50.340861678004536,0.0010196465300396085,0.0010222236978611387
2169,50.36408163265306,0.000710092659574002,0.0007118874265826122
2170,50.387301587301586,0.0008117729448713362,0.0008138247099195927
2171,50.41052154195011,0.0006649101851508021,0.0006665907529582676
2172,50.43374149659864,0.0007365423953160644,0.000738404014322729
2173,50.45696145124717,0.0007010213448666036,0.0007027931840274998
2174,50.48018140589569,0.0007952871965244412,0.0007972972936623957
2175,50.50340136054422,0.0006828475743532181,0.000684573479109217
2176,50.52662131519274,0.0007869678665883839,0.0007889569365284063
2177,50.54984126984127,0.0006562951602973044,0.0006579539535346811
2178,50.5730612244898,0.0006926660425961018,0.0006944167636385948
2179,50.59628117913832,0.0005429811426438391,0.0005443535334550599
2180,50.61950113378685,0.0005703282076865435,0.0005717697185054973
2181,50.64272108843537,0.0007957438356243074,0.0007977550869226101
2182,50.6659410430839,0.0008838632493279874,0.000886097223413804
2183,50.68916099773243,0.0006891766679473221,0.0006909185695570048
2184,50.712380952380954,0.0007009603432379663,0.0007027320282165751
2185,50.73560090702948,0.0006999134202487767,0.0007016824591180134
2186,50.758820861678004,0.0008219970040954649,0.0008240746105658825
2187,50.78204081632653,0.0007405949290841818,0.0007424667909145261
2188,50.80526077097505,0.0006325248978100717,0.0006341236114475216
2189,50.828480725623585,0.0008071865304373205,0.0008092267032726411
2190,50.85170068027211,0.0010118860518559813,0.0010144436049835317
2191,50.874920634920635,0.001122460002079606,0.0011252970320827405
2192,50.89814058956916,0.0009110152022913098,0.0009133178032369324
2193,50.921360544217684,0.0008120914571918547,0.0008141440272835051
2194,50.944580498866216,0.0009860931895673275,0.0009885855509517028
2195,50.96780045351474,0.0008747584652155638,0.000876969426859377
2196,50.991020408163266,0.0009508253424428403,0.0009532285639556365
2197,51.01424036281179,0.0006637341575697064,0.0006654117529545235
2198,51.037460317460315,0.0006765526486560702,0.0006782626429181208
2199,51.06068027210885,0.0005292019341140985,0.000530539497824179
2200,51.08390022675737,0.0005399153451435268,0.0005412799871178395
2201,51.1071201814059,0.000539221044164151,0.0005405839312851004
2202,51.13034013605442,0.0007397058652713895,0.0007415754799831667
2203,51.153560090702946,0.0005742942448705435,0.0005757457798921091
2204,51.17678004535147,0.00041636303649283946,0.00041741539864787207
2205,51.2,0.0005349647835828364,0.0005363169129583447
2206,51.22321995464853,0.0006284461123868823,0.0006300345168493056
2207,51.24643990929705,0.0005870675086043775,0.0005885513281905457
2208,51.26965986394558,0.0005265625659376383,0.0005278934586156178
2209,51.2928798185941,0.0004196405643597245,0.00042070121050249586
2210,51.316099773242634,0.0006104836356826127,0.0006120266397875655
2211,51.33931972789116,0.0007018137839622796,0.0007035876260217074
2212,51.36253968253968,0.000656675489153713,0.0006583352436764582
2213,51.38575963718821,0.0005060150870122015,0.0005072940457111597
2214,51.40897959183673,0.0006122049526311457,0.0006137523073836218
2215,51.43219954648526,0.0007173860794864595,0.0007191992806941314
2216,51.45541950113379,0.0005938351969234645,0.0005953361219163087
2217,51.478639455782314,0.00052578782197088,0.0005271167564749608
2218,51.50185941043084,0.0006609799456782639,0.000662650579762227
2219,51.525079365079364,0.000570842472370714,0.0005722852829993143
2220,51.54829931972789,0.0004836491134483367,0.0004848715419030702
2221,51.57151927437642,0.00044706027256324887,0.0004481902223201414
2222,51.594739229024945,0.000547944800928235,0.0005493297374403734
2223,51.61795918367347,0.00048425415297970176,0.0004854781106785067
2224,51.641179138321995,0.0003560812911018729,0.0003569812904822867
2225,51.66439909297052,0.0004289406933821738,0.00043002484570335754
2226,51.687619047619044,0.000319027021760121,0.0003198333660671495
2227,51.710839002267576,0.0003408098709769547,0.000341671271675006
2228,51.7340589569161,0.00030532461823895574,0.00030609632957034807
2229,51.757278911564626,0.00040618720231577754,0.000407213844937986
2230,51.78049886621315,0.000279727770248428,0.0002804347852649403
2231,51.803718820861675,0.0002601017476990819,0.00026075915772770015
2232,51.82693877551021,0.00038578733801841736,0.0003867624197592009
2233,51.85015873015873,0.0003987629897892475,0.00039977086763262344
2234,51.87337868480726,0.00047215702943503857,0.00047335041152100714
2235,51.89659863945578,0.0006489561637863517,0.0006505964076293126
2236,51.919818594104306,0.0008202099124900997,0.0008222830020668254
2237,51.94303854875283,0.0006909120129421353,0.0006926583006553824
2238,51.96625850340136,0.0005321076605468988,0.0005334525685125033
2239,51.98947845804989,0.0004724541795440018,0.00047364831268013966
2240,52.01269841269841,0.0004362560575827956,0.0004373586995674708
2241,52.03591836734694,0.0005341514479368925,0.0005355015215976084
2242,52.05913832199546,0.000781578419264406,0.0007835538673170292
2243,52.082358276643994,0.0006751332548446953,0.0006768396615732733
2244,52.10557823129252,0.0005378520581871271,0.0005392114851809598
2245,52.128798185941044,0.0004969081492163241,0.0004981640900298202
2246,52.15201814058957,0.0006776491063646972,0.0006793618719356682
2247,52.17523809523809,0.000742621545214206,0.0007444985293391132
2248,52.19845804988662,0.0007449797121807933,0.0007468626565986502
2249,52.22167800453515,0.0007041226490400732,0.0007059023267813844
2250,52.244897959183675,0.0005868690204806626,0.0005883523383859146
2251,52.2681179138322,0.0006798070389777422,0.0006815252587471315
2252,52.291337868480724,0.0006324042333289981,0.0006340026419856447
2253,52.31455782312925,0.0007709707133471966,0.0007729193503064215
2254,52.33777777777778,0.0006449439097195864,0.0006465740125462558
2255,52.360997732426306,0.000598943151999265,0.0006004569874047544
2256,52.38421768707483,0.0007040284108370543,0.0007058078503902707
2257,52.407437641723355,0.00047370523680001497,0.00047490253199712997
2258,52.43065759637188,0.0006642233929596841,0.0006659022248923313
2259,52.453877551020405,0.0006461738375946879,0.0006478070490775918
2260,52.47709750566894,0.0008085108711384237,0.000810554391259435
2261,52.50031746031746,0.0006767363520339131,0.0006784468106082721
2262,52.523537414965986,0.0009723574621602893,0.0009748151063425403
2263,52.54675736961451,0.0006621618522331119,0.0006638354735988941
2264,52.569977324263036,0.0005821537342853844,0.0005836251342529062
2265,52.59319727891157,0.0006862796144559979,0.0006880141937311116
2266,52.61641723356009,0.0007378203445114195,0.0007396851935487338
2267,52.63963718820862,0.0008075861842371523,0.0008096273672018485
2268,52.66285714285714,0.0007475203601643443,0.0007494097260979286
2269,52.68607709750567,0.0006137306918390095,0.0006152819029141177
2270,52.70929705215419,0.000748499936889857,0.0007503917787143911
2271,52.73251700680272,0.00044637979590334,0.00044750802574798886
2272,52.75573696145125,0.00035908634890802205,0.0003599939436050987
2273,52.77895691609977,0.0004280043940525502,0.00042908617986687835
2274,52.8021768707483,0.0004761883756145835,0.00047739194697236865
2275,52.82539682539682,0.000553143210709095,0.0005545412862591408
2276,52.848616780045354,0.0003918588918168098,0.0003928493194766102
2277,52.87183673469388,0.0003530196554493159,0.0003539119165119376
2278,52.895056689342404,0.0007213610224425793,0.0007231842703623
2279,52.91827664399093,0.0005350749124772847,0.0005364273202047851
2280,52.94149659863945,0.0005640032468363643,0.00056542877124719
2281,52.964716553287985,0.0006188416737131774,0.0006204058028511971
2282,52.98793650793651,0.0007605708087794483,0.0007624931598654717
2283,53.011156462585035,0.0006540346657857299,0.0006556877455983614
2284,53.03437641723356,0.0006151307607069612,0.0006166855104715348
2285,53.057596371882084,0.0004786960198543966,0.00047990592931058376
2286,53.08081632653061,0.0004759441944770515,0.00047714714866432535
2287,53.10403628117914,0.0005270452238619328,0.0005283773364631255
2288,53.127256235827666,0.0006794949294999242,0.0006812123604091748
2289,53.15047619047619,0.0004495510656852275,0.00045068731094913636
2290,53.173696145124715,0.00047589527093805373,0.00047709810147054455
2291,53.19691609977324,0.0005012703477405012,0.0005025373140587545
2292,53.22013605442177,0.0005278147873468697,0.0005291488450282364
2293,53.2433560090703,0.00045170378871262074,0.0004528454750076629
2294,53.26657596371882,0.0003854365786537528,0.0003864107738463835
2295,53.289795918367346,0.0002793731982819736,0.0002800793171139401
2296,53.31301587301587,0.0003574904694687575,0.0003583940305629956
2297,53.336235827664396,0.0003739056410267949,0.00037485069164772475
2298,53.35945578231293,0.0004247382457833737,0.00042581177637202153
2299,53.38267573696145,0.0003679725923575461,0.00036890264713269655
2300,53.40589569160998,0.0004028645344078541,0.0004038827789503735
2301,53.4291156462585,0.00042356509948149323,0.0004246356649299576
2302,53.45233560090703,0.00046340865083038807,0.00046457992129319485
2303,53.47555555555556,0.0005670814425684512,0.0005685147471528522
2304,53.498775510204084,0.0007193245692178607,0.0007211426699796535
2305,53.52199546485261,0.00044934969628229737,0.0004504854325828251
2306,53.54521541950113,0.00045975204557180405,0.00046091407392459446
2307,53.56843537414966,0.00039970289799384773,0.00040071315146555047
2308,53.59165532879818,0.0005098213441669941,0.0005111099232227827
2309,53.614875283446715,0.0004542315728031099,0.00045537964810024817
2310,53.63809523809524,0.00033581609022803605,0.00033666486909030924
2311,53.661315192743764,0.000301835301797837,0.0003025981938435394
2312,53.68453514739229,0.0003344377037137747,0.0003352829986889698
2313,53.707755102040814,0.0003987156960647553,0.00039972345437272233
2314,53.730975056689346,0.0005446734721772373,0.0005460501403699705
2315,53.75419501133787,0.0003815801755990833,0.00038254462369057007
2316,53.777414965986395,0.0003340606053825468,0.00033490494723756136
2317,53.80063492063492,0.00047360348980873823,0.00047480052783921347
2318,53.823854875283445,0.0003727024595718831,0.0003736444691384498
2319,53.84707482993197,0.00022749965137336403,0.00022807465924487222
2320,53.8702947845805,0.00029732086113654077,0.0002980723428838096
2321,53.893514739229026,0.0003895911213476211,0.00039057581719261354
2322,53.91673469387755,0.00031060632318258286,0.00031139138408132284
2323,53.939954648526076,0.00030694366432726383,0.0003077194678154551
2324,53.9631746031746,0.00025118025951087475,0.00025181512037995445
2325,53.98639455782313,0.00030923011945560575,0.0003100117019842865
2326,54.00961451247166,0.000416530150687322,0.00041758293522531955
2327,54.03283446712018,0.0006419680430553854,0.0006435906243463243
2328,54.05605442176871,0.0005704281502403319,0.0005718699136651899
2329,54.07927437641723,0.0006356628146022558,0.0006372694593589174
2330,54.102494331065756,0.0005531999631784856,0.0005545981821710221
2331,54.12571428571429,0.0005866612191312015,0.0005881440118162567
2332,54.14893424036281,0.00041827926179394126,0.00041933646722950224
2333,54.17215419501134,0.00043447533971630037,0.0004355734809169788
2334,54.19537414965986,0.0003295245405752212,0.0003303574174765352
2335,54.21859410430839,0.00032791338162496686,0.0003287421863043102
2336,54.24181405895692,0.00044041540240868926,0.0004415285571831677
2337,54.265034013605444,0.00038956402568146586,0.0003905486530418641
2338,54.28825396825397,0.00041739470907486975,0.00041844967879370255
2339,54.31147392290249,0.0003690080193337053,0.0003699406911619285
2340,54.33469387755102,0.0002863751142285764,0.00028709893048012417
2341,54.35791383219954,0.00027829548344016075,0.00027899887833600893
2342,54.381133786848075,0.0003607926773838699,0.0003617045848449401
2343,54.4043537414966,0.00039081269642338157,0.00039180047981281625
2344,54.427573696145124,0.00034177934867329895,0.0003426431997368927
2345,54.45079365079365,0.0003433397214394063,0.0003442075163623316
2346,54.474013605442174,0.00028777640545740724,0.0002885037634879511
2347,54.497233560090706,0.00030096672708168626,0.00030172742379523865
2348,54.52045351473923,0.0004742091114167124,0.00047540768016246407
2349,54.543673469387755,0.0003681765228975564,0.0003691070931093902
2350,54.56689342403628,0.0003819774719886482,0.00038294292425113016
2351,54.590113378684805,0.00027883134316653013,0.00027953609245373156
2352,54.61333333333334,0.0002492622588761151,0.000249892271977491
2353,54.63655328798186,0.0003904045734088868,0.0003913913252629127
2354,54.659773242630386,0.00035733694676309824,0.0003582401198270089
2355,54.68299319727891,0.00040145262028090656,0.00040246729619493804
2356,54.706213151927436,0.00037339056143537164,0.00037433431018696795
2357,54.72943310657596,0.00045741820940747857,0.00045857433896368975
2358,54.75265306122449,0.00045932340435683727,0.0004604843493142415
2359,54.77587301587302,0.0003948149096686393,0.00039581280869607863
2360,54.79909297052154,0.0005208858638070524,0.0005222024085579489
2361,54.82231292517007,0.00045110381324775517,0.0004522439830982097
2362,54.84553287981859,0.00046864894102327526,0.0004698334563771916
2363,54.868752834467124,0.0005119513953104615,0.0005132453580939472
2364,54.89197278911565,0.0004712739319074899,0.0004724650819547429
2365,54.91519274376417,0.0005284430226311088,0.0005297786681840674
2366,54.9384126984127,0.0006747494917362928,0.0006764549284993927
2367,54.96163265306122,0.0005120218265801668,0.0005133159673794616
2368,54.98485260770975,0.0005222742329351604,0.0005235942868043013
2369,55.00807256235828,0.0006418589036911726,0.0006434812091311679
2370,55.031292517006804,0.0007649167673662305,0.0007668501029103907
2371,55.05451247165533,0.0006196123431436718,0.0006211784201571548
2372,55.077732426303854,0.0006346142617985606,0.000636218256326476
2373,55.10095238095238,0.0004900795756839216,0.0004913182572026953
2374,55.12417233560091,0.0004865418595727533,0.0004877715994751386
2375,55.147392290249435,0.0004195442597847432,0.00042060466251664185
2376,55.17061224489796,0.000393319787690416,0.00039431390778060793
2377,55.193832199546485,0.00036495650419965386,0.0003658789357788061
2378,55.21705215419501,0.0005449440213851631,0.0005463213733939956
2379,55.240272108843534,0.0005596062401309609,0.0005610206510589685
2380,55.263492063492066,0.0005986346513964236,0.0006001477070632456
2381,55.28671201814059,0.0005496993544511497,0.0005510887256166186
2382,55.309931972789116,0.0004922238877043128,0.000493467988995307
2383,55.33315192743764,0.0005294691654853523,0.0005308074046256633
2384,55.356371882086165,0.0005045973230153322,0.0005058726983001919
2385,55.3795918367347,0.0006025610491633415,0.0006040840288437126
2386,55.40281179138322,0.0003800017002504319,0.0003809621587281106
2387,55.42603174603175,0.00043595951865427196,0.00043706141113354315
2388,55.44925170068027,0.0006420471472665668,0.0006436699284942697
2389,55.472471655328796,0.0005162479938007891,0.0005175528162842249
2390,55.49569160997732,0.0005958995898254216,0.0005974057325940352
2391,55.51891156462585,0.00040495104622095823,0.0004059745644450384
2392,55.54213151927438,0.000504088238812983,0.0005053623273819209
2393,55.5653514739229,0.0005608402425423265,0.0005622577724250037
2394,55.58857142857143,0.0006421849830076098,0.0006438081126166645
2395,55.61179138321995,0.0004987746360711753,0.0005000352944507299
2396,55.635011337868484,0.0005806940025649965,0.0005821617130445369
2397,55.65823129251701,0.00048097968101501465,0.0004821953624499072
2398,55.68145124716553,0.00046533512067981064,0.00046651126031635443
2399,55.70467120181406,0.0005067149759270251,0.0005079957036029148
2400,55.72789115646258,0.0005739391199313104,0.0005753897573706855
2401,55.75111111111111,0.0004680540587287396,0.00046923707051111236
2402,55.77433106575964,0.00046477376599796116,0.0004659484868043713
2403,55.797551020408164,0.0005142285954207182,0.0005155283138525335
2404,55.82077097505669,0.0004709453205578029,0.0004721356400362546
2405,55.843990929705214,0.0005206575151532888,0.0005219734827504511
2406,55.86721088435374,0.00039458301034756005,0.0003955803232469143
2407,55.89043083900227,0.0003371954371687025,0.00033804770234554203
2408,55.913650793650795,0.00037254937342368066,0.0003734909960633237
2409,55.93687074829932,0.0005251569673418999,0.000526484307353966
2410,55.960090702947845,0.0004222400893922895,0.00042330730586317733
2411,55.98331065759637,0.0006575951701961458,0.0006592572492228428
2412,56.006530612244894,0.0008594401879236102,0.0008616124324530558
2413,56.029750566893426,0.0007172753685154021,0.0007190882898998767
2414,56.05297052154195,0.0008835970656946301,0.0008858303669983852
2415,56.076190476190476,0.0006502431933768094,0.0006518866902012184
2416,56.099410430839,0.0008050911710597575,0.0008071260478512008
2417,56.122630385487525,0.0007843113271519542,0.0007862936826593272
2418,56.14585034013606,0.0006429319619201124,0.0006445569795265857
2419,56.16907029478458,0.0007271487847901881,0.000728986661342912
2420,56.19229024943311,0.0007635792717337608,0.0007655092267429966
2421,56.21551020408163,0.00047821091720834374,0.0004794196005622565
2422,56.23873015873016,0.0005461598630063236,0.0005475402880682287
2423,56.26195011337869,0.0004997833748348057,0.0005010465828126821
2424,56.28517006802721,0.0009240261279046535,0.0009263616141078936
2425,56.30839002267574,0.0008776207687333226,0.0008798389648807643
2426,56.33160997732426,0.0008469301392324269,0.0008490707644761858
2427,56.35482993197279,0.001325298915617168,0.0013286486232056446
2428,56.37804988662131,0.0011057589435949922,0.001108553761489083
2429,56.401269841269844,0.0012572068953886628,0.00126038449964695
2430,56.42448979591837,0.0009230779833160341,0.0009254110730733961
2431,56.447709750566894,0.0007090872386470437,0.0007108794644432007
2432,56.47092970521542,0.0006465039332397282,0.0006481379790430062
2433,56.49414965986394,0.0005553200026042759,0.0005567235800197831
2434,56.517369614512475,0.0008542511495761573,0.0008564102787540965
2435,56.540589569161,0.001116701285354793,0.0011195237601380555
2436,56.563809523809525,0.0009075807756744325,0.0009098746960689998
2437,56.58702947845805,0.0009427308687008917,0.0009451136313422601
2438,56.610249433106574,0.0010365762282162905,0.0010391961860362012
2439,56.6334693877551,0.0009983268100768328,0.0010008500920716246
2440,56.65668934240363,0.0008070445037446916,0.0008090843176059842
2441,56.679909297052156,0.0011907668085768819,0.001193776484784863
2442,56.70312925170068,0.0009620235650800169,0.0009644550902237172
2443,56.726349206349205,0.0009300743113271892,0.0009324250843805641
2444,56.74956916099773,0.001171437674202025,0.001174398495810239
2445,56.77278911564626,0.001166533213108778,0.0011694816386376263
2446,56.79600907029479,0.0008314443985000253,0.0008335458833637286
2447,56.81922902494331,0.0008141132420860231,0.0008161709222612347
2448,56.842448979591836,0.0008310505654662848,0.0008331510549126628
2449,56.86566893424036,0.0006865517352707684,0.0006882870023342349
2450,56.888888888888886,0.0009242788655683398,0.0009266149905688051
2451,56.91210884353742,0.0008803428499959409,0.0008825679262337187
2452,56.93532879818594,0.0006007283227518201,0.0006022466701960248
2453,56.95854875283447,0.0007799870800226927,0.0007819585059478765
2454,56.98176870748299,0.0007895027520135045,0.0007914982289043245
2455,57.00498866213152,0.0006185678066685796,0.0006201312436046313
2456,57.02820861678005,0.0006392488139681518,0.0006408645223776592
2457,57.05142857142857,0.0005325943347997963,0.0005339404728399288
2458,57.0746485260771,0.0006185558158904314,0.0006201192225196594
2459,57.09786848072562,0.0005183483590371907,0.000519658490216867
2460,57.12108843537415,0.0006674958276562393,0.0006691829307035811
2461,57.14430839002267,0.0007502367370761931,0.0007521329686823043
2462,57.167528344671204,0.000719442090485245,0.000721260488283334
2463,57.19074829931973,0.0006498739239759743,0.0006515164874679105
2464,57.213968253968254,0.0006377628888003528,0.0006393748415176524
2465,57.23718820861678,0.0006066526984795928,0.0006081860198486219
2466,57.2604081632653,0.0006755457143299282,0.0006772531635543924
2467,57.283628117913835,0.0004427841049619019,0.00044390324665814106
2468,57.30684807256236,0.0008406363194808364,0.0008427610370259366
2469,57.330068027210885,0.0006690836744382977,0.0006707747907858488
2470,57.35328798185941,0.000735392386559397,0.0007372510989062782
2471,57.376507936507934,0.0007606717408634722,0.0007625943470564484
2472,57.39972789115646,0.0009969227248802781,0.0009994424580342897
2473,57.42294784580499,0.0009525700588710606,0.0009549776901738223
2474,57.446167800453516,0.0010905168019235134,0.0010932730951368548
2475,57.46938775510204,0.0010918201878666878,0.001094579775402339
2476,57.492607709750565,0.0009613426518626511,0.000963772455990704
2477,57.51582766439909,0.0008930025505833328,0.0008952596243536113
2478,57.53904761904762,0.0006989339599385858,0.0007007005232111136
2479,57.56226757369615,0.0007624029531143606,0.0007643299349653454
2480,57.58548752834467,0.0009609676199033856,0.0009633964761340358
2481,57.608707482993196,0.0010079946368932724,0.001010542354426696
2482,57.63192743764172,0.0007779161096550524,0.0007798823011798499
2483,57.655147392290246,0.0006197058828547597,0.0006212721962908916
2484,57.67836734693878,0.0006852150545455515,0.0006869469431337805
2485,57.7015873015873,0.000700530072208494,0.0007023006696723424
2486,57.72480725623583,0.0011407920392230153,0.0011436754036516956
2487,57.74802721088435,0.0009061601595021784,0.0009084504892737425
2488,57.77124716553288,0.0007988668512552977,0.0008008859960099632
2489,57.79446712018141,0.0008099369588308036,0.0008119840834041455
2490,57.817687074829934,0.0009103806223720312,0.000912681619409927
2491,57.84090702947846,0.0008204904152080417,0.0008225642137584727
2492,57.86412698412698,0.0008006711141206324,0.0008026948191695383
2493,57.88734693877551,0.0011962540447711945,0.0011992775900290203
2494,57.91056689342403,0.0009474120452068746,0.0009498066395733581
2495,57.933786848072565,0.0009290865855291486,0.0009314348620947032
2496,57.95700680272109,0.000912095420062542,0.0009144007512704646
2497,57.980226757369614,0.0006480879965238273,0.0006497260460644818
2498,58.00344671201814,0.0008821152150630951,0.0008843447709730775
2499,58.026666666666664,0.0008168637286871672,0.0008189283607475205
2500,58.049886621315196,0.0007697745459154248,0.0007717201595483072
2501,58.07310657596372,0.0008907371084205806,0.0008929884562608711
2502,58.096326530612245,0.0009432471124455333,0.0009456311798986452
2503,58.11954648526077,0.0006846298347227275,0.0006863602441614166
2504,58.142766439909295,0.0012494859984144568,0.0012526440880207062
2505,58.16598639455783,0.0012485015904530883,0.0012516571919573862
2506,58.18920634920635,0.0016640153480693698,0.001668221165166997
2507,58.212426303854876,0.0014519913820549846,0.0014556613062460923
2508,58.2356462585034,0.0013297444675117731,0.0013331054112815676
2509,58.258866213151926,0.001337606692686677,0.0013409875083170914
2510,58.28208616780045,0.0013610412133857608,0.001364481260025039
2511,58.30530612244898,0.0019376137061044574,0.0019425110460617996
2512,58.32852607709751,0.0017032022587954998,0.001707507121241072
2513,58.35174603174603,0.002182915573939681,0.0021884329170664763
2514,58.37496598639456,0.0020130909979343414,0.002018179107577089
2515,58.39818594104308,0.0016563668614253402,0.0016605533468888357
2516,58.42140589569161,0.0012952272081747651,0.0012985009091918704
2517,58.44462585034014,0.0012871472863480449,0.001290400565273848
2518,58.46784580498866,0.0016611821483820677,0.001665380804536318
2519,58.49106575963719,0.0013110553845763206,0.0013143690914834024
2520,58.51428571428571,0.0011161213042214513,0.001118942313096019
2521,58.53750566893424,0.0011044575367122889,0.0011072490652861671
2522,58.56072562358277,0.0011961663840338588,0.0011991897077282066
2523,58.583945578231294,0.001902265241369605,0.0019070732376934713
2524,58.60716553287982,0.001838579773902893,0.0018432268045071505
2525,58.63038548752834,0.0018141133477911353,0.0018186985392342468
2526,58.65360544217687,0.001317991758696735,0.001321322997365711
2527,58.6768253968254,0.0010219012619927526,0.001024484128674098
2528,58.700045351473925,0.000741782016120851,0.0007436568783267394
2529,58.72326530612245,0.0008680233731865883,0.0008702173118112073
2530,58.746485260770974,0.0010497120674699545,0.0010523652262680828
2531,58.7697052154195,0.0010514305904507637,0.001054088092834631
2532,58.792925170068024,0.0010443032952025533,0.0010469427832692753
2533,58.816145124716556,0.001107744057662785,0.0011105438929545199
2534,58.83936507936508,0.001049083424732089,0.0010517349946287818
2535,58.862585034013605,0.0012001682771369815,0.0012032017156601712
2536,58.88580498866213,0.0015256934566423297,0.0015295496636377334
2537,58.909024943310655,0.0024992735125124454,0.002505590453809151
2538,58.93224489795919,0.002809570636600256,0.002816671857291588
2539,58.95546485260771,0.002459780778735876,0.0024659979017135126
2540,58.978684807256236,0.0017183523159474134,0.0017226954703290988
2541,59.00190476190476,0.001353835454210639,0.0013572572882143334
2542,59.025124716553286,0.0015588797396048903,0.0015628198252955552
2543,59.04834467120181,0.001435696380212903,0.001439325118607598
2544,59.07156462585034,0.0013943698722869158,0.001397894157478206
2545,59.09478458049887,0.0014984514564275742,0.0015022388089677532
2546,59.11800453514739,0.001022768672555685,0.0010253537316267706
2547,59.14122448979592,0.000882376974914223,0.0008846071924251087
2548,59.16444444444444,0.0008448298322036862,0.0008469651488983251
2549,59.187664399092974,0.0009905436309054494,0.0009930472408292649
2550,59.2108843537415,0.0006927288486622274,0.0006944797284477435
2551,59.23410430839002,0.0010370616801083088,0.001039682864913217
2552,59.25732426303855,0.0011542504653334618,0.0011571678460821886
2553,59.28054421768707,0.0009254016913473606,0.0009277406543023343
2554,59.3037641723356,0.0010078520281240344,0.001010399385212225
2555,59.32698412698413,0.0010614076163619757,0.001064090335788588
2556,59.350204081632654,0.00127037416677922,0.0012735850514607966
2557,59.37342403628118,0.0012237461050972342,0.0012268391368399668
2558,59.396643990929704,0.0016986109549179673,0.0017029042127924812
2559,59.41986394557823,0.001524237566627562,0.0015280900938449376
2560,59.44308390022676,0.001740424195304513,0.00174482313660408
2561,59.466303854875285,0.0019007041119039059,0.0019055081624558738
2562,59.48952380952381,0.0022867154330015182,0.0022924951314139664
2563,59.512743764172335,0.0016800196608528495,0.001684265929027096
2564,59.53596371882086,0.0015175269218161702,0.001521362487804963
2565,59.559183673469384,0.001179852755740285,0.001182834846559659
2566,59.582403628117916,0.0010150606976822019,0.0010176262747620013
2567,59.60562358276644,0.001144115929491818,0.0011470076950897178
2568,59.628843537414966,0.0013679740950465202,0.0013714316646204626
2569,59.65206349206349,0.001980263041332364,0.001985268177953669
2570,59.675283446712015,0.0024948478676378727,0.0025011536230684726
2571,59.69850340136055,0.0019063303479924798,0.0019111486189180543
2572,59.72172335600907,0.0015525961061939597,0.001556520309932054
2573,59.7449433106576,0.0014852661406621337,0.0014890201671716675
2574,59.76816326530612,0.0011463409755378962,0.0011492383649641547
2575,59.791383219954646,0.0008871936588548124,0.0008894360505873449
2576,59.81460317460318,0.0010145826963707805,0.0010171470652970069
2577,59.8378231292517,0.001145439106039703,0.0011483342159808836
2578,59.86104308390023,0.0018296443158760667,0.0018342687620118649
2579,59.88426303854875,0.0037905063945800066,0.0038000869411906413
2580,59.90748299319728,0.005019878502935171,0.005032566301073663
2581,59.9307029478458,0.004390246234834194,0.0044013426304886465
2582,59.953922902494334,0.0025867668446153402,0.0025933049262714266
2583,59.97714285714286,0.002254534512758255,0.002260232873540775
