frame_index,seconds,value,normalized_value
0,0.0,0.0041724275797605515,0.0041803019775293725
1,0.023219954648526078,0.0020818968769162893,0.00208582592872345
2,0.046439909297052155,0.0015591367846354842,0.0015620792594858027
3,0.06965986394557823,0.0011294307187199593,0.0011315622324638208
4,0.09287981859410431,0.0009368741302751005,0.0009386422423441727
5,0.11609977324263039,0.0009668272687122226,0.000968651909725649
6,0.13931972789115646,0.0010251171188428998,0.0010270517671499316
7,0.16253968253968254,0.0011566205648705363,0.0011588033925461006
8,0.18575963718820862,0.0010758599964901805,0.0010778904090962664
9,0.2089795918367347,0.0006542046903632581,0.0006554393356280764
10,0.23219954648526078,0.0004748374631162733,0.00047573359827707333
11,0.25541950113378686,0.00038211900391615927,0.00038284015652440516
12,0.2786394557823129,0.0003825034655164927,0.00038322534369840286
13,0.301859410430839,0.00042049100738950074,0.0004212845774124913
14,0.3250793650793651,0.00035552107146941125,0.00035619202723279644
15,0.34829931972789113,0.0003174154262524098,0.00031801446728463664
16,0.37151927437641724,0.00031997181940823793,0.0003205756849835341
17,0.3947392290249433,0.0003645641845650971,0.000365252206908602
18,0.4179591836734694,0.0003435276448726654,0.00034417596608821757
19,0.44117913832199546,0.0003913724503945559,0.0003921110665337824
20,0.46439909297052157,0.0003165580565109849,0.00031715547947549214
21,0.4876190476190476,0.0002591967349871993,0.0002596859030201136
22,0.5108390022675737,0.00027322728419676423,0.00027374293132926246
23,0.5340589569160997,0.00028611961170099676,0.0002866595898285796
24,0.5572789115646258,0.00026511921896599233,0.0002656195641838276
25,0.5804988662131519,0.0004497261834330857,0.00045057492742868764
26,0.603718820861678,0.0003751683689188212,0.00037587640396812363
27,0.626938775510204,0.0004140649689361453,0.0004148464114429856
28,0.6501587301587302,0.00048381200758740306,0.0004847250799224521
29,0.6733786848072563,0.0005157382693141699,0.0005167115943628496
30,0.6965986394557823,0.0003580161719582975,0.00035869183659040406
31,0.7198185941043084,0.000524198345374316,0.0005251876366687312
32,0.7430385487528345,0.0003982535272371024,0.00039900512966191447
33,0.7662585034013606,0.0003396379470359534,0.0003402789274343478
34,0.7894784580498866,0.00044756472925655544,0.00044840939405614506
35,0.8126984126984127,0.0004215560620650649,0.00042235164210836155
36,0.8359183673469388,0.0004137917421758175,0.00041457266903651395
37,0.8591383219954648,0.0004368458758108318,0.00043767031149582477
38,0.8823582766439909,0.0004529405850917101,0.00045379539545437655
39,0.905578231292517,0.0005472953780554235,0.0005483282591351936
40,0.9287981859410431,0.00046784762525931,0.0004687305688757218
41,0.9520181405895691,0.00043626880506053567,0.0004370921516709931
42,0.9752380952380952,0.00041840970516204834,0.0004191993472554817
43,0.9984580498866213,0.0004401964833959937,0.00044102724250215776
44,1.0216780045351475,0.00043743380228988826,0.0004382593475368488
45,1.0448979591836736,0.000311455805785954,0.0003120435995475675
46,1.0681179138321995,0.0003647846169769764,0.00036547305533069576
47,1.0913378684807256,0.0003924488555639982,0.00039318950314470635
48,1.1145578231292517,0.00029322979389689863,0.00029378319068825673
49,1.1377777777777778,0.0003170885902363807,0.00031768701444860375
50,1.1609977324263039,0.0003925733035430312,0.00039331418598770513
51,1.18421768707483,0.0004342183528933674,0.0004350378297959242
52,1.207437641723356,0.00041906224214471877,0.00041985311573604204
53,1.230657596371882,0.00031852477695792913,0.0003191259116079728
54,1.253877551020408,0.00028026875224895775,0.00028079768836472997
55,1.2770975056689342,0.000307741662254557,0.00030832244651319467
56,1.3003174603174603,0.00040899019222706556,0.00040976205738124216
57,1.3235374149659864,0.0003112693957518786,0.0003118568377118782
58,1.3467573696145125,0.00038795851287432015,0.00038869068607320115
59,1.3699773242630386,0.00035000580828636885,0.00035066635539070056
60,1.3931972789115645,0.0004037625330965966,0.0004045245323713526
61,1.4164172335600906,0.0002978253469336778,0.0002983874166646826
62,1.4396371882086167,0.0003029095532838255,0.00030348121816354753
63,1.4628571428571429,0.00038771380786783993,0.00038844551924814645
64,1.486077097505669,0.00035965273855254054,0.0003603314917886053
65,1.509297052154195,0.0003213059389963746,0.00032191232238368967
66,1.5325170068027212,0.0003280333476141095,0.0003286524272772488
67,1.555736961451247,0.0003634345775935799,0.00036412046809070856
68,1.5789569160997732,0.00042976747499778867,0.00043057855199829797
69,1.6021768707482993,0.00038825839874334633,0.0003889911379006707
70,1.6253968253968254,0.0004035691963508725,0.0004043308307516049
71,1.6486167800453515,0.0004209633625578135,0.00042175782403126367
72,1.6718367346938776,0.0005299639306031168,0.0005309641029758956
73,1.6950566893424037,0.0005393776227720082,0.0005403955610988254
74,1.7182766439909296,0.0007578348740935326,0.0007592650950207078
75,1.7414965986394557,0.0005985337193123996,0.0005996632997529996
76,1.7647165532879818,0.0006853968952782452,0.0006866904079108228
77,1.787936507936508,0.0008152678492479026,0.0008168064603347073
78,1.811156462585034,0.0005785697139799595,0.0005796616174289182
79,1.8343764172335602,0.0005593820824287832,0.0005604377740945084
80,1.8575963718820863,0.0004683176230173558,0.00046920145363521374
81,1.8808163265306121,0.00044284603791311383,0.0004436817973807651
82,1.9040362811791383,0.0005643292097374797,0.0005653942378500328
83,1.9272562358276644,0.0005454679485410452,0.0005464973808115512
84,1.9504761904761905,0.0004713846428785473,0.0004722742617177441
85,1.9736961451247166,0.00039947617915458977,0.00040023008902449156
86,1.9969160997732427,0.0003000570577569306,0.00030062333927553174
87,2.020136054421769,0.00028744435985572636,0.00028798683810912675
88,2.043356009070295,0.0002445625723339617,0.0002450241221001614
89,2.066575963718821,0.0002470359031576663,0.00024750212070787125
90,2.089795918367347,0.0002691120025701821,0.00026961988315339
91,2.1130158730158732,0.00025283184368163347,0.000253308999598115
92,2.136235827664399,0.0002803288516588509,0.0002808579011970014
93,2.159455782312925,0.0002960756537504494,0.00029663442137977964
94,2.182675736961451,0.00034527541720308363,0.00034592703689518834
95,2.2058956916099772,0.00045369594590738416,0.0004545521818218206
96,2.2291156462585033,0.00037843227619305253,0.00037914647103870047
97,2.2523356009070294,0.00047472960432060063,0.0004756255359253069
98,2.2755555555555556,0.0006372083444148302,0.0006384109133916708
99,2.2987755102040817,0.0006051201489754021,0.0006062621596298408
100,2.3219954648526078,0.0005115423700772226,0.0005125077764313395
101,2.345215419501134,0.0005171476514078677,0.0005181236363074381
102,2.36843537414966,0.0003243560204282403,0.0003249681600699091
103,2.391655328798186,0.0003673933388199657,0.0003680867004738664
104,2.414875283446712,0.0003758127859327942,0.00037652203715560716
105,2.4380952380952383,0.0003535245778039098,0.0003541917656923673
106,2.461315192743764,0.0006697700009681284,0.000671034021805022
107,2.48453514739229,0.0005395262269303203,0.000540544445709759
108,2.507755102040816,0.0004900769563391805,0.0004910018521744652
109,2.5309750566893423,0.00035316305002197623,0.0003538295556185294
110,2.5541950113378684,0.0003645990800578147,0.00036528716825770296
111,2.5774149659863945,0.00041742215398699045,0.00041820993232829845
112,2.6006349206349206,0.000533479091245681,0.0005344858975917504
113,2.6238548752834467,0.00032956950599327683,0.0003301914847653599
114,2.647074829931973,0.00041738690924830735,0.00041817462107411894
115,2.670294784580499,0.0004449900006875396,0.0004458298063406224
116,2.693514739229025,0.0002754681627266109,0.0002759880389484242
117,2.716734693877551,0.0003621357900556177,0.00036281922942100217
118,2.7399546485260773,0.00020102497364860028,0.00020140435725052408
119,2.7631746031746034,0.00018786508007906377,0.00018821962772288384
120,2.786394557823129,0.00024060018768068403,0.00024105425945181335
121,2.809614512471655,0.00020389253040775657,0.00020427732579505342
122,2.8328344671201813,0.00019327896006871015,0.00019364372503654511
123,2.8560544217687074,0.00019401725148782134,0.00019438340979327384
124,2.8792743764172335,0.00019099969358649105,0.00019136015701749667
125,2.9024943310657596,0.00020817870972678065,0.00020857159418937512
126,2.9257142857142857,0.00018891967192757875,0.0001892762098457751
127,2.948934240362812,0.00017297799058724195,0.00017330444262915216
128,2.972154195011338,0.00022392328537534922,0.00022434588372727745
129,2.995374149659864,0.00019014152348972857,0.00019050036734254714
130,3.01859410430839,0.00025922409258782864,0.00025971331225126864
131,3.0418140589569163,0.00016919703921303153,0.00016951635566912366
132,3.0650340136054424,0.0001450048148399219,0.00014527847461438568
133,3.0882539682539685,0.00018176664889324456,0.0001821096872964595
134,3.111473922902494,0.0001655637752264738,0.00016587623481919745
135,3.1346938775510202,0.00015815897495485842,0.000158457459866986
136,3.1579138321995464,0.00016925852105487138,0.00016957795354233108
137,3.1811337868480725,0.00017404476238880306,0.00017437322769165873
138,3.2043537414965986,0.00025910310796462,0.00025959209930029905
139,3.2275736961451247,0.00019609977607615292,0.00019646986461805852
140,3.250793650793651,0.00023074302589520812,0.00023117849477598482
141,3.274013605442177,0.00039904547156766057,0.0003997985685863393
142,3.297233560090703,0.0002148461644537747,0.00021525163204444563
143,3.320453514739229,0.00024374027270823717,0.0002442002705926572
144,3.3436734693877552,0.00029345901566557586,0.00029401284505482794
145,3.3668934240362813,0.00028751580975949764,0.00028805842285645184
146,3.3901133786848074,0.0003076382854487747,0.0003082188746099365
147,3.4133333333333336,0.00024582332116551697,0.0002462872502750597
148,3.436553287981859,0.0002527969190850854,0.0002532740090902575
149,3.4597732426303853,0.00021373305935412645,0.00021413642624151482
150,3.4829931972789114,0.00021603562345262617,0.00021644333584517987
151,3.5062131519274375,0.00024241484061349183,0.00024287233708133118
152,3.5294331065759637,0.00021360540995374322,0.00021400853593529575
153,3.5526530612244898,0.00042289961129426956,0.0004236977269456386
154,3.575873015873016,0.00022240591351874173,0.0002228256482165181
155,3.599092970521542,0.00022726267343387008,0.00022769157403296127
156,3.622312925170068,0.00021908011694904417,0.00021949357505014213
157,3.645532879818594,0.0002499217807780951,0.0002503934446896475
158,3.6687528344671203,0.00027087522903457284,0.0002713864372600877
159,3.6919727891156464,0.0003013014793395996,0.00030187010938800666
160,3.7151927437641725,0.00036589486990123987,0.0003665854035754849
161,3.7384126984126986,0.0004367765795905143,0.0004376008844964842
162,3.7616326530612243,0.0003817691176664084,0.0003824896099531864
163,3.7848526077097504,0.00033141550375148654,0.0003320409663756798
164,3.8080725623582765,0.00031969527481123805,0.000320298618478816
165,3.8312925170068026,0.00026633686502464116,0.00026683950824027853
166,3.8545124716553287,0.00022701488342136145,0.0002274433163797125
167,3.877732426303855,0.00030980471638031304,0.0003103893941298488
168,3.900952380952381,0.0002472118940204382,0.00024767844370871634
169,3.924172335600907,0.00020242971368134022,0.0002028117483734431
170,3.947392290249433,0.00023052516917232424,0.00023096022690384556
171,3.9706122448979593,0.00023505219724029303,0.00023549579858797936
172,3.9938321995464854,0.00024105992633849382,0.00024151486574962218
173,4.017052154195011,0.0002952458744402975,0.00029580307607184254
174,4.040272108843538,0.00027617180603556335,0.0002766930102054827
175,4.063492063492063,0.00024513754760846496,0.00024560018249452167
176,4.08671201814059,0.00020755085279233754,0.00020794255233436737
177,4.1099319727891155,0.00019781226001214236,0.000198185580432715
178,4.133151927437642,0.0001788290246622637,0.0001791665190455411
179,4.156371882086168,0.0002492463681846857,0.00024971675742644045
180,4.179591836734694,0.00022403319599106908,0.0002244560017713806
181,4.20281179138322,0.0002595532569102943,0.0002600430977878253
182,4.2260317460317465,0.0003397593682166189,0.00034040057776666565
183,4.249251700680272,0.00027468992630019784,0.00027520833379833347
184,4.272471655328798,0.0003007969935424626,0.00030136467150200546
185,4.295691609977324,0.0003355807566549629,0.00033621408013654496
186,4.31891156462585,0.0003111256519332528,0.00031171282261328816
187,4.342131519274377,0.0003036347625311464,0.000304207796059208
188,4.365351473922902,0.00034069266985170543,0.00034133564077164355
189,4.388571428571429,0.0002619356964714825,0.0002624300335988361
190,4.4117913832199545,0.0002395509072812274,0.00024000299880199205
191,4.435011337868481,0.00024600105825811625,0.0002464653228012977
192,4.458231292517007,0.0002536966057959944,0.00025417539373142267
193,4.481451247165533,0.0003060092276427895,0.00030658674237092463
194,4.504671201814059,0.0003904447366949171,0.0003911816020100617
195,4.527891156462585,0.00034690406755544245,0.00034755876091160855
196,4.551111111111111,0.00033693271689116955,0.00033756859185446437
197,4.574331065759637,0.00025100584025494754,0.0002514795500535435
198,4.597551020408163,0.0002214850828750059,0.00022190307973872094
199,4.620770975056689,0.00022718844411429018,0.00022761720462438588
200,4.6439909297052155,0.0003043380565941334,0.00030491241741118793
201,4.667210884353741,0.00032998391543515027,0.00033060667629984533
202,4.690430839002268,0.00037714559584856033,0.00037785736241171804
203,4.713650793650793,0.00022884945792611688,0.00022928135317808738
204,4.73687074829932,0.00018886405450757593,0.0001892204874620121
205,4.760090702947846,0.0002380920050200075,0.00023854134323313743
206,4.783310657596372,0.0003580427437555045,0.0003587184585351323
207,4.806530612244898,0.0004910870338790119,0.0004920138359792165
208,4.829750566893424,0.0005179877043701708,0.0005189652746564365
209,4.85297052154195,0.0005409120349213481,0.0005419328690615436
210,4.876190476190477,0.0004691160866059363,0.00047000142412110526
211,4.899410430839002,0.000472882529720664,0.00047377497544099463
212,4.922630385487528,0.0006485186167992651,0.000649742531043801
213,4.9458503401360545,0.0006964406347833574,0.0006977549896704874
214,4.96907029478458,0.0007485933601856232,0.0007500061401015152
215,4.992290249433107,0.0005838407087139785,0.0005849425598273076
216,5.015510204081632,0.000388993852538988,0.000389727979678636
217,5.038730158730159,0.00036306955735199153,0.00036375475896608485
218,5.061950113378685,0.00041728626820258796,0.00041807379009397633
219,5.085170068027211,0.0003005843027494848,0.0003011515793091534
220,5.108390022675737,0.00028803347959183156,0.00028857706965916926
221,5.131609977324263,0.00027400266844779253,0.00027451977892121147
222,5.154829931972789,0.0002561655710451305,0.00025664901852565027
223,5.178049886621316,0.0002737301983870566,0.0002742467946424101
224,5.201269841269841,0.00026406662072986364,0.0002645649794357599
225,5.224489795918367,0.00045304925879463553,0.0004539042742513264
226,5.2477097505668935,0.0007441669586114585,0.0007455713848181458
227,5.270929705215419,0.0006374033400788903,0.0006386062770605417
228,5.294149659863946,0.0003887532220687717,0.000389486895079498
229,5.317369614512471,0.0002830697922036052,0.0002836040145711691
230,5.340589569160998,0.000260925356997177,0.00026141778736527585
231,5.363809523809524,0.0004348180373199284,0.00043563864597459355
232,5.38702947845805,0.00039056275272741914,0.00039129984076786343
233,5.410249433106576,0.0005004212725907564,0.0005013656906967706
234,5.433469387755102,0.00040591685683466494,0.00040668292184854087
235,5.456689342403628,0.00026154579245485365,0.00026203939373736394
236,5.479909297052155,0.00025222651311196387,0.00025270252662067534
237,5.50312925170068,0.0002781169896479696,0.00027864186485811784
238,5.526349206349207,0.0002611525706015527,0.0002616454297776453
239,5.5495691609977325,0.0002772690204437822,0.00027779229532733834
240,5.572789115646258,0.000508668483234942,0.000509628465857261
241,5.596009070294785,0.0007074706954881549,0.0007088058668145744
242,5.61922902494331,0.000681415549479425,0.0006827015483325838
243,5.642448979591837,0.00035536917857825756,0.00035603984768237297
244,5.6656689342403626,0.00024145022325683385,0.00024190589925430773
245,5.688888888888889,0.00019027304369956255,0.0001906321357633871
246,5.712108843537415,0.00018372871272731572,0.00018407545402789245
247,5.735328798185941,0.0001941032096510753,0.00019446953018073805
248,5.758548752834467,0.00015183382492978126,0.00015212037272705357
249,5.7817687074829935,0.00021776382345706224,0.00021817479738837217
250,5.804988662131519,0.000213247534702532,0.00021364998528540456
251,5.828208616780046,0.00027135518030263484,0.0002718672943143191
252,5.851428571428571,0.00021063046006020159,0.00021102797157910468
253,5.874648526077097,0.000172203712281771,0.00017252870306995195
254,5.897868480725624,0.0003069064987357706,0.00030748570683529627
255,5.921088435374149,0.0002973106747958809,0.00029787177321388957
256,5.944308390022676,0.00017586434842087328,0.00017619624773041143
257,5.9675283446712015,0.00014936531079001725,0.00014964719989355243
258,5.990748299319728,0.00019042461644858122,0.0001907839945674885
259,6.013968253968254,0.0002448679006192833,0.0002453300266151054
260,6.03718820861678,0.00024606927763670683,0.000246533670926646
261,6.060408163265306,0.0001594492932781577,0.00015975021333853697
262,6.0836281179138325,0.0001378475280944258,0.0001381076803072358
263,6.106848072562358,0.0001209010006277822,0.00012112917057235107
264,6.130068027210885,0.00016448502719867975,0.00016479545092837144
265,6.15328798185941,0.00018849469779524952,0.00018885043368266273
266,6.176507936507937,0.0003058071306440979,0.00030638426396545603
267,6.199727891156463,0.0002676225849427283,0.0002681276546282949
268,6.222947845804988,0.00025895913131535053,0.00025944785093165657
269,6.246167800453515,0.0002559680142439902,0.0002564510888862032
270,6.2693877551020405,0.0003023002645932138,0.0003028707795952173
271,6.292607709750567,0.0003002892481163144,0.00030085596783527085
272,6.315827664399093,0.0003700715606100857,0.0003707699767276734
273,6.339047619047619,0.0003627887926995754,0.00036347346444166726
274,6.362267573696145,0.00021308308350853622,0.00021348522373153066
275,6.3854875283446715,0.0002155403490178287,0.00021594712670562605
276,6.408707482993197,0.00021218613255769014,0.00021258658001348108
277,6.431927437641724,0.0003570825792849064,0.00035775648199786066
278,6.455147392290249,0.0002934437070507556,0.0002939975075488838
279,6.478367346938776,0.00028858103905804455,0.00028912566250486135
280,6.501587301587302,0.00027994083939120173,0.0002804691566547048
281,6.524807256235827,0.00022959733905736357,0.00023003064574509863
282,6.548027210884354,0.00024135736748576164,0.00024181286824154167
283,6.5712471655328795,0.00023752468405291438,0.00023797295159174928
284,6.594467120181406,0.00025069675757549703,0.00025116988405900486
285,6.617687074829932,0.0002793780295178294,0.0002799052846205816
286,6.640907029478458,0.0003086008073296398,0.00030918321300648857
287,6.664126984126984,0.00039794377516955137,0.0003986947930159752
288,6.6873469387755105,0.0007820032187737525,0.0007834790513156982
289,6.710566893424036,0.0009922857861965895,0.0009941584736984077
290,6.733786848072563,0.0008302591159008443,0.0008318260191975021
291,6.757006802721088,0.0005010644090361893,0.0005020100408989661
292,6.780226757369615,0.0004557576321531087,0.000456617758976917
293,6.8034467120181406,0.0004640381666831672,0.00046491392091365465
294,6.826666666666667,0.00043841730803251266,0.00043924470939687185
295,6.849886621315193,0.00040670429007150233,0.00040747184116570075
296,6.873106575963718,0.00023800319468136877,0.0002384523652875315
297,6.896326530612245,0.00019253746722824872,0.0001929008328165961
298,6.919546485260771,0.0002065602457150817,0.00020695007573774666
299,6.942766439909297,0.00023169103951659054,0.0002321282975323977
300,6.965986394557823,0.0002593409444671124,0.00025983038465880845
301,6.989206349206349,0.00027847621822729707,0.0002790017713901885
302,7.012426303854875,0.00032461198861710727,0.0003252246113337479
303,7.035646258503402,0.00023890195006970316,0.0002393528168484871
304,7.058866213151927,0.00020521471742540598,0.00020560200810502434
305,7.082086167800454,0.00018263398669660091,0.00018297866197972162
306,7.1053061224489795,0.0001841083139879629,0.00018445577168954664
307,7.128526077097506,0.0002460693649481982,0.0002465337584029156
308,7.151746031746032,0.0003075239947065711,0.000308104368172973
309,7.174965986394557,0.00013760941510554403,0.0001378691179405392
310,7.198185941043084,0.00010892751015489921,0.0001091330831760075
311,7.22140589569161,9.408804908161983e-05,9.426561638736646e-05
312,7.244625850340136,8.298834291053936e-05,8.314496233886036e-05
313,7.267845804988662,0.00010668457980500534,0.0001068859198645091
314,7.291065759637188,0.0001653515500947833,0.0001656636091664502
315,7.314285714285714,0.00026044604601338506,0.0002609375718036886
316,7.337505668934241,0.00017592732910998166,0.00017625934727958108
317,7.360725623582766,0.0002828961587511003,0.00028343005342960437
318,7.383945578231293,0.00019982601224910468,0.00020020313311577698
319,7.4071655328798185,0.00017801699868869036,0.00017835296057909825
320,7.430385487528345,0.00017505894356872886,0.00017538932288108325
321,7.453605442176871,0.00013390803360380232,0.00013416075102091264
322,7.476825396825397,0.00011000674567185342,0.00011021435547600571
323,7.500045351473923,0.00013376322749536484,0.0001340156716277086
324,7.523265306122449,0.0001292958331760019,0.00012953984623574144
325,7.546485260770975,0.00013467020471580327,0.00013492436053738895
326,7.569705215419501,0.00015500174777116627,0.00015529427421853546
327,7.592925170068027,0.0001773669064277783,0.00017770164143408792
328,7.616145124716553,0.00016388720541726798,0.0001641965009101211
329,7.63936507936508,0.0002038610546151176,0.00020424579059984688
330,7.662585034013605,0.0002502381685189903,0.0002507104295320797
331,7.685804988662132,0.0003003557212650776,0.00030092256643522627
332,7.7090249433106575,0.0002681368787307292,0.00026864291901525277
333,7.732244897959184,0.00018038951384369284,0.00018072995325412619
334,7.75546485260771,0.00014530216867569834,0.00014557638963003553
335,7.778684807256236,0.00012559497554320842,0.00012583200417373274
336,7.801904761904762,0.00011507693852763623,0.00011529411703359288
337,7.825124716553288,0.00011017531505785882,0.00011038324299393112
338,7.848344671201814,0.00010121667583007365,0.00010140769660900579
339,7.87156462585034,0.00012918277934659272,0.00012942657904593114
340,7.894784580498866,0.0001792401453712955,0.00017957841564053667
341,7.918004535147392,0.0001788501103874296,0.00017918764456466006
342,7.9412244897959186,0.00014792656293138862,0.0001482057367636072
343,7.964444444444444,0.000117565541586373,0.00011778741669880121
344,7.987664399092971,0.00018369888130109757,0.00018404556630243084
345,8.010884353741497,0.00016484099614899606,0.00016515209167970875
346,8.034104308390022,0.00022149263531900942,0.00022191064643604512
347,8.057324263038549,0.0001183533386210911,0.00011857670050041794
348,8.080544217687075,0.00010472916619619355,0.00010492681590894737
349,8.103764172335602,0.00011378651106497273,0.00011400125421670488
350,8.126984126984127,0.00023090267495717853,0.00023133844513502832
351,8.150204081632653,0.00013156075146980584,0.00013180903898781177
352,8.17342403628118,0.00021981167083140463,0.00022022650955473005
353,8.196643990929704,0.00015012681251391768,0.00015041013875862811
354,8.219863945578231,0.00013587965804617852,0.00013613609640387157
355,8.243083900226758,0.00010647364979377016,0.00010667459177642824
356,8.266303854875284,9.491104719927534e-05,9.509016770502786e-05
357,8.289523809523809,0.00010479544289410114,0.00010499321768729606
358,8.312743764172335,0.00011479882232379168,0.0001150154759560212
359,8.335963718820862,0.00017887582362163812,0.00017921340632607013
360,8.359183673469389,0.000160448340466246,0.00016075114597455657
361,8.382403628117913,0.00011659080337267369,0.00011681083891418823
362,8.40562358276644,0.00015088000509422272,0.00015116475279870937
363,8.428843537414966,0.0001509837165940553,0.0001512686600276678
364,8.452063492063493,0.00017019551887642592,0.0001705167197093906
365,8.475283446712018,0.00013527245027944446,0.00013552774268663455
366,8.498503401360544,0.00018573539273347706,0.00018608592113311328
367,8.52172335600907,0.0002211067039752379,0.00022152398674484176
368,8.544943310657596,0.00021715332695748657,0.00021756314873164524
369,8.568163265306122,0.000186340490472503,0.00018669216084050058
370,8.591383219954649,0.0002946977037936449,0.00029525387089226297
371,8.614603174603175,0.00015296044875867665,0.00015324912277240088
372,8.6378231292517,0.00014455479686148465,0.00014482760734126386
373,8.661043083900227,0.0001254756934940815,0.00012571249701002118
374,8.684263038548753,0.00014485626888927072,0.00014512964832096522
375,8.70748299319728,0.00015406429884023964,0.00015435505609074946
376,8.730702947845804,0.00017380826466251165,0.00017413628363595053
377,8.753922902494331,0.00020976127416361123,0.00021015714531480176
378,8.777142857142858,0.000229613870033063,0.00023004720791881784
379,8.800362811791382,0.00015323565457947552,0.0001535248479743178
380,8.823582766439909,0.00012115351273678243,0.00012138215923384975
381,8.846802721088435,0.00010630538599798456,0.00010650601042544657
382,8.870022675736962,0.00011328502296237275,0.00011349881968262809
383,8.893242630385487,0.00011758907203329727,0.00011781099155347019
384,8.916462585034013,0.00011409055150579661,0.0001143058684566716
385,8.93968253968254,0.00013813668920192868,0.00013839738713291742
386,8.962902494331066,0.00014035197091288865,0.00014061684962569533
387,8.986122448979591,0.0001414886792190373,0.0001417557031801865
388,9.009342403628118,0.00011590013309614733,0.00011611886517286098
389,9.032562358276644,0.00017800192290451378,0.00017833785634320645
390,9.05578231292517,0.00015832550707273185,0.00015862430627195306
391,9.079002267573696,0.00014801995712332428,0.0001482993072133694
392,9.102222222222222,0.00020128367759753019,0.00020166354943747833
393,9.125442176870749,9.9107543064747e-05,9.929458339104721e-05
394,9.148662131519274,0.000160859344759956,0.00016116292593452595
395,9.1718820861678,0.00020546920131891966,0.00020585697227227913
396,9.195102040816327,0.00021234391897451133,0.0002127446642121055
397,9.218321995464853,0.00018557447765488178,0.00018592470236816
398,9.241541950113378,0.000154481444042176,0.00015477298854835045
399,9.264761904761905,0.00014188082423061132,0.00014214858826591282
400,9.287981859410431,0.0001263682934222743,0.00012660678149396687
401,9.311201814058958,0.00017002649838104844,0.0001703473802307387
402,9.334421768707482,0.00013886536180507392,0.00013912743492060708
403,9.357641723356009,0.0001383474882459268,0.00013860858400659384
404,9.380861678004536,0.0002112334332196042,0.00021163208269726398
405,9.404081632653062,0.00010539778304519132,0.00010559669460250045
406,9.427301587301587,9.93857320281677e-05,9.957329736551027e-05
407,9.450521541950113,0.00011838388309115544,0.00011860730261541494
408,9.47374149659864,0.00010055481106974185,0.00010074458274697182
409,9.496961451247165,0.00010753327660495415,0.00010773621836420229
410,9.520181405895691,0.00012548748054541647,0.0001257243063064231
411,9.543401360544218,0.00012121195322833955,0.00012144071001699793
412,9.566621315192744,0.0001226916938321665,0.00012292324325554086
413,9.58984126984127,0.00015000917483121157,0.00015029227906466152
414,9.613061224489796,0.00011152864317409694,0.00011173912517340827
415,9.636281179138322,0.00011305468797218055,0.0001132680499936189
416,9.659501133786849,0.0001518932986073196,0.0001521799586460592
417,9.682721088435374,0.00013694698282051831,0.00013720543548275256
418,9.7059410430839,0.00013127013517078012,0.00013151787422430275
419,9.729160997732427,0.00015348530723713338,0.00015377497178798563
420,9.752380952380953,0.0001505517866462469,0.0001508359149217405
421,9.775600907029478,0.0001512909511802718,0.00015157647444116566
422,9.798820861678005,0.0001605427241884172,0.0001608457078220414
423,9.822040816326531,0.00013164021947886795,0.0001318886569725658
424,9.845260770975056,0.00017526018200442195,0.00017559094110323366
425,9.868480725623582,0.00013963035598862916,0.00013989387283646853
426,9.891700680272109,0.00017167818441521376,0.0001720021834029666
427,9.914920634920636,0.0001121868917834945,0.00011239861605994117
428,9.93814058956916,0.0001246938481926918,0.00012492917617411853
429,9.961360544217687,0.00013374583795666695,0.00013399824927067122
430,9.984580498866213,0.00011184655886609107,0.00011205764085055921
431,10.00780045351474,0.00013260339619591832,0.00013285365144114012
432,10.031020408163265,0.00020230031805112958,0.00020268210854183116
433,10.054240362811791,0.00038265978218987584,0.0003833819553798216
434,10.077460317460318,0.0003344382857903838,0.0003350694531482573
435,10.100680272108843,0.00021706723782699555,0.00021747689712977658
436,10.12390022675737,0.00017540776752866805,0.00017573880515768804
437,10.147120181405896,0.00016412281547673047,0.0001644325556237546
438,10.170340136054422,0.00013185135321691632,0.0001321001891719425
439,10.193560090702947,0.00018311970052309334,0.00018346529246774943
440,10.216780045351474,0.00011825031833723187,0.00011847348579192752
441,10.24,0.00016478147881571203,0.0001650924620225683
442,10.263219954648527,0.00016195153875742108,0.00016225718117087712
443,10.286439909297052,0.00019809589139185846,0.0001984697470946525
444,10.309659863945578,0.00020740230684168637,0.0002077937260409469
445,10.332879818594105,0.0002807159617077559,0.00028124574181784495
446,10.356099773242631,0.0001715237885946408,0.00017184749619948
447,10.379319727891156,0.0002358788624405861,0.00023632402390896579
448,10.402539682539683,0.00016141278319992125,0.00016171740884904075
449,10.425759637188209,0.00012241347576491535,0.00012264450012232126
450,10.448979591836734,0.00012812213390134275,0.00012836393190167789
451,10.47219954648526,0.00018472812371328473,0.0001850767511483689
452,10.495419501133787,0.00020277706789784133,0.00020315975813284224
453,10.518639455782314,0.0001053521191352047,0.0001055509445134768
454,10.541859410430838,0.00011834463657578453,0.00011856798203221011
455,10.565079365079365,0.00011789674317697063,0.00011811924334831627
456,10.588299319727891,0.00013507828407455236,0.00013533321004232526
457,10.611519274376418,0.0002152677916456014,0.000215674054950555
458,10.634739229024943,0.00015318729856517166,0.00015347640070031344
459,10.65795918367347,0.0001327146019320935,0.00013296506704990965
460,10.681179138321996,0.00013350941298995167,0.0001337613781118544
461,10.704399092970522,0.00016883124771993607,0.00016914987383745143
462,10.727619047619047,0.00012250534200575203,0.0001227365397373647
463,10.750839002267574,0.00011708703095791861,0.00011730800300301899
464,10.7740589569161,0.00010437519813422114,0.00010457217982212272
465,10.797278911564625,0.0001185521759907715,0.00011877591312515315
466,10.820498866213152,0.000106252875411883,0.00010645340073894503
467,10.843718820861678,0.00012123235501348972,0.00012146115030533801
468,10.866938775510205,0.00011328791151754558,0.00011350171368921547
469,10.89015873015873,0.00010623436537571251,0.00010643485576978056
470,10.913378684807256,0.00011426472337916493,0.0001144803690352325
471,10.936598639455783,0.00020743416098412126,0.0002078256402999886
472,10.95981859410431,0.0001481696090195328,0.00014844924153953868
473,10.983038548752834,0.00012070978118572384,0.00012093759025214226
474,11.00625850340136,0.00013854927965439856,0.00013881075624511867
475,11.029478458049887,0.00017854695033747703,0.0001788839123770789
476,11.052698412698414,0.0001466469548176974,0.00014692371371446587
477,11.075918367346938,0.0002784429816529155,0.0002789684720902108
478,11.099138321995465,0.0001385033392580226,0.0001387647291479078
479,11.122358276643991,0.00015990904648788273,0.00016021083421572407
480,11.145578231292516,0.00019547577539924532,0.00019584468629829337
481,11.168798185941043,0.00017426209524273872,0.00017459097070618014
482,11.19201814058957,0.0002838220971170813,0.00028435773926917566
483,11.215238095238096,0.00016424141358584166,0.00016455137755668728
484,11.23845804988662,0.00019159764633513987,0.00019195923825015144
485,11.261678004535147,0.0001411079429090023,0.00014137424832702693
486,11.284897959183674,0.00010855860455194488,0.00010876348135738466
487,11.3081179138322,0.00010963254317175597,0.00010983944676369114
488,11.331337868480725,0.00011122832074761391,0.00011143823596459053
489,11.354557823129252,0.00012043146853102371,0.00012065875235296387
490,11.377777777777778,0.00012361136032268405,0.0001238446453830761
491,11.400997732426303,0.00011416656343499199,0.00011438202383908558
492,11.42421768707483,0.0001406759984092787,0.00014094148864172133
493,11.447437641723356,0.00010420715261716396,0.00010440381716181517
494,11.470657596371883,0.00011653308320092037,0.00011675300981026462
495,11.493877551020407,0.00015410047490149736,0.0001543913004251385
496,11.517097505668934,0.00018716936756391078,0.00018752260222698467
497,11.54031746031746,0.00013912840222474188,0.00013939097176228696
498,11.563537414965987,0.00015342274855356663,0.00015371229504078593
499,11.586757369614512,0.0001541422971058637,0.00015443320155829782
500,11.609977324263038,0.0001697879924904555,0.0001701084242208287
501,11.633197278911565,0.0002553614031057805,0.00025584333292347536
502,11.656417233560092,0.00019477518799249083,0.00019514277671067243
503,11.679637188208616,0.00023018865613266826,0.00023062307878126052
504,11.702857142857143,0.00021999642194714397,0.0002204116093412961
505,11.72607709750567,0.00020808483532164246,0.0002084775426201299
506,11.749297052154194,0.0001843647041823715,0.00018471264575535532
507,11.77251700680272,0.00019954775052610785,0.00019992434624442254
508,11.795736961451247,0.0002185374469263479,0.00021894988087555007
509,11.818956916099774,0.00025289805489592254,0.0002533753357692615
510,11.842176870748299,0.00034397904528304935,0.0003446282184022754
511,11.865396825396825,0.0003467252245172858,0.00034737958035262174
512,11.888616780045352,0.00024142164329532534,0.0002418772653553777
513,11.911836734693878,0.0001805931533453986,0.0001809339770736918
514,11.935056689342403,0.0001936469052452594,0.0001940123646162019
515,11.95827664399093,0.0001697235566098243,0.00017004386673383164
516,11.981496598639456,0.00022711942438036203,0.00022754805463323253
517,12.004716553287983,0.00022319589334074408,0.0002236171189248759
518,12.027936507936507,0.00021206903329584748,0.00021246925975651061
519,12.051156462585034,0.00020471669267863035,0.00020510304346297675
520,12.07437641723356,0.00021451168868225068,0.00021491652503481895
521,12.097596371882085,0.00025056488811969757,0.00025103776573308633
522,12.120816326530612,0.0001979247754206881,0.00019829830818552914
523,12.144036281179138,0.00020861742086708546,0.0002090111332855781
524,12.167256235827665,0.00018263501988258213,0.00018297969711557907
525,12.19047619047619,0.0001495561155024916,0.00014983836470148043
526,12.213696145124716,0.00024111637321766466,0.00024157141915794682
527,12.236916099773243,0.0003204098320566118,0.00032101452426957995
528,12.26013605442177,0.00029577958048321307,0.0002963377893494179
529,12.283356009070294,0.00032744923373684287,0.0003280672110333326
530,12.30657596371882,0.0003001648001372814,0.00030073128499227207
531,12.329795918367347,0.0001965427800314501,0.0001969137046308523
532,12.353015873015874,0.00017347185348626226,0.0001737992375690134
533,12.376235827664399,0.0003684182884171605,0.00036911358440321366
534,12.399455782312925,0.0002032458141911775,0.00020362938906580264
535,12.422675736961452,0.0001379186869598925,0.0001381789734669954
536,12.445895691609977,0.00016296394460368901,0.0001632714976761522
537,12.469115646258503,0.00015415814414154738,0.00015444907850123817
538,12.49233560090703,0.00027718310593627393,0.000277706218678009
539,12.515555555555556,0.00016215848154388368,0.00016246451450931094
540,12.538775510204081,0.00016527471598237753,0.00016558663004916376
541,12.561995464852608,0.00016227377636823803,0.00016258002692337543
542,12.585215419501134,0.00023223100288305432,0.0002326692799426308
543,12.60843537414966,0.00021659860794898123,0.00021700738283184236
544,12.631655328798185,0.00019958519260399044,0.00019996185898472142
545,12.654875283446712,0.00015070308290887624,0.00015098749671765472
546,12.678095238095239,0.00010600502719171345,0.00010620508476818315
547,12.701315192743763,0.000110971974208951,0.00011118140563691667
548,12.72453514739229,0.00010357308201491833,0.00010376854991228444
549,12.747755102040816,0.00013717460387852043,0.00013743348611771364
550,12.770975056689343,0.00015802757116034627,0.00015832580808117225
551,12.794195011337868,0.00015908601926639676,0.00015938625373930612
552,12.817414965986394,0.0001553645997773856,0.00015565781101579634
553,12.84063492063492,0.00023490532475989312,0.0002353486489230604
554,12.863854875283447,0.0002191832900280133,0.00021959694284210443
555,12.887074829931972,0.0001936112967086956,0.00019397668887756553
556,12.910294784580499,0.00015938383876346052,0.00015968463529506075
557,12.933514739229025,0.00013715506065636873,0.00013741390601269173
558,12.956734693877552,0.00015116242866497487,0.00015144770937225015
559,12.979954648526077,0.0001648495817789808,0.00016516069351289037
560,13.003174603174603,0.00016596926434431225,0.000166282489194801
561,13.02639455782313,0.00014070482575334609,0.00014097037039008202
562,13.049614512471654,0.00013328598288353533,0.0001335375263378362
563,13.072834467120181,0.00018430865020491183,0.0001846564859902441
564,13.096054421768708,0.0002442237746436149,0.0002446846850151874
565,13.119274376417234,0.0001483546948293224,0.000148634676651805
566,13.142494331065759,0.0001473383599659428,0.00014761642371439594
567,13.165714285714285,0.00018253966118209064,0.0001828841584497499
568,13.188934240362812,0.00013789581134915352,0.00013815605468434877
569,13.212154195011339,0.00013686357124242932,0.00013712186648648627
570,13.235374149659863,0.00013469236728269607,0.00013494656493050016
571,13.25859410430839,0.00015248899580910802,0.00015277678007508152
572,13.281814058956916,0.00014414826000574976,0.00014442030325042456
573,13.305034013605443,0.00017259767628274858,0.00017292341057796254
574,13.328253968253968,0.00020408944692462683,0.0002044746139418565
575,13.351473922902494,0.0002256228035548702,0.0002260486093158918
576,13.374693877551021,0.00017804437084123492,0.00017838038438963157
577,13.397913832199546,0.00014371243014466017,0.00014398365087111984
578,13.421133786848072,0.00014216310228221118,0.00014243139904567088
579,13.444353741496599,0.0002633778494782746,0.0002638749083032974
580,13.467573696145125,0.0002358751808060333,0.00023632033532626249
581,13.49079365079365,0.0001444662339054048,0.0001447388772450886
582,13.514013605442177,0.0001804184284992516,0.00018075892247875652
583,13.537233560090703,0.00016918213805183768,0.00016950142638577113
584,13.56045351473923,0.00013136863708496094,0.0001316165620358391
585,13.583673469387755,0.00017743813805282116,0.0001777730074907389
586,13.606893424036281,0.00017786929674912244,0.0001782049798896177
587,13.630113378684808,0.00023381355276796967,0.0002342548164886792
588,13.653333333333334,0.00013684557052329183,0.0001371038317955614
589,13.676553287981859,0.00015109263767953962,0.00015137778667404832
590,13.699773242630386,0.0001198991303681396,0.00012012540953694631
591,13.722993197278912,0.00015882514708209783,0.00015912488922498907
592,13.746213151927437,0.0001770641392795369,0.00017739830288972017
593,13.769433106575963,0.0001628292811801657,0.0001631365801096051
594,13.79265306122449,0.0001344033662462607,0.00013465701847797956
595,13.815873015873017,0.0001234688243130222,0.00012370184037288276
596,13.839092970521541,0.00015267061826307327,0.00015295874529531867
597,13.862312925170068,0.00017967580060940236,0.00018001489306730212
598,13.885532879818594,0.00021455460228025913,0.00021495951962134882
599,13.908752834467121,0.000167445425176993,0.00016776143590628857
600,13.931972789115646,0.00014024300617165864,0.00014050767924118
601,13.955192743764172,0.00016477867029607296,0.00016508964820256141
602,13.978412698412699,0.00018449209164828062,0.00018484027363276545
603,14.001632653061224,0.0001905972312670201,0.00019095693515257408
604,14.02485260770975,0.00017009535804390907,0.00017041636984873102
605,14.048072562358277,0.000198474750504829,0.00019884932120801474
606,14.071292517006803,0.00018036793335340917,0.0001807083320361459
607,14.094512471655328,0.00015118422743398696,0.00015146954928090453
608,14.117732426303855,0.00014261870819609612,0.00014288786480004992
609,14.140952380952381,0.00015014983364380896,0.0001504332033350575
610,14.164172335600908,0.0001516259799245745,0.00015191213546716676
611,14.187392290249432,0.00021760731760878116,0.00021801799617503586
612,14.210612244897959,0.000212601269595325,0.00021300250051688025
613,14.233832199546486,0.0003810781636275351,0.0003817973519139828
614,14.257052154195012,0.0003572423884179443,0.0003579165927300652
615,14.280272108843537,0.00024952320381999016,0.00024999411551872405
616,14.303492063492063,0.00021949027723167092,0.00021990450940617164
617,14.32671201814059,0.0003342909039929509,0.0003349217932050988
618,14.349931972789115,0.00023375912860501558,0.00023420028961393464
619,14.373151927437641,0.00022941270435694605,0.0002298456625935588
620,14.396371882086168,0.00018651119899004698,0.00018686319152703227
621,14.419591836734694,0.00015881145372986794,0.00015911117003003327
622,14.44281179138322,0.00015118451847229153,0.00015146984086847
623,14.466031746031746,0.00016560005315113813,0.0001659125812092344
624,14.489251700680272,0.00017496623331680894,0.00017529643766209992
625,14.512471655328799,0.0001535077317385003,0.00015379743860990578
626,14.535691609977324,0.00014475645730271935,0.00014502964836538422
627,14.55891156462585,0.00013097419287078083,0.00013122137340834547
628,14.582131519274377,0.00014237999857869,0.00014264870467884408
629,14.605351473922903,0.00012724129192065448,0.00012748142755537756
630,14.628571428571428,0.0001283886522287503,0.00012863095321476525
631,14.651791383219955,0.00015628217079211026,0.00015657711371286012
632,14.675011337868481,0.00013456671149469912,0.00013482067199910462
633,14.698231292517006,0.00011563573207240552,0.00011585396515931249
634,14.721451247165533,0.0001239908451680094,0.0001242248464097041
635,14.744671201814059,0.00014492846094071865,0.00014520197661658228
636,14.767891156462586,0.00013820015010423958,0.0001384609678015701
637,14.79111111111111,0.00018735145567916334,0.00018770503398732658
638,14.814331065759637,0.00021169653336983174,0.0002120960568314541
639,14.837551020408164,0.00015478659770451486,0.00015507871811075514
640,14.86077097505669,0.00023684940242674202,0.00023729639554294674
641,14.883990929705215,0.00027451192727312446,0.00027502999884328655
642,14.907210884353741,0.0002036419464275241,0.00020402626890117604
643,14.930430839002268,0.00021935270342510194,0.00021976667596396973
644,14.953650793650795,0.00022294076916296035,0.00022336151326497703
645,14.97687074829932,0.0002578218118287623,0.0002583083850432779
646,15.000090702947846,0.0001590087777003646,0.00015930886639942802
647,15.023310657596372,0.00020571272762026638,0.00020610095816769365
648,15.046530612244897,0.00016425634385086596,0.00016456633599879635
649,15.069750566893424,0.00012684582907240838,0.00012708521837140476
650,15.09297052154195,0.00016672888887114823,0.00016704354732007936
651,15.116190476190477,0.0001774043048499152,0.00017773911043625197
652,15.139410430839002,0.00018184287182521075,0.00018218605407985844
653,15.162630385487528,0.00026270950911566615,0.00026320530661793154
654,15.185850340136055,0.00025985727552324533,0.0002603476901587247
655,15.209070294784581,0.00026538583915680647,0.0002658866875525629
656,15.232290249433106,0.00015675438044127077,0.00015705021453784975
657,15.255510204081633,0.00026940263342112303,0.00026991106249627726
658,15.27873015873016,0.0002007262228289619,0.00020110504261455995
659,15.301950113378684,0.0002156475093215704,0.0002160544892472354
660,15.32517006802721,0.00025206065038219094,0.0002525363508671089
661,15.348390022675737,0.00014623708557337523,0.00014651307094600187
662,15.371609977324264,0.00013041094643995166,0.00013065706399287405
663,15.394829931972788,0.00016531279834453017,0.0001656247842821067
664,15.418049886621315,0.00015160352631937712,0.00015188963948649007
665,15.441269841269841,0.00014061530237086117,0.0001408806780549407
666,15.464489795918368,0.00018384814029559493,0.00018419510698538673
667,15.487709750566893,0.0002733774308580905,0.00027389336135429305
668,15.51092970521542,0.00023321420303545892,0.0002336543356357101
669,15.534149659863946,0.00019720919954124838,0.00019758138183828604
670,15.557369614512472,0.00016728842456359416,0.00016760413899409094
671,15.580589569160997,0.00016768537170719355,0.00016800183527464769
672,15.603809523809524,0.00013681063137482852,0.00013706882670832567
673,15.62702947845805,0.00015050954243633896,0.00015079359098661122
674,15.650249433106575,0.00012071879609720781,0.00012094662217698298
675,15.673469387755102,0.00010562838724581525,0.0001058277340100077
676,15.696689342403628,0.0001209054680657573,0.00012113364644148118
677,15.719909297052155,0.00017290710820816457,0.00017323342647757975
678,15.74312925170068,0.00017350356210954487,0.00017383100603427233
679,15.766349206349206,0.00015015900135040283,0.00015044238834337008
680,15.789569160997733,0.00015812598576303571,0.00015842440841643896
681,15.81278911564626,0.00020647910423576832,0.00020686878112449112
682,15.836009070294784,0.00010037419997388497,0.00010056363079352472
683,15.85922902494331,0.00010946156544378027,0.00010966814635866139
684,15.882448979591837,0.00019549053104128689,0.00019585946978786315
685,15.905668934240364,0.000274613790679723,0.00027513205449120417
686,15.928888888888888,0.00018555429414846003,0.000185904480770494
687,15.952108843537415,0.00020330135885160416,0.0002036850385526743
688,15.975328798185942,0.00025875840219669044,0.00025924674298774574
689,15.998548752834466,0.0001419454929418862,0.00014221337902296227
690,16.021768707482995,0.00017099149408750236,0.00017131419712159725
691,16.04498866213152,0.00016072099970187992,0.00016102431978527553
692,16.068208616780044,0.0002225181378889829,0.00022293808438176676
693,16.091428571428573,0.00021076858683954924,0.00021116635903768098
694,16.114648526077097,0.00014198290591593832,0.00014225086260450458
695,16.137868480725622,0.00012623988732229918,0.00012647813306007757
696,16.16108843537415,0.00012042879097862169,0.00012065606974736147
697,16.184308390022675,0.00016693418729119003,0.00016724923318876822
698,16.207528344671204,0.00011480425746412948,0.00011502092135380652
699,16.23074829931973,0.00012600644549820572,0.0001262442506738069
700,16.253968253968253,0.00012983125634491444,0.00013007627987995305
701,16.27718820861678,0.00010138846846530214,0.00010157981345921889
702,16.300408163265306,0.00016083453374449164,0.00016113806809456887
703,16.32362811791383,0.00017842405941337347,0.0001787607895275554
704,16.34684807256236,0.00014575032400898635,0.0001460253907427383
705,16.370068027210884,0.00013240097905509174,0.00013265085228934953
706,16.39328798185941,0.00015260664804372936,0.0001528946543484264
707,16.416507936507937,0.0002204802440246567,0.0002208963445101483
708,16.439727891156462,0.00015029699716251343,0.00015058064458754194
709,16.46294784580499,9.792875789571553e-05,9.811357356427693e-05
710,16.486167800453515,0.00010669745824998245,0.00010689882261428155
711,16.50938775510204,0.00010744488099589944,0.0001076476559308772
712,16.532607709750568,0.00011285534128546715,0.00011306832709064409
713,16.555827664399093,0.00010829255188582465,0.00010849692658440207
714,16.579047619047618,0.00021584550268016756,0.00021625285626803074
715,16.602267573696146,9.208024857798591e-05,9.22540266700185e-05
716,16.62548752834467,9.440242138225585e-05,9.458058198590769e-05
717,16.648707482993196,9.975828288588673e-05,9.994655131839074e-05
718,16.671927437641724,0.00012197029718663543,0.00012220048515698817
719,16.69514739229025,0.0001241744903381914,0.00012440883816352131
720,16.718367346938777,0.00013232485798653215,0.0001325745875615985
721,16.741587301587302,0.0001329116930719465,0.00013316253014925198
722,16.764807256235827,0.00015101779717952013,0.00015130280493158538
723,16.788027210884355,0.00011801221262430772,0.00011823493071492004
724,16.81124716553288,0.00011394489411031827,0.00011415993616983853
725,16.834467120181404,0.00021177188318688422,0.0002121715488521566
726,16.857687074829933,0.0002170481748180464,0.0002174577981442377
727,16.880907029478458,0.00010118815407622606,0.00010137912102758885
728,16.904126984126986,0.0001483637315686792,0.00014864373044571314
729,16.92734693877551,0.00011934258509427309,0.00011956781392517004
730,16.950566893424035,0.00010618813394103199,0.00010638853708500424
731,16.973786848072564,0.0001292164233746007,0.0001294602865685005
732,16.99700680272109,0.00012610448175109923,0.00012634247194523847
733,17.020226757369613,0.00019682366109918803,0.00019719511579029608
734,17.04344671201814,0.00013344835315365344,0.00013370020304061692
735,17.066666666666666,0.00020449473231565207,0.00020488066420616422
736,17.08988662131519,0.000285768648609519,0.00028630796438336854
737,17.11310657596372,0.0001549774460727349,0.00015526992665681796
738,17.136326530612244,0.0001994463091250509,0.00019982271339847487
739,17.159546485260773,0.00018243097292724997,0.00018277526507342177
740,17.182766439909297,0.00016954814782366157,0.00016986812690811747
741,17.205986394557822,0.000181505354703404,0.00018184789998017248
742,17.22920634920635,0.0001841311459429562,0.00018447864673405847
743,17.252426303854875,0.0001438359176972881,0.00014410737147515254
744,17.2756462585034,0.00012571421393658966,0.00012595146759930947
745,17.29886621315193,0.00015121715841814876,0.00015150254241393847
746,17.322086167800453,0.00013258906255941838,0.0001328392907535403
747,17.345306122448978,0.0001479639468016103,0.00014824319118639297
748,17.368526077097506,0.0002259071043226868,0.00022633344662922994
749,17.39174603174603,0.00011004639236489311,0.00011025407699211308
750,17.41496598639456,0.00011752509453799576,0.00011774689331688878
751,17.438185941043084,8.655294368509203e-05,8.671629039240094e-05
752,17.46140589569161,0.00010465092054801062,0.00010484842259196835
753,17.484625850340137,0.00012338526721578091,0.00012361812558283377
754,17.507845804988662,0.00017303531058132648,0.00017336187080017323
755,17.531065759637187,0.000139806536026299,0.00014007038536923121
756,17.554285714285715,0.0001244547456735745,0.00012468962240969929
757,17.57750566893424,0.00013857308658771217,0.00013883460810797484
758,17.600725623582765,0.00012710543524008244,0.000127345314479812
759,17.623945578231293,0.00012699289072770625,0.00012723255756824127
760,17.647165532879818,0.0001281622244277969,0.0001284040980888226
761,17.670385487528346,0.00016100716311484575,0.00016131102325903272
762,17.69360544217687,0.00026081755640916526,0.0002613097833310225
763,17.716825396825396,0.00015705000259913504,0.000157346394607485
764,17.740045351473924,0.00017618239508010447,0.00017651489462196685
765,17.76326530612245,0.0002400753874098882,0.00024052846875374169
766,17.786485260770974,0.0002153244276996702,0.0002157307978907972
767,17.809705215419502,0.0001838552561821416,0.00018420223630136268
768,17.832925170068027,0.0002252750564366579,0.00022570020591327928
769,17.856145124716555,0.0001950199657585472,0.0001953880164326185
770,17.87936507936508,0.00017128916806541383,0.00017161243288356913
771,17.902585034013605,0.000198429508600384,0.00019880399392096102
772,17.925804988662133,0.00032809062395244837,0.0003287098117101351
773,17.949024943310658,0.0002124952443409711,0.00021289627516677626
774,17.972244897959182,0.0001357782311970368,0.00013603447813730215
775,17.99546485260771,0.00015334966883528978,0.00015363907740309417
776,18.018684807256236,0.0002117611002177,0.0002121607455328556
777,18.04190476190476,0.00020957679953426123,0.00020997232253642295
778,18.06512471655329,0.0003273757465649396,0.0003279935851730491
779,18.088344671201813,0.00019797944696620107,0.00019835308290970437
780,18.11156462585034,0.00024931810912676156,0.00024978863376133104
781,18.134784580498867,0.00023590822820551693,0.0002363534450943226
782,18.15800453514739,0.00030253297882154584,0.0003031039330125743
783,18.18122448979592,0.00020693408441729844,0.00020732461996560438
784,18.204444444444444,0.00014177945558913052,0.00014204702831685653
785,18.22766439909297,0.0002272431884193793,0.00022767205224545246
786,18.250884353741498,0.00012763551785610616,0.00012787639749219708
787,18.274104308390022,0.00010789955558720976,0.00010810318860504669
788,18.297324263038547,0.00012868303747382015,0.0001289258940372472
789,18.320544217687075,0.00013388039951678365,0.00013413306478157042
790,18.3437641723356,0.00016245480219367892,0.00016276139438910333
791,18.36698412698413,0.00016617588698863983,0.0001664895017869128
792,18.390204081632653,0.00018621540220919997,0.00018656683650485775
793,18.413424036281178,9.973765554605052e-05,9.992588504968742e-05
794,18.436643990929706,0.0001789810776244849,0.00017931885896912557
795,18.45986394557823,0.00015113029803615063,0.00015141551810502127
796,18.483083900226756,0.00012335185601841658,0.0001235846513303168
797,18.506303854875284,0.00013904683873988688,0.00013930925434706148
798,18.52952380952381,0.00017180740542244166,0.00017213164828203925
799,18.552743764172334,0.00017394452879671007,0.00017427280493410776
800,18.575963718820862,0.00022604266996495426,0.00022646926811723003
801,18.599183673469387,0.00016127746494021267,0.0001615818352104713
802,18.622403628117915,0.00013017353194300085,0.0001304192014363346
803,18.64562358276644,0.00015934919065330178,0.00015964992179539047
804,18.668843537414965,0.00015263890963979065,0.00015292697683005972
805,18.692063492063493,0.00013998744543641806,0.00014025163619993294
806,18.715283446712018,0.0001386331714456901,0.00013889480636086797
807,18.738503401360543,0.00013100661453790963,0.00013125385626313983
808,18.76172335600907,0.00016458310710731894,0.00016489371593793784
809,18.784943310657596,0.0001692308869678527,0.00016955026730298885
810,18.808163265306124,0.00015627543325535953,0.00015657036346071929
811,18.83138321995465,0.0001692059449851513,0.0001695252782486273
812,18.854603174603174,0.00018185804947279394,0.00018220126037139816
813,18.877823129251702,0.00014927455049473792,0.0001495562683112578
814,18.901043083900227,0.00013816986756864935,0.00013843062811538201
815,18.92426303854875,0.0001160841784439981,0.00011630325785958073
816,18.94748299319728,0.0001059357964550145,0.00010613572337604484
817,18.970702947845805,0.00012978396262042224,0.00013002889690056274
818,18.99392290249433,0.00020678203145507723,0.0002071722800420199
819,19.017142857142858,0.00010355871199863032,0.00010375415277623892
820,19.040362811791383,0.00011534792429301888,0.00011556561421581034
821,19.06358276643991,0.00015559297753497958,0.00015588661977842768
822,19.086802721088436,0.00017697563453111798,0.000177309631111058
823,19.11002267573696,0.00019434373825788498,0.00019471051272422816
824,19.13324263038549,0.00012870646605733782,0.00012894936683626826
825,19.156462585034014,8.655379497213289e-05,8.671714328602996e-05
826,19.17968253968254,8.034017082536593e-05,8.049179250118906e-05
827,19.202902494331067,0.0001501297956565395,0.00015041312753117427
828,19.22612244897959,0.000138391915243119,0.0001386530948484642
829,19.249342403628116,0.0001398753811372444,0.00014013936040784526
830,19.272562358276645,0.0001667080505285412,0.00016702266965039106
831,19.29578231292517,0.00014460654347203672,0.000144879451610406
832,19.319002267573698,0.00011916033690795302,0.00011938522179166711
833,19.342222222222222,0.00015569593233522028,0.00015598976887971588
834,19.365442176870747,0.00010735583055065945,0.00010755843742552977
835,19.388662131519276,0.00010756482515716925,0.0001077678264563002
836,19.4118820861678,0.0001442603097530082,0.00014453256446313395
837,19.435102040816325,0.00013777609274256974,0.000138036110139289
838,19.458321995464853,0.00015156125300563872,0.00015184728639260425
839,19.481541950113378,0.0001285405014641583,0.0001287830890270539
840,19.504761904761907,8.939247345551848e-05,8.956117905437466e-05
841,19.52798185941043,9.618787589715794e-05,9.636940609291885e-05
842,19.551201814058956,0.00014620482397731394,0.00014648074846436852
843,19.574421768707484,0.00018849097250495106,0.0001888467013618246
844,19.59764172335601,0.00013428038801066577,0.00013453380815218641
845,19.620861678004534,9.697376663098112e-05,9.715677999598169e-05
846,19.644081632653062,9.32642215047963e-05,9.344023404514345e-05
847,19.667301587301587,9.543166379444301e-05,9.561176683184575e-05
848,19.690521541950112,0.00012352611520327628,0.00012375923938514732
849,19.71374149659864,0.00017054560885298997,0.00017086747039190523
850,19.736961451247165,0.0002449318126309663,0.00024539405924448455
851,19.760181405895693,0.00013888634566683322,0.00013914845838407813
852,19.783401360544218,0.000239434652030468,0.00023988652414896148
853,19.806621315192743,0.00012375977530609816,0.0001239933404620921
854,19.82984126984127,0.0002652782422956079,0.00026577888762960533
855,19.853061224489796,0.00012470278306864202,0.00012493812791237872
856,19.87628117913832,0.00013159650552552193,0.00013184486052023086
857,19.89950113378685,0.00011322944919811562,0.00011344314103699989
858,19.922721088435374,0.00014362916408572346,0.0001439002276686363
859,19.9459410430839,0.00012628865079022944,0.00012652698855667357
860,19.969160997732427,0.00010694833326851949,0.00010715017109572441
861,19.99238095238095,0.00013145316916052252,0.00013170125364423248
862,20.01560090702948,0.0001455762394471094,0.00014585097764044705
863,20.038820861678005,0.0002673202252481133,0.0002678247243065188
864,20.06204081632653,0.00025272960192523897,0.00025320656488636226
865,20.085260770975058,0.0002504239964764565,0.000250896608192638
866,20.108480725623583,0.00013947814295534045,0.00013974137253972303
867,20.131700680272107,0.0002688821987248957,0.0002693896456116878
868,20.154920634920636,0.0001715982798486948,0.00017192212803686434
869,20.17814058956916,0.0001934027677634731,0.00019376776638689987
870,20.201360544217685,0.00014045315037947148,0.0001407182200428341
871,20.224580498866214,0.0002768017875496298,0.00027732418064971845
872,20.24780045351474,0.0003005611361004412,0.0003011283689389413
873,20.271020408163267,0.00014612126688007265,0.0001463970336743195
874,20.29424036281179,0.00022271362831816077,0.000223133943749499
875,20.317460317460316,0.00013844517525285482,0.00013870645537294684
876,20.340680272108845,0.00016567931743338704,0.0001659919950826926
877,20.36390022675737,0.0001297863491345197,0.00013003128791859968
878,20.387120181405894,0.00015168274694588035,0.00015196900962181345
879,20.410340136054423,0.00019322644220665097,0.00019359110806035443
880,20.433560090702947,0.00022596900817006826,0.0002263954673044073
881,20.456780045351476,0.00020706976647488773,0.00020746055808863064
882,20.48,0.00020438205683603883,0.00020476777608018903
883,20.503219954648525,0.0003339758550282568,0.00033460614966546783
884,20.526439909297054,0.00023157536634244025,0.0002320124060544981
885,20.54965986394558,0.00018672710575629026,0.00018707950576248283
886,20.572879818594103,0.00015714969777036458,0.00015744627792803982
887,20.59609977324263,0.00017948515596799552,0.00017982388863253514
888,20.619319727891156,0.00023187039187178016,0.0002323079883696241
889,20.64253968253968,0.0001965303235920146,0.00019690122468304984
890,20.66575963718821,0.0002729480911511928,0.0002734632113776985
891,20.688979591836734,0.00025041174376383424,0.0002508843323561313
892,20.712199546485262,0.00038630422204732895,0.0003870332731922622
893,20.735419501133787,0.0002715233713388443,0.00027203580276840937
894,20.758639455782312,0.00036353847826831043,0.0003642245648515845
895,20.78185941043084,0.00019608763977885246,0.00019645770541657805
896,20.805079365079365,0.00018056243425235152,0.0001809032000061555
897,20.82829931972789,0.0002561231958679855,0.0002566065633761165
898,20.851519274376418,0.00019695331866387278,0.00019732501805071694
899,20.874739229024943,0.00018687699048314244,0.0001872296733587045
900,20.897959183673468,0.00020586074970196933,0.00020624925960349624
901,20.921179138321996,0.00023697703727521002,0.00023742427126978753
902,20.94439909297052,0.0001664019946474582,0.0001667160361665334
903,20.96761904761905,0.00016322822193615139,0.0001635362737649854
904,20.990839002267574,0.0001866735256044194,0.00018702582449167817
905,21.0140589569161,0.00017644878244027495,0.00017678178472064972
906,21.037278911564627,0.00012216204777359962,0.00012239259762450398
907,21.060498866213152,0.00011128795449621975,0.00011149798225675718
908,21.083718820861677,0.00016998893988784403,0.00017030975085541362
909,21.106938775510205,0.00020858935022260994,0.00020898300966488767
910,21.13015873015873,0.0001734944380586967,0.00017382186476409456
911,21.153378684807254,0.00022427269141189754,0.0002246959491790132
912,21.176598639455783,0.00017674843547865748,0.00017708200327806687
913,21.199818594104308,0.000188609745237045,0.00018896569824729658
914,21.223038548752836,0.0001541677484055981,0.00015445870089089895
915,21.24625850340136,0.0001611471379874274,0.00016145126229864982
916,21.269478458049885,0.00015568318485748023,0.0001559769973443479
917,21.292698412698414,0.00015616335440427065,0.00015645807308925334
918,21.31591836734694,0.00015997372975107282,0.00016027563955215178
919,21.339138321995463,0.00012446506298147142,0.00012469995918889553
920,21.36235827664399,0.00011006518616341054,0.00011027290625915388
921,21.385578231292516,0.0001404103823006153,0.00014067537125008695
922,21.408798185941045,0.00016110525757540017,0.0001614093028479774
923,21.43201814058957,0.0001514582399977371,0.00015174407897380296
924,21.455238095238094,0.00023979003890417516,0.00024024258172516784
925,21.478458049886623,0.00030452790088020265,0.0003051026199801498
926,21.501678004535147,0.00016105388931464404,0.00016135783764267036
927,21.524897959183672,0.00023056597274262458,0.00023100110748052572
928,21.5481179138322,0.00014675583224743605,0.00014703279662271155
929,21.571337868480725,0.00015482249727938324,0.00015511468543695698
930,21.59455782312925,0.00015625702508259565,0.00015655192054720275
931,21.61777777777778,0.00017206314078066498,0.0001723878662758256
932,21.640997732426303,0.00022934736625757068,0.00022978020118510876
933,21.66421768707483,0.0001637742534512654,0.00016408333577595872
934,21.687437641723356,0.00017809393466450274,0.00017843004175203261
935,21.71065759637188,0.0002736192545853555,0.0002741356414624495
936,21.73387755102041,0.0003200763021595776,0.0003206803649195411
937,21.757097505668934,0.0003186840913258493,0.00031928552664131594
938,21.78031746031746,0.0002769823186099529,0.00027750505241658506
939,21.803537414965987,0.00035062144161202013,0.0003512831505679582
940,21.826757369614512,0.00018222216749563813,0.0001825660655745689
941,21.849977324263037,0.00023649544164072722,0.00023694176674581125
942,21.873197278911565,0.0002041890111286193,0.00020457436604800686
943,21.89641723356009,0.0002762173826340586,0.0002767386728182367
944,21.91963718820862,0.0005211631651036441,0.0005221467282658643
945,21.942857142857143,0.0002966063912026584,0.00029716616046418704
946,21.966077097505668,0.0003748378367163241,0.0003755452479700092
947,21.989297052154196,0.0002280296030221507,0.00022845995100613314
948,22.01251700680272,0.0003166363458149135,0.000317233916530606
949,22.035736961451246,0.0003653140156529844,0.000366003453112302
950,22.058956916099774,0.0002560697903390974,0.00025655305705785114
951,22.0821768707483,0.00026330770924687386,0.00026380463570001696
952,22.105396825396827,0.00020135407976340503,0.0002017340844695677
953,22.128616780045352,0.00018137357255909592,0.00018171586913052362
954,22.151836734693877,0.00022976024774834514,0.0002301938618848755
955,22.175056689342405,0.0002021530963247642,0.00020253460897183364
956,22.19827664399093,0.00020476101781241596,0.0002051474522491992
957,22.221496598639455,0.00036039078258909285,0.0003610709286959034
958,22.244716553287983,0.000497769215144217,0.0004987086281651003
959,22.267936507936508,0.0006013907841406763,0.0006025257565657934
960,22.291156462585032,0.0003033095854334533,0.0003038820052722984
961,22.31437641723356,0.00028820167062804103,0.00028874557811325955
962,22.337596371882086,0.00024841001140885055,0.0002488788222395236
963,22.360816326530614,0.00036535703111439943,0.0003660465497544798
964,22.38403628117914,0.0002577110135462135,0.0002581973776571001
965,22.407256235827663,0.00019693386275321245,0.00019730552542196467
966,22.430476190476192,0.00020706628856714815,0.0002074570736172232
967,22.453696145124717,0.00020173564553260803,0.00020211637034728887
968,22.47691609977324,0.0002463633136358112,0.00024682826184404936
969,22.50013605442177,0.00020426306582521647,0.00020464856050404296
970,22.523356009070294,0.0002452540211379528,0.0002457168758382263
971,22.54657596371882,0.00021138298325240612,0.00021178191496778535
972,22.569795918367348,0.00024888082407414913,0.0002493505234441989
973,22.593015873015872,0.00018675655883271247,0.00018710901442410931
974,22.6162358276644,0.0003351571795064956,0.0003357897035937469
975,22.639455782312925,0.00025554405874572694,0.00025602633327957
976,22.66267573696145,0.0002543073205742985,0.0002547872610788237
977,22.68589569160998,0.00022370016085915267,0.000224122338120203
978,22.709115646258503,0.00029690645169466734,0.00029746678724419586
979,22.732335600907028,0.00017553976795170456,0.00017587105469801104
980,22.755555555555556,0.00034029496600851417,0.0003409371863634166
981,22.77877551020408,0.0003366605960763991,0.00033729595748074155
982,22.801995464852606,0.0002065062872134149,0.00020689601540310686
983,22.825215419501134,0.00024967017816379666,0.0002501413672392909
984,22.84843537414966,0.0002443859411869198,0.00024484715760667226
985,22.871655328798187,0.0003138051542919129,0.00031439738185238327
986,22.894875283446712,0.00027876824606209993,0.0002792943503533901
987,22.918095238095237,0.0002894944045692682,0.00029004075176160396
988,22.941315192743765,0.00030316016636788845,0.00030373230421618146
989,22.96453514739229,0.00023957666417118162,0.00024002880430153695
990,22.987755102040815,0.0001715591934043914,0.00017188296782682052
991,23.010975056689343,0.00021690108405891806,0.00021731042978864463
992,23.034195011337868,0.00014398789789993316,0.00014425963850184565
993,23.057414965986396,0.0002022447733907029,0.00020262645905495949
994,23.08063492063492,0.0001359891757601872,0.0001362458208047613
995,23.103854875283446,0.00013490744458977133,0.0001351620481413891
996,23.127074829931974,0.00022599635121878237,0.00022642286195618405
997,23.1502947845805,0.0001846185332396999,0.0001849669538505878
998,23.173514739229024,0.0003055142587982118,0.00030609083939831455
999,23.196734693877552,0.0002827417047228664,0.0002832753079086047
1000,23.219954648526077,0.00022274613729678094,0.000223166514080563
1001,23.2431746031746,0.00018842503777705133,0.00018878064219886534
1002,23.26639455782313,0.00013992194726597518,0.00014018601441832189
1003,23.289614512471655,0.0003512818075250834,0.00035194476275402994
1004,23.312834467120183,0.00023548401077277958,0.0002359284270588805
1005,23.336054421768708,0.00025365245528519154,0.00025413115989773947
1006,23.359274376417233,0.0001949073775904253,0.00019527521578291298
1007,23.38249433106576,0.00019637135847005993,0.00019674195955478522
1008,23.405714285714286,0.00015946850180625916,0.00015976945811785857
1009,23.42893424036281,0.00017391277651768178,0.00017424099273071402
1010,23.45215419501134,0.00026112754130735993,0.0002616203532470141
1011,23.475374149659864,0.0003843576996587217,0.00038508307723682586
1012,23.49859410430839,0.0003724541747942567,0.00037315708749122346
1013,23.521814058956917,0.0004045624809805304,0.000405325989953828
1014,23.54503401360544,0.0003159667830914259,0.0003165630901774651
1015,23.56825396825397,0.0001978063810383901,0.00019817969036389232
1016,23.591473922902495,0.0001738113205647096,0.00017413934530538806
1017,23.61469387755102,0.00019623359548859298,0.00019660393658066575
1018,23.637913832199548,0.00026395192253403366,0.00026445006477620464
1019,23.661133786848072,0.0001852252462413162,0.0001855748118689635
1020,23.684353741496597,0.00021928537171334028,0.00021969921718069615
1021,23.707573696145126,0.0001862890349002555,0.00018664060815892392
1022,23.73079365079365,0.00021412607748061419,0.00021453018608993762
1023,23.754013605442175,0.0002919460239354521,0.00029249699793692906
1024,23.777233560090703,0.00032656104303896427,0.0003271773441010039
1025,23.800453514739228,0.00019925604283344,0.000199632088027543
1026,23.823673469387757,0.00020449532894417644,0.00020488126196067344
1027,23.84689342403628,0.00022477147285826504,0.00022519567194873106
1028,23.870113378684806,0.0002583592140581459,0.00025884680148293484
1029,23.893333333333334,0.00018935761181637645,0.00018971497623492957
1030,23.91655328798186,0.00019185202836524695,0.00019221410036175833
1031,23.939773242630384,0.00017757376190274954,0.00017790888729625208
1032,23.962993197278912,0.00021348071459215134,0.0002138836052428663
1033,23.986213151927437,0.00023179540585260838,0.00023223286083337848
1034,24.009433106575965,0.000253528036409989,0.0002540065062134972
1035,24.03265306122449,0.00017824831593316048,0.00017858471437614095
1036,24.055873015873015,0.0004431667912285775,0.00044400315603667945
1037,24.079092970521543,0.00029694897239096463,0.0002975093881875123
1038,24.102312925170068,0.00034458329901099205,0.0003452336125057228
1039,24.125532879818593,0.0002435890637570992,0.00024404877627301258
1040,24.14875283446712,0.00015707917918916792,0.00015737562626092427
1041,24.171972789115646,0.000162020034622401,0.0001623258063044126
1042,24.19519274376417,0.00016695934755261987,0.00016727444093380387
1043,24.2184126984127,0.00024124552146531641,0.00024170081114012812
1044,24.241632653061224,0.00020223314641043544,0.00020261481013171862
1045,24.264852607709752,0.00023336538288276643,0.00023380580079659816
1046,24.288072562358277,0.00015366100706160069,0.00015395100320126528
1047,24.3112925170068,0.0001398139720549807,0.0001400778354315292
1048,24.33451247165533,0.00025154685135930777,0.0002520215821790123
1049,24.357732426303855,0.000261360575677827,0.0002618538274106931
1050,24.38095238095238,0.0003856296534650028,0.0003863574315329951
1051,24.404172335600908,0.00021076934353914112,0.00021116711716535124
1052,24.427392290249433,0.00024106062483042479,0.00024151556555977933
1053,24.450612244897957,0.00017557106912136078,0.0001759024149406783
1054,24.473832199546486,0.0001680312998360023,0.00016834841625497599
1055,24.49705215419501,0.00016810088709462434,0.000168418134841882
1056,24.52027210884354,0.00015240214997902513,0.0001526897703455426
1057,24.543492063492064,0.00019012019038200378,0.00019047899397399754
1058,24.56671201814059,0.00023405025422107428,0.00023449196465568324
1059,24.589931972789117,0.000352912989910692,0.00035357902358226984
1060,24.61315192743764,0.00022408098448067904,0.00022450388044963223
1061,24.636371882086166,0.00022423890186473727,0.0002246620958626611
1062,24.659591836734695,0.00022052208078093827,0.0002209382602226859
1063,24.68281179138322,0.00021171233674976975,0.0002121118900362596
1064,24.706031746031748,0.0002739498158916831,0.00027446682661932053
1065,24.729251700680273,0.00023963296553120017,0.00024008521191607886
1066,24.752471655328797,0.00034413719549775124,0.00034478666708535666
1067,24.775691609977326,0.00023298173618968576,0.00023342143006778378
1068,24.79891156462585,0.0001872904977062717,0.000187643960971737
1069,24.822131519274375,0.00019658640667330474,0.00019695741360691761
1070,24.845351473922904,0.0003539940807968378,0.00035466215475299796
1071,24.86857142857143,0.0002577635459601879,0.00025825000921266906
1072,24.891791383219953,0.0003133677237201482,0.0003139591257414684
1073,24.91501133786848,0.0002425920101813972,0.0002430498410118165
1074,24.938231292517006,0.00033611152321100235,0.00033674584837970893
1075,24.961451247165535,0.00018751178868114948,0.00018786566957714894
1076,24.98467120181406,0.00012604068615473807,0.0001262785559508855
1077,25.007891156462584,0.0002929847687482834,0.00029353770311688
1078,25.031111111111112,0.00017644150648266077,0.00017677449503151276
1079,25.054331065759637,0.00023107739980332553,0.0002315134997299636
1080,25.077551020408162,0.00038261606823652983,0.00038333815892748667
1081,25.10077097505669,0.00015550390526186675,0.00015579737940401284
1082,25.123990929705215,0.0002714875736273825,0.0002719999374978554
1083,25.14721088435374,0.00019502764916978776,0.00019539571434434714
1084,25.170430839002268,0.00017658800061326474,0.0001769212656325966
1085,25.193650793650793,0.00031514078727923334,0.0003157355355078793
1086,25.21687074829932,0.00024286934058181942,0.0002433276948029614
1087,25.240090702947846,0.0002271696866955608,0.00022759841180579075
1088,25.26331065759637,0.00030520238215103745,0.00030577837416314734
1089,25.2865306122449,0.0002257204323541373,0.00022614642236473174
1090,25.309750566893424,0.000287415343336761,0.0002879577668288485
1091,25.33297052154195,0.0004093696770723909,0.00041014225840787014
1092,25.356190476190477,0.00046067548100836575,0.0004615448890233542
1093,25.379410430839002,0.0002647734363563359,0.0002652731289972821
1094,25.402630385487527,0.00029770118999294937,0.00029826302540924925
1095,25.425850340136055,0.00040735150105319917,0.00040812027359381285
1096,25.44907029478458,0.0003635204047895968,0.0003642064572637683
1097,25.472290249433108,0.0003357438836246729,0.0003363775149669959
1098,25.495510204081633,0.00038080321974121034,0.0003815218891408748
1099,25.518730158730158,0.0002916217199526727,0.00029217208191271586
1100,25.541950113378686,0.00037683200207538903,0.00037754317680991446
1101,25.56517006802721,0.0004854635626543313,0.00048637975188027554
1102,25.588390022675735,0.000378112425096333,0.0003788260163042391
1103,25.611609977324264,0.0004348940565250814,0.00043571480864669666
1104,25.63482993197279,0.0006938482983969152,0.0006951577609072532
1105,25.658049886621317,0.0006028704228810966,0.0006040081877486885
1106,25.68126984126984,0.0004903668304905295,0.0004912922733896823
1107,25.704489795918366,0.00036539483699016273,0.0003660844269792355
1108,25.727709750566895,0.00026705622440204024,0.00026756022522587286
1109,25.75092970521542,0.00025340644060634077,0.00025388468092864014
1110,25.774149659863944,0.00023705455532763153,0.00023750193561785285
1111,25.797369614512473,0.00034982775105163455,0.0003504879621181405
1112,25.820589569160997,0.000361382873961702,0.0003620648923891081
1113,25.843809523809522,0.0002533521910663694,0.00025383032900643486
1114,25.86702947845805,0.00021299377840477973,0.00021339575008706344
1115,25.890249433106575,0.00024129274243023247,0.00024174812122262706
1116,25.913469387755104,0.000181097726454027,0.00018143950243596266
1117,25.93668934240363,0.00028034712886437774,0.00028087621289611344
1118,25.959909297052153,0.00014664851187262684,0.0001469252737079412
1119,25.98312925170068,0.0001482257357565686,0.0001485054742015413
1120,26.006349206349206,0.00025217083748430014,0.0002526467459193992
1121,26.02956916099773,0.00013746580225415528,0.00013772523405635362
1122,26.05278911564626,0.00026138059911318123,0.00026187388863519806
1123,26.076009070294784,0.0002156539703719318,0.00021606096249118903
1124,26.09922902494331,0.00020153999503236264,0.00020192035060639566
1125,26.122448979591837,0.00018407970492262393,0.00018442710863186005
1126,26.145668934240362,0.00020040918025188148,0.00020078740170010543
1127,26.16888888888889,0.00025150051806122065,0.00025197516143858807
1128,26.192108843537415,0.00021185664809308946,0.00021225647373060235
1129,26.21532879818594,0.00019057333702221513,0.00019093299581344827
1130,26.23854875283447,0.00021005132293794304,0.0002104477414825581
1131,26.261768707482993,0.0002889876486733556,0.000289533039492592
1132,26.284988662131518,0.00022360820730682462,0.00022403021102888993
1133,26.308208616780046,0.0001960035297088325,0.00019637343661015465
1134,26.33142857142857,0.00024145288625732064,0.00024190856728053186
1135,26.354648526077096,0.00029275461565703154,0.00029330711567009923
1136,26.377868480725624,0.0002611097297631204,0.0002616025080880068
1137,26.40108843537415,0.000405012076953426,0.00040577643442497993
1138,26.424308390022677,0.0003037636633962393,0.0003043369401919586
1139,26.447528344671202,0.00022912552230991423,0.00022955793856332244
1140,26.470748299319727,0.00015816479572094977,0.00015846329161829558
1141,26.493968253968255,0.0002011293254327029,0.00020150890597212657
1142,26.51718820861678,0.0002806445409078151,0.0002811741862292764
1143,26.540408163265305,0.00027971836971119046,0.00028024626711965273
1144,26.563628117913833,0.00042371684685349464,0.00042451650482950356
1145,26.586848072562358,0.00027826696168631315,0.00027879211993060915
1146,26.610068027210886,0.0002458300441503525,0.00024629398594782227
1147,26.63328798185941,0.00021310077863745391,0.0002135029522555118
1148,26.656507936507936,0.00025627732975408435,0.0002567609881507942
1149,26.679727891156464,0.00025508622638881207,0.00025556763688031503
1150,26.70294784580499,0.0003715026832651347,0.00037220380026340306
1151,26.726167800453513,0.00039815017953515053,0.0003989015869174129
1152,26.749387755102042,0.0003872968954965472,0.00038802782006059787
1153,26.772607709750567,0.00042612719698809087,0.0004269314038880437
1154,26.79582766439909,0.0005362369120121002,0.0005372489230447159
1155,26.81904761904762,0.0002837433712556958,0.0002842788648327136
1156,26.842267573696144,0.000256226456258446,0.0002567100186443485
1157,26.865487528344673,0.00018490440561436117,0.0001852533657367795
1158,26.888707482993198,0.00016398234583903104,0.00016429182088527618
1159,26.911927437641722,0.00016818517178762704,0.0001685025786008447
1160,26.93514739229025,0.0001659811387071386,0.00016629438596747255
1161,26.958367346938775,0.0002371790469624102,0.0002376266621989865
1162,26.9815873015873,0.00021581667533610016,0.00021622397451967005
1163,27.00480725623583,0.00020928644516970962,0.00020968142020172286
1164,27.028027210884353,0.00025487926905043423,0.00025536028896250295
1165,27.051247165532878,0.00042969873175024986,0.00043050967901533184
1166,27.074467120181406,0.00028676746296696365,0.0002873086637493358
1167,27.09768707482993,0.0002778627094812691,0.00027838710480215887
1168,27.12090702947846,0.0003146809176541865,0.00031527479799566596
1169,27.144126984126984,0.0002079775877064094,0.00020837009260225089
1170,27.16734693877551,0.00024952125386334956,0.0002499921618820353
1171,27.190566893424037,0.00017251484678126872,0.0001728404247568272
1172,27.213786848072562,0.00018751970492303371,0.00018787360075892996
1173,27.237006802721087,0.00011839429498650134,0.00011861773416056996
1174,27.260226757369615,0.00022408959921449423,0.0002245125114415704
1175,27.28344671201814,0.00024109735386446118,0.00024155236391054278
1176,27.30666666666667,0.0001444161171093583,0.00014468866586631312
1177,27.329886621315193,0.00015447828627657145,0.00015476982482326502
1178,27.353106575963718,0.0001598301896592602,0.00016013182856485756
1179,27.376326530612246,0.00013547205890063196,0.0001357277280184183
1180,27.39954648526077,0.00015146158693823963,0.00015174743223080598
1181,27.422766439909296,0.00015513270045630634,0.0001554254740436227
1182,27.445986394557824,0.00014146770990919322,0.00014173469429609373
1183,27.46920634920635,0.0002627401554491371,0.00026323601078857644
1184,27.492426303854874,0.0001311564992647618,0.00013140402385936149
1185,27.515646258503402,0.00012102676555514336,0.00012125517284908367
1186,27.538866213151927,0.00012157325545558706,0.00012180269411047264
1187,27.562086167800455,0.00015093520050868392,0.00015122005238050247
1188,27.58530612244898,0.0002138292184099555,0.00021423276677314906
1189,27.608526077097505,0.00015055056428536773,0.00015083469025396548
1190,27.631746031746033,0.00014408001152332872,0.00014435192596631976
1191,27.654965986394558,0.00014764470688533038,0.0001479233487858191
1192,27.678185941043083,0.0001527979620732367,0.00015308632943459397
1193,27.70140589569161,0.00015507319767493755,0.00015536585896586054
1194,27.724625850340136,0.00022915127919986844,0.0002295837440628673
1195,27.74784580498866,0.00017774177831597626,0.0001780772207978031
1196,27.77106575963719,0.00013441219925880432,0.00013466586816059185
1197,27.794285714285714,0.000245528673985973,0.00024599204702376883
1198,27.817505668934242,0.0002866653958335519,0.0002872064039901223
1199,27.840725623582767,0.00025739165721461177,0.00025787741862150004
1200,27.86394557823129,0.00014726979134138674,0.00014754772568396912
1201,27.88716553287982,0.00015978208102751523,0.0001600836291402839
1202,27.910385487528345,0.00021097844000905752,0.00021137660825176958
1203,27.93360544217687,0.00014545793237630278,0.00014573244729507986
1204,27.956825396825398,0.00025430048117414117,0.00025478040877103495
1205,27.980045351473922,0.00022108001576270908,0.00022149724816508733
1206,28.003265306122447,0.000293140416033566,0.00029369364414689813
1207,28.026485260770976,0.00026773850549943745,0.00026824379395562513
1208,28.0497052154195,0.0002164454635931179,0.00021685394945488733
1209,28.07292517006803,0.00016779739235062152,0.00016811406732860054
1210,28.096145124716553,0.0002345367247471586,0.00023497935327138132
1211,28.11936507936508,0.0001652521750656888,0.0001655640465922174
1212,28.142585034013607,0.00021835629013366997,0.0002187683821954177
1213,28.16580498866213,0.00023427497944794595,0.0002347171139943678
1214,28.189024943310656,0.00023142521968111396,0.00023186197602946752
1215,28.212244897959184,0.00031145900720730424,0.00031204680701078775
1216,28.23546485260771,0.00018315797206014395,0.00018350363623260993
1217,28.258684807256238,0.00020614315872080624,0.00020653220159765875
1218,28.281904761904762,0.00029412558069452643,0.0002946806680560444
1219,28.305124716553287,0.00023060284729581326,0.0002310380516250719
1220,28.328344671201815,0.00020950663019903004,0.00020990202077438597
1221,28.35156462585034,0.00019891816191375256,0.0001992935694434002
1222,28.374784580498865,0.00013811062672175467,0.00013837127546642878
1223,28.398004535147393,0.00014496606308966875,0.00014523964973004217
1224,28.421224489795918,0.000188090605661273,0.0001884455789273735
1225,28.444444444444443,0.00018705711408983916,0.00018741013690297943
1226,28.46766439909297,0.00022848957451060414,0.00022892079057399437
1227,28.490884353741496,0.00019577094644773751,0.00019614041440720213
1228,28.514104308390024,0.00015656743198633194,0.00015686291326516433
1229,28.53732426303855,0.0002385237457929179,0.0002389738988071472
1230,28.560544217687074,0.00021262120571918786,0.00021302247426511556
1231,28.583764172335602,0.0002082497376250103,0.00020864275613473025
1232,28.606984126984127,0.00016662149573676288,0.00016693595150841763
1233,28.63020408163265,0.00015245021495502442,0.00015273792603198144
1234,28.65342403628118,0.00024840908008627594,0.00024887788915931404
1235,28.676643990929705,0.0002276281447848305,0.00022805773511831148
1236,28.69986394557823,0.00016022383351810277,0.00016052621532654612
1237,28.723083900226758,0.00020361208589747548,0.00020399635201695792
1238,28.746303854875283,0.00023912053438834846,0.00023957181368954006
1239,28.76952380952381,0.00022730680939275771,0.00022773579328726616
1240,28.792743764172336,0.00022189319133758545,0.00022231195840241382
1241,28.81596371882086,0.0004120047087781131,0.0004127822630669601
1242,28.83918367346939,0.00016965782560873777,0.00016997801168216822
1243,28.862403628117914,0.00017200043657794595,0.00017232504373484317
1244,28.88562358276644,0.00021374427888076752,0.00021414766694216405
1245,28.908843537414967,0.00012677862832788378,0.00012701789080253565
1246,28.93206349206349,0.00014051556354388595,0.00014078075099625104
1247,28.955283446712016,0.0001372399419778958,0.00013749894752616365
1248,28.978503401360545,0.00014051125617697835,0.00014077643550028195
1249,29.00172335600907,0.00014339174958877265,0.00014366236511209683
1250,29.024943310657598,0.000146916790981777,0.00014719405912579968
1251,29.048163265306123,0.00012105884525226429,0.00012128731308848859
1252,29.071383219954647,0.00012966545182280242,0.0001299101624438997
1253,29.094603174603176,0.00012904168397653848,0.00012928521739418694
1254,29.1178231292517,0.00012779337703250349,0.00012803455458771287
1255,29.141043083900225,0.00016689162293914706,0.00016720658850731692
1256,29.164263038548754,0.0002282188506796956,0.00022864955582058583
1257,29.18748299319728,0.0002439383533783257,0.00024439872508972215
1258,29.210702947845807,0.00021757278591394424,0.0002179833993103918
1259,29.23392290249433,0.00017453415784984827,0.00017486354676238988
1260,29.257142857142856,0.00028639708762057126,0.0002869375894135073
1261,29.280362811791385,0.0003208341950085014,0.00032143968809880485
1262,29.30358276643991,0.0003294031776022166,0.00033002484247168865
1263,29.326802721088434,0.00018474747776053846,0.00018509614172147325
1264,29.350022675736962,0.0001727899070829153,0.00017311600416496139
1265,29.373242630385487,0.00019999723008368164,0.00020037467408054826
1266,29.396462585034012,0.00023040820087771863,0.00023084303786127957
1267,29.41968253968254,0.00017169247439596802,0.0001720165003524316
1268,29.442902494331065,0.00020534997747745365,0.0002057375234260807
1269,29.466122448979593,0.00027469274937175214,0.0002752111621977186
1270,29.489342403628118,0.00028614531038329005,0.00028668533701061143
1271,29.512562358276643,0.00015267317940015346,0.00015296131126589488
1272,29.53578231292517,0.00017004297114908695,0.0001703638840869448
1273,29.559002267573696,0.0002337587357033044,0.00023419989597072124
1274,29.58222222222222,0.00015702734526712447,0.00015732369451551244
1275,29.60544217687075,0.00017817586194723845,0.00017851212365171495
1276,29.628662131519274,0.00016440956096630543,0.00016471984227264274
1277,29.6518820861678,0.00012999371392652392,0.00013023904405900342
1278,29.675102040816327,0.0001641439157538116,0.00016445369572225181
1279,29.698321995464852,0.00015509095101151615,0.00015538364580735476
1280,29.72154195011338,0.00017035455675795674,0.00017067605773454656
1281,29.744761904761905,0.00019394357514102012,0.00019430959440107286
1282,29.76798185941043,0.00032920174999162555,0.0003298230347176207
1283,29.791201814058958,0.00015065168554428965,0.00015093600235359115
1284,29.814421768707483,0.00012483226601034403,0.0001250678552202603
1285,29.837641723356008,0.00017196674889419228,0.00017229129247413896
1286,29.860861678004536,0.0001410817203577608,0.00014134797628737728
1287,29.88408163265306,0.00013774243416264653,0.00013800238803734135
1288,29.90730158730159,0.00015559711027890444,0.0001558907603218575
1289,29.930521541950114,0.0002453341439832002,0.0002457971498950027
1290,29.95374149659864,0.0002477481320966035,0.00024821569379811134
1291,29.976961451247167,0.00019325721950735897,0.00019362194344540383
1292,30.00018140589569,0.00015729284496046603,0.00015758969527212064
1293,30.023401360544216,0.00021867762552574277,0.00021909032402646301
1294,30.046621315192745,0.0001535791379865259,0.00015386897961909606
1295,30.06984126984127,0.00014736504817847162,0.00014764316229415038
1296,30.093061224489794,0.00017314980505034328,0.00017347658134843265
1297,30.116281179138323,0.00026345386868342757,0.0002639510709754005
1298,30.139501133786847,0.0003002695448230952,0.0003008362273570879
1299,30.162721088435376,0.00018435006495565176,0.00018469797890081173
1300,30.1859410430839,0.0003403334994800389,0.00034097579255708597
1301,30.209160997732425,0.00031506296363659203,0.0003156575649928702
1302,30.232380952380954,0.0002961058635264635,0.00029666468816907633
1303,30.25560090702948,0.0001899955968838185,0.00019035416533721598
1304,30.278820861678003,0.00015313619223888963,0.00015342519792381536
1305,30.30204081632653,0.0001871120766736567,0.00018746520321472014
1306,30.325260770975056,0.00014862010721117258,0.00014890058993214357
1307,30.34848072562358,0.00015402027929667383,0.00015431095347147078
1308,30.37170068027211,0.00020526390289887786,0.00020565128640359027
1309,30.394920634920634,0.0003151358396280557,0.00031573057851926614
1310,30.418140589569163,0.00027453634538687766,0.00027505446304003025
1311,30.441360544217687,0.0001427835668437183,0.00014305303457651545
1312,30.464580498866212,0.00015419530973304063,0.00015448631423334983
1313,30.48780045351474,0.0001479523052694276,0.00014823152768377382
1314,30.511020408163265,0.00027149770176038146,0.0002720100847451341
1315,30.53424036281179,0.0002757138863671571,0.0002762342263299581
1316,30.55746031746032,0.000243588030571118,0.00024404774113715515
1317,30.580680272108843,0.0002033095370279625,0.00020369323216326427
1318,30.603900226757368,0.00019806300406344235,0.0001984367976997534
1319,30.627120181405896,0.00017412267334293574,0.00017445128568293743
1320,30.65034013605442,0.00014137302059680223,0.00014163982628166515
1321,30.67356009070295,0.00016951683210209012,0.00016983675208607195
1322,30.696780045351474,0.000168340586242266,0.00016865828636081047
1323,30.72,0.00019379188597667962,0.00019415761896194523
1324,30.743219954648527,0.0002948020992334932,0.00029535846335200023
1325,30.766439909297052,0.0002818166685756296,0.00028234852599048633
1326,30.789659863945577,0.000188726102351211,0.00018908227495597507
1327,30.812879818594105,0.00018399690452497452,0.0001843441519694813
1328,30.83609977324263,0.0003203097730875015,0.0003209142764645683
1329,30.859319727891158,0.00018715934129431844,0.0001875125570353539
1330,30.882539682539683,0.00015332314069382846,0.00015361249919650075
1331,30.905759637188208,0.00023002614034339786,0.00023046025628469706
1332,30.928979591836736,0.00026332621928304434,0.00026382318066918144
1333,30.95219954648526,0.000211394828511402,0.00021179378258170034
1334,30.975419501133786,0.00033465377055108547,0.000335285344581738
1335,30.998639455782314,0.0004089345457032323,0.00040970630583872254
1336,31.02185941043084,0.0003886345075443387,0.00038936795651153914
1337,31.045079365079363,0.00026934954803436995,0.0002698578769243339
1338,31.068299319727892,0.00032410569838248193,0.0003247173656048407
1339,31.091519274376417,0.00021184678189456463,0.0002122465889121326
1340,31.114739229024945,0.00020101566042285413,0.00020139502644842878
1341,31.13795918367347,0.0001996319624595344,0.0002000087171064939
1342,31.161179138321994,0.00019158031500410289,0.00019194187421062717
1343,31.184399092970523,0.00019699151744134724,0.00019736328891868605
1344,31.207619047619048,0.00022266201267484576,0.0002230822306947613
1345,31.230839002267572,0.0002632779360283166,0.00026377480629206847
1346,31.2540589569161,0.00024342564574908465,0.00024388504985499616
1347,31.277278911564625,0.0003134257858619094,0.0003140172974607814
1348,31.30049886621315,0.00034221637179143727,0.0003428622183119521
1349,31.32371882086168,0.0003113732673227787,0.0003119609053139976
1350,31.346938775510203,0.0005510930204764009,0.0005521330686421023
1351,31.37015873015873,0.0005756008322350681,0.0005766871326734674
1352,31.393378684807256,0.00024610935361124575,0.0002465738225344124
1353,31.41659863945578,0.0004361539031378925,0.000436977032900142
1354,31.43981859410431,0.0008789562270976603,0.0008806150338285722
1355,31.463038548752834,0.0005689706886187196,0.0005700444763442913
1356,31.48625850340136,0.00041447783587500453,0.0004152600575633741
1357,31.509478458049887,0.0001989926677197218,0.0001993682158601628
1358,31.532698412698412,0.00031013463740237057,0.00031071993779407573
1359,31.555918367346937,0.00022974758758209646,0.00023018117782577714
1360,31.579138321995465,0.00021332819596864283,0.00021373079877917705
1361,31.60235827664399,0.00024232476425822824,0.00024278209072981546
1362,31.62557823129252,0.0004044286033604294,0.0004051918596737077
1363,31.648798185941043,0.0002862272085621953,0.0002867673897515372
1364,31.672018140589568,0.0002850629389286041,0.00028560092285459515
1365,31.695238095238096,0.00032447552075609565,0.0003250878859242948
1366,31.71845804988662,0.00024327893333975226,0.0002437380605632382
1367,31.741678004535146,0.0001867353421403095,0.0001870877576905859
1368,31.764897959183674,0.00020776738529093564,0.0002081594934830837
1369,31.7881179138322,0.00021939660655334592,0.00021981066194822223
1370,31.811337868480727,0.0002667659136932343,0.0002672693666293076
1371,31.834557823129252,0.0002655873540788889,0.00026608858278290054
1372,31.857777777777777,0.0002911618212237954,0.000291711315241746
1373,31.880997732426305,0.00042929177288897336,0.0004301019521225226
1374,31.90421768707483,0.0002986718318425119,0.0002992354990988781
1375,31.927437641723355,0.00035707122879102826,0.000357745110082807
1376,31.950657596371883,0.00047540367813780904,0.00047630088188571265
1377,31.973877551020408,0.00028813251992687583,0.00028867629690770174
1378,31.997097505668933,0.00021542658214457333,0.00021583314512628032
1379,32.02031746031746,0.0002111909125233069,0.0002115894817539475
1380,32.04353741496599,0.0002335597964702174,0.0002340005812903381
1381,32.066757369614514,0.0002635382697917521,0.0002640356313693894
1382,32.08997732426304,0.0003198036865796894,0.0003204072348469569
1383,32.113197278911564,0.0003064098418690264,0.0003069881126548064
1384,32.13641723356009,0.0002378739882260561,0.00023832291498783714
1385,32.15963718820862,0.0003101994516327977,0.00031078487434490793
1386,32.182857142857145,0.00045534412492997944,0.0004562034713638845
1387,32.20607709750567,0.00024671407300047576,0.0002471796831779646
1388,32.229297052154195,0.00015739303489681333,0.00015769007429153675
1389,32.25251700680272,0.0001843524514697492,0.00018470036991884866
1390,32.275736961451244,0.00021533355175051838,0.00021573993916097498
1391,32.298956916099776,0.00028074398869648576,0.00028127382170040055
1392,32.3221768707483,0.00015846679161768407,0.00015876585745561481
1393,32.345396825396826,0.00020041517564095557,0.00020079340840395432
1394,32.36861678004535,0.00025309252669103444,0.00025357017458051454
1395,32.391836734693875,0.0002476810186635703,0.0002481484537055119
1396,32.41505668934241,0.000252604455454275,0.00025308118223320633
1397,32.43827664399093,0.00024050119100138545,0.00024095507594141567
1398,32.46149659863946,0.00023590403725393116,0.00023634924623337972
1399,32.48471655328798,0.0002503751020412892,0.0002508476214816375
1400,32.507936507936506,0.00021725406986661255,0.0002176640817674358
1401,32.53115646258503,0.00032624282175675035,0.0003268585222569092
1402,32.55437641723356,0.00023325422080233693,0.00023369442892596346
1403,32.57759637188209,0.0003167456015944481,0.0003173433785026868
1404,32.60081632653061,0.0005282053607515991,0.0005292022142702455
1405,32.62403628117914,0.00036121075390838087,0.0003618924475028838
1406,32.64725623582766,0.00030468558543361723,0.00030526060212312633
1407,32.670476190476194,0.0002458110102452338,0.00024627491612103997
1408,32.69369614512472,0.00022523778898175806,0.00022566286812551972
1409,32.71691609977324,0.00021657613979186863,0.0002169848722717874
1410,32.74013605442177,0.00019402788893785328,0.0001943940673187921
1411,32.76335600907029,0.0003046663186978549,0.0003052412990262916
1412,32.78657596371882,0.00024141115136444569,0.00024186675362364217
1413,32.80979591836735,0.00024966284399852157,0.00025013401923264087
1414,32.833015873015874,0.00032325423671863973,0.00032386429702327543
1415,32.8562358276644,0.0003272875037509948,0.0003279051758231959
1416,32.879455782312924,0.0002908203168772161,0.000291369166392413
1417,32.90267573696145,0.00035732259857468307,0.00035799695426311115
1418,32.92589569160998,0.00024434010265395045,0.0002448012325651093
1419,32.949115646258505,0.00021099096920806915,0.00021138916109646346
1420,32.97233560090703,0.00017898505029734224,0.00017932283913939438
1421,32.995555555555555,0.00018983581685461104,0.00019019408376376803
1422,33.01877551020408,0.00036923628067597747,0.0003699331204147488
1423,33.041995464852604,0.0004331494274083525,0.00043396688698543306
1424,33.065215419501136,0.00043263411498628557,0.00043345060204199606
1425,33.08843537414966,0.00041758385486900806,0.00041837193837967855
1426,33.111655328798186,0.0004428570391610265,0.00044369281939074024
1427,33.13487528344671,0.0003277851501479745,0.0003284037614014084
1428,33.158095238095235,0.00026378233451396227,0.00026428015670180007
1429,33.18131519274377,0.00037983144284226,0.0003805482782597406
1430,33.20453514739229,0.0004118966171517968,0.0004126739674451412
1431,33.22775510204082,0.0003284856502432376,0.0003291055835127597
1432,33.25097505668934,0.0003592563734855503,0.00035993437868317955
1433,33.274195011337866,0.0003444832982495427,0.00034513342301822425
1434,33.29741496598639,0.00033133363467641175,0.00033195894279351056
1435,33.32063492063492,0.000296158337732777,0.0002967172614071322
1436,33.34385487528345,0.00027727277483791113,0.00027779605680693304
1437,33.36707482993197,0.00027570611564442515,0.00027622644094195983
1438,33.3902947845805,0.00027469961787573993,0.0002752180436642639
1439,33.41351473922902,0.00028316903626546264,0.00028370344593099743
1440,33.436734693877554,0.0002629533701110631,0.00026344962783904634
1441,33.45995464852608,0.0002744028752204031,0.0002749207409825016
1442,33.483174603174604,0.0003584761288948357,0.000359152661578887
1443,33.50639455782313,0.00041894768946804106,0.0004197383468702695
1444,33.52961451247165,0.00047426577657461166,0.00047516083282220304
1445,33.55283446712018,0.00039867806481197476,0.00039943046844367864
1446,33.57605442176871,0.0004114960611332208,0.0004122726554787725
1447,33.599274376417235,0.000359709927579388,0.0003603887887452219
1448,33.62249433106576,0.00030417577363550663,0.00030474982818467686
1449,33.645714285714284,0.00033658623578958213,0.0003372214568577617
1450,33.66893424036281,0.00048313563456758857,0.000484047430420279
1451,33.69215419501134,0.0006155757000669837,0.0006167374429196723
1452,33.715374149659866,0.00044750014785677195,0.0004483446907753653
1453,33.73859410430839,0.0003560683107934892,0.0003567402993321665
1454,33.761814058956915,0.0003736809594556689,0.0003743861873972303
1455,33.78503401360544,0.00035416800528764725,0.0003548364074821282
1456,33.80825396825397,0.0006673456518910825,0.0006686050973845822
1457,33.8314739229025,0.0004974009352736175,0.0004983396532597432
1458,33.85469387755102,0.0005603081663139164,0.0005613656057278625
1459,33.877913832199546,0.0003472233365755528,0.000347878632470939
1460,33.90113378684807,0.00028837472200393677,0.0002889189560796933
1461,33.924353741496596,0.0002490878978278488,0.0002495579879970372
1462,33.94757369614513,0.00038848633994348347,0.0003892195092819538
1463,33.97079365079365,0.0005123841110616922,0.0005133511059882178
1464,33.99401360544218,0.00047190964687615633,0.0004728002565271116
1465,34.0172335600907,0.0004065731482114643,0.00040734045180869594
1466,34.04045351473923,0.00037252006586641073,0.00037322310291604786
1467,34.06367346938776,0.0003725102578755468,0.00037321327641509123
1468,34.08689342403628,0.0002580489090178162,0.00025853591082062113
1469,34.11011337868481,0.0002423766127321869,0.00024283403705460552
1470,34.13333333333333,0.00043816110701300204,0.0004389880248629807
1471,34.15655328798186,0.00025272005586884916,0.00025319700081421456
1472,34.17977324263038,0.00046495223068632185,0.0004658297099805544
1473,34.202993197278914,0.0004702530859503895,0.00047114056926316194
1474,34.22621315192744,0.00036150566302239895,0.00036218791318298364
1475,34.249433106575964,0.000313068536343053,0.000313659373724156
1476,34.27265306122449,0.0002396462659817189,0.00024009853746782123
1477,34.29587301587301,0.00040698613156564534,0.0004077542145641106
1478,34.319092970521545,0.000446155434474349,0.00044699743958782635
1479,34.34231292517007,0.00035279919393360615,0.0003534650128441676
1480,34.365532879818595,0.0003166688547935337,0.00031726648686167
1481,34.38875283446712,0.0003900897572748363,0.00039082595265644703
1482,34.411972789115644,0.00038739960291422904,0.0003881307213124554
1483,34.43519274376417,0.0003206465917173773,0.0003212517307540971
1484,34.4584126984127,0.00028946984093636274,0.00029001614177107755
1485,34.481632653061226,0.00032269550138153136,0.00032330450721506894
1486,34.50485260770975,0.0003114094433840364,0.0003119971496483867
1487,34.528072562358275,0.0002957549877464771,0.0002963131502001349
1488,34.5512925170068,0.00041112012695521116,0.0004118960118204433
1489,34.57451247165533,0.0003319250827189535,0.0003325515070440769
1490,34.59773242630386,0.00032775738509371877,0.0003283759439476617
1491,34.62095238095238,0.00033331316080875695,0.00033394220477887224
1492,34.644172335600906,0.0004884102381765842,0.0004893319885044804
1493,34.66739229024943,0.00042828553705476224,0.00042909381727363567
1494,34.690612244897956,0.0002999147691298276,0.0003004807821147691
1495,34.71383219954649,0.00039718704647384584,0.0003979366361869734
1496,34.73705215419501,0.0002539004199206829,0.0002543795925035276
1497,34.76027210884354,0.0003595020971260965,0.0003601805660647134
1498,34.78349206349206,0.0005110656493343413,0.000512030155999085
1499,34.80671201814059,0.0003661101800389588,0.0003668011200564262
1500,34.82993197278912,0.00032605495653115213,0.00032667030248339254
1501,34.853151927437644,0.0002271122793899849,0.00022754089615850004
1502,34.87637188208617,0.00019697715470101684,0.00019734889907232966
1503,34.89959183673469,0.0003334802750032395,0.00033410963435897027
1504,34.92281179138322,0.0002491078630555421,0.00024957799090402904
1505,34.94603174603174,0.00033708728733472526,0.00033772345401049023
1506,34.969251700680275,0.000261884240899235,0.00026237848091725937
1507,34.9924716553288,0.0002377708733547479,0.00023821960551338793
1508,35.015691609977324,0.00032912971801124513,0.00032975086679516464
1509,35.03891156462585,0.000386459578294307,0.0003871889226347149
1510,35.062131519274374,0.0004239161207806319,0.00042471615483558696
1511,35.085351473922906,0.0003159829939249903,0.00031657933160486227
1512,35.10857142857143,0.0004223866271786392,0.0004231837747027254
1513,35.131791383219955,0.00030222436180338264,0.00030279473355814045
1514,35.15501133786848,0.00030608431552536786,0.0003066619719628182
1515,35.178231292517005,0.0003348157333675772,0.000335447613061927
1516,35.20145124716553,0.00042336611659266055,0.00042416511265434484
1517,35.22467120181406,0.0005897106020711362,0.0005908235311179396
1518,35.247891156462586,0.0005428487784229219,0.0005438732676747799
1519,35.27111111111111,0.0005122856819070876,0.0005132524910735727
1520,35.294331065759636,0.00040690344758331776,0.000407671374536758
1521,35.31755102040816,0.00032482604729011655,0.0003254390739881576
1522,35.34077097505669,0.00034501770278438926,0.0003456688361059567
1523,35.36399092970522,0.0002993842645082623,0.00029994927630041406
1524,35.38721088435374,0.0004471474385354668,0.00044799131580476137
1525,35.41043083900227,0.00045774527825415134,0.00045860915625535556
1526,35.43365079365079,0.0005399980000220239,0.0005410171091534004
1527,35.456870748299316,0.000532975303940475,0.0005339811595159063
1528,35.48009070294785,0.0003412959922570735,0.00034194010179488144
1529,35.50331065759637,0.0006149827386252582,0.0006161433624137655
1530,35.5265306122449,0.0006042909808456898,0.0006054314266557912
1531,35.54975056689342,0.0003579518524929881,0.0003586273957384332
1532,35.57297052154195,0.00036641323822550476,0.00036710475018835945
1533,35.59619047619048,0.0002911472984123975,0.0002916967650222286
1534,35.619410430839004,0.00018100417219102383,0.00018134577161303946
1535,35.64263038548753,0.00014875130727887154,0.00014903203760666147
1536,35.66585034013605,0.0002931886992882937,0.0002937420185240111
1537,35.68907029478458,0.00026567839086055756,0.00026617979137338237
1538,35.71229024943311,0.00019653704657685012,0.0001969079603558124
1539,35.735510204081635,0.0003222889208700508,0.0003228971593860948
1540,35.75873015873016,0.0003212254960089922,0.0003218317275805913
1541,35.781950113378684,0.00023250198864843696,0.00023294077712484828
1542,35.80517006802721,0.000220343325054273,0.00022075916713996873
1543,35.828390022675734,0.0001757246645865962,0.0001760563002783598
1544,35.851609977324266,0.0002088507026201114,0.00020924485529868775
1545,35.87482993197279,0.00017623923486098647,0.00017657184167350489
1546,35.898049886621315,0.0001965129340533167,0.00019688380232601245
1547,35.92126984126984,0.0001803986815502867,0.00018073913826243876
1548,35.944489795918365,0.00016102455265354365,0.00016132844561607008
1549,35.9677097505669,0.00016893718566279858,0.00016925601171128578
1550,35.99092970521542,0.0002030590403592214,0.00020344226274565653
1551,36.014149659863946,0.00031198785291053355,0.00031257665077601956
1552,36.03736961451247,0.00024683307856321335,0.00024729891333348893
1553,36.060589569160996,0.00026886851992458105,0.0002693759409961103
1554,36.08380952380952,0.000217553271795623,0.00021796384836412643
1555,36.10702947845805,0.00018751552852336317,0.00018786941647736533
1556,36.13024943310658,0.0002280172484461218,0.00022844757311397856
1557,36.1534693877551,0.00022164345136843622,0.0002220617471124763
1558,36.17668934240363,0.0002684495411813259,0.0002689561715368468
1559,36.19990929705215,0.00022927213285584003,0.00022970482579943245
1560,36.22312925170068,0.00019214340136386454,0.00019250602325293758
1561,36.24634920634921,0.0002319803461432457,0.00023241815015186208
1562,36.26956916099773,0.00025046151131391525,0.0002509341938298282
1563,36.29278911564626,0.000209978359634988,0.00021037464047989253
1564,36.31600907029478,0.00023866503033787012,0.00023911544999080894
1565,36.33922902494331,0.0002760586212389171,0.00027657961180126795
1566,36.36244897959184,0.000318469712510705,0.0003190707432405841
1567,36.385668934240364,0.0001741040323395282,0.0001744326094993685
1568,36.40888888888889,0.0001894469023682177,0.0001898044353000185
1569,36.432108843537414,0.0002730979467742145,0.0002736133498151636
1570,36.45532879818594,0.00035667920019477606,0.00035735234163210684
1571,36.47854875283447,0.0003060258168261498,0.00030660336286215695
1572,36.501768707482995,0.0002880320535041392,0.0002885756408800984
1573,36.52498866213152,0.0001915056345751509,0.00019186705284132528
1574,36.548208616780045,0.00018153854762203991,0.00018188115554201536
1575,36.57142857142857,0.0003213409800082445,0.0003219474295265733
1576,36.594648526077094,0.00016187061555683613,0.0001621761052482957
1577,36.617868480725626,0.00026811836869455874,0.0002686243740460883
1578,36.64108843537415,0.0001695734536042437,0.00016989348044693588
1579,36.664308390022676,0.00014951494813431054,0.00014979711964034344
1580,36.6875283446712,0.00029088990413583815,0.00029143888497931903
1581,36.710748299319725,0.0002709686814341694,0.000271480066027363
1582,36.73396825396826,0.0003007428895216435,0.00030131046537358293
1583,36.75718820861678,0.00028447326621972024,0.00028501013728817826
1584,36.78040816326531,0.0003046607889700681,0.0003052357588625475
1585,36.80362811791383,0.00032926141284406185,0.00032988281016854383
1586,36.826848072562356,0.0004220069386065006,0.0004228033695648016
1587,36.85006802721088,0.0003968275850638747,0.00039757649638485034
1588,36.87328798185941,0.00035019073402509093,0.00035085163012980587
1589,36.89650793650794,0.00037675860221497715,0.00037746963842590065
1590,36.91972789115646,0.0002284106012666598,0.00022884166828810164
1591,36.94294784580499,0.00025314741651527584,0.0002536251679953639
1592,36.96616780045351,0.0002464247518219054,0.00024688981597912197
1593,36.989387755102044,0.0002334067685296759,0.00023384726454840925
1594,37.01260770975057,0.000285698683001101,0.0002862378667326274
1595,37.03582766439909,0.00020062385010533035,0.0002010024766884027
1596,37.05904761904762,0.00020253457478247583,0.00020291680737328518
1597,37.08226757369614,0.00022970129793975502,0.00023013480082348774
1598,37.10548752834467,0.00026096258079633117,0.00026145508141490066
1599,37.1287074829932,0.00028299257974140346,0.00028352665639004755
1600,37.151927437641724,0.00036083540180698037,0.0003615163870196856
1601,37.17514739229025,0.000251547695370391,0.0002520224277829522
1602,37.198367346938774,0.00022026695660315454,0.00022068265456278704
1603,37.2215873015873,0.00020063288684468716,0.00020101153048231085
1604,37.24480725623583,0.00020643997413571924,0.00020682957717631248
1605,37.268027210884355,0.00024042322183959186,0.00024087695963262386
1606,37.29124716553288,0.0002604711044114083,0.00026096267749307634
1607,37.314467120181405,0.0002983477897942066,0.0002989108455034738
1608,37.33768707482993,0.0002977536933030933,0.00029831562780606165
1609,37.36090702947846,0.00034682758268900216,0.0003474821316994007
1610,37.384126984126986,0.0002194303961005062,0.00021984451526457433
1611,37.40734693877551,0.0002604651381261647,0.000260956699947984
1612,37.430566893424036,0.0002654904092196375,0.0002659914549648395
1613,37.45378684807256,0.0002526597527321428,0.0002531365838706473
1614,37.477006802721085,0.00019454323046375066,0.0001949103814209857
1615,37.50022675736962,0.00020573737856466323,0.00020612565563448972
1616,37.52344671201814,0.00028872827533632517,0.0002892731766542372
1617,37.54666666666667,0.0003203044179826975,0.00032090891125336347
1618,37.56988662131519,0.0003595748567022383,0.0003602534629560832
1619,37.593106575963716,0.00031709097675047815,0.0003176894054666407
1620,37.61632653061225,0.0002888707385864109,0.0002894159087675391
1621,37.63954648526077,0.0003403452574275434,0.0003409875726947313
1622,37.6627664399093,0.0003207054396625608,0.0003213106897598369
1623,37.68598639455782,0.00030522988527081907,0.00030580592918808507
1624,37.70920634920635,0.00024305679835379124,0.0002435155063538864
1625,37.73242630385487,0.0003064321936108172,0.0003070105065798352
1626,37.755646258503404,0.0002997994888573885,0.00030036528428008285
1627,37.77886621315193,0.0003355683002155274,0.0003362016001887425
1628,37.802086167800454,0.0005356698529794812,0.0005366807938321366
1629,37.82530612244898,0.00037422202876769006,0.0003749282778402123
1630,37.8485260770975,0.0002996708208229393,0.00030023637341738464
1631,37.871746031746035,0.00031166092958301306,0.000312249110463717
1632,37.89496598639456,0.00028484323411248624,0.0002853808034014151
1633,37.918185941043085,0.0003076286520808935,0.00030820922306151917
1634,37.94140589569161,0.00028693879721686244,0.00028748032134913324
1635,37.964625850340134,0.000321088416967541,0.00032169438983725067
1636,37.98784580498866,0.0003977038140874356,0.0003984543790682378
1637,38.01106575963719,0.0004590313183143735,0.00045989762338969394
1638,38.034285714285716,0.00042488225153647363,0.0004256841089179509
1639,38.05750566893424,0.0003912605461664498,0.0003919989511148558
1640,38.080725623582765,0.0002782633528113365,0.0002787885042447972
1641,38.10394557823129,0.00030072525260038674,0.00030129279516711487
1642,38.12716553287982,0.00019661580154206604,0.00019698686395103098
1643,38.15038548752835,0.00024823288549669087,0.0002487013620471731
1644,38.17360544217687,0.000304335611872375,0.0003049099680756379
1645,38.196825396825396,0.00031627988209947944,0.00031687678008040734
1646,38.22004535147392,0.0002722717181313783,0.0002727855618755254
1647,38.243265306122446,0.00029903717222623527,0.0002996015289698238
1648,38.26648526077098,0.00032319818274118006,0.00032380813725816417
1649,38.2897052154195,0.0002445648133289069,0.0002450263673244156
1650,38.31292517006803,0.00016652801423333585,0.0001668422935823858
1651,38.33614512471655,0.00019897792662959546,0.0001993534469499713
1652,38.35936507936508,0.00018625894153956324,0.00018661045800465339
1653,38.38258503401361,0.00022306696337182075,0.00022348794563336873
1654,38.40580498866213,0.0003874999238178134,0.00038823123154627597
1655,38.42902494331066,0.00037320342380553484,0.00037390775051979246
1656,38.45224489795918,0.00038696848787367344,0.00038769879265171137
1657,38.47546485260771,0.0005556948017328978,0.0005567435345924294
1658,38.49868480725623,0.000608032220043242,0.0006091797264925102
1659,38.521904761904764,0.0005388038698583841,0.0005398207253722402
1660,38.54512471655329,0.0005892147310078144,0.0005903267242238766
1661,38.568344671201814,0.00031621570815332234,0.00031681248502221925
1662,38.59156462585034,0.0002993136877194047,0.0002998785663157854
1663,38.61478458049886,0.00034945824882015586,0.0003501177625450084
1664,38.638004535147395,0.0002707460953388363,0.0002712570598572847
1665,38.66122448979592,0.00033289685961790383,0.00033352511792521114
1666,38.684444444444445,0.000389108550734818,0.00038984289433819123
1667,38.70766439909297,0.00031861328170634806,0.0003192145833866349
1668,38.730884353741494,0.00036357235512696207,0.00036425850564420626
1669,38.75410430839002,0.00042525542085058987,0.000426057982494408
1670,38.77732426303855,0.00034505745861679316,0.00034570866696740114
1671,38.800544217687076,0.0003833062364719808,0.0003840296296802635
1672,38.8237641723356,0.0004430975532159209,0.00044393378735485203
1673,38.846984126984125,0.0006350271869450808,0.0006362256395409453
1674,38.87020408163265,0.0005549173220060766,0.0005559645875700089
1675,38.89342403628118,0.000420205295085907,0.00042099832589946064
1676,38.91664399092971,0.0002623121254146099,0.00026280717295602656
1677,38.93986394557823,0.0002591855882201344,0.0002596747352163558
1678,38.963083900226756,0.0003154650912620127,0.0003160604515320925
1679,38.98630385487528,0.00038997980300337076,0.00039071579087420903
1680,39.00952380952381,0.0005261480109766126,0.0005271409817698748
1681,39.03274376417234,0.0005234458949416876,0.0005244337661769419
1682,39.05596371882086,0.0003500377351883799,0.00035069834254663356
1683,39.07918367346939,0.0003343390126246959,0.0003349699926296725
1684,39.10240362811791,0.0005242993938736618,0.0005252888758714655
1685,39.12562358276644,0.0005109331686981022,0.000511897425339279
1686,39.14884353741497,0.0004686441388912499,0.0004695285857249246
1687,39.172063492063494,0.00033723085653036833,0.000337867294156541
1688,39.19528344671202,0.00033486957545392215,0.0003355015567615406
1689,39.21850340136054,0.0002951806236524135,0.0002957377021396622
1690,39.24172335600907,0.0003571979177650064,0.00035787203815005995
1691,39.2649433106576,0.00031684222631156445,0.00031744018557442583
1692,39.288163265306125,0.0007262076833285391,0.0007275782159625965
1693,39.31138321995465,0.0008748996770009398,0.0008765508280234133
1694,39.334603174603174,0.0014948478201404214,0.0014976689658918153
1695,39.3578231292517,0.0019390714587643743,0.0019427309638550185
1696,39.381043083900224,0.0017114158254116774,0.0017146456882911477
1697,39.404263038548756,0.0012151296250522137,0.0012174228737247019
1698,39.42748299319728,0.0006166520179249346,0.0006178157920543266
1699,39.450702947845805,0.0011528704781085253,0.001155046228447391
1700,39.47392290249433,0.0008834368782117963,0.0008851041410341469
1701,39.497142857142855,0.0006759197567589581,0.0006771953836986186
1702,39.52036281179139,0.0005398429348133504,0.0005408617512985132
1703,39.54358276643991,0.000590060546528548,0.0005911741360066715
1704,39.566802721088436,0.0004271624202374369,0.00042796858085845235
1705,39.59002267573696,0.0004671651986427605,0.0004680468543521867
1706,39.613242630385486,0.00043372740037739277,0.00043454595073171774
1707,39.63646258503401,0.0004906667745672166,0.0004915927835346649
1708,39.65968253968254,0.0004193907370790839,0.00042018223062119815
1709,39.68290249433107,0.000450186402304098,0.0004510360148459795
1710,39.70612244897959,0.00030805799178779125,0.00030863937303811373
1711,39.72934240362812,0.0003343396820127964,0.00033497066328107305
1712,39.75256235827664,0.00026644504396244884,0.000266947891338367
1713,39.77578231292517,0.00029090663883835077,0.00029145565126433405
1714,39.7990022675737,0.0002905986038967967,0.0002911470349850311
1715,39.82222222222222,0.00025478494353592396,0.0002552657854325312
1716,39.84544217687075,0.0003118203894700855,0.00031240887129084294
1717,39.86866213151927,0.00043552060378715396,0.00043634253835765977
1718,39.8918820861678,0.00034028367372229695,0.000340925872765876
1719,39.91510204081633,0.0004984898841939867,0.0004994306572947393
1720,39.938321995464854,0.0006424310267902911,0.0006436434522541908
1721,39.96154195011338,0.0005155419930815697,0.0005165149477086906
1722,39.9847619047619,0.000646796659566462,0.0006480173240538882
1723,40.00798185941043,0.00039297319017350674,0.00039371482730267323
1724,40.03120181405896,0.00043517386075109243,0.00043599514093214817
1725,40.054421768707485,0.0004526891862042248,0.0004535435221153158
1726,40.07764172335601,0.0005207958747632802,0.0005217787447582298
1727,40.100861678004534,0.0005716728628613055,0.0005727517502547372
1728,40.12408163265306,0.0004432901623658836,0.000444126760005686
1729,40.147301587301584,0.0005943731521256268,0.0005954948805519387
1730,40.170521541950116,0.00029827264370396733,0.00029883555759406717
1731,40.19374149659864,0.0003382647118996829,0.0003389031006653919
1732,40.216961451247165,0.0004290906945243478,0.00042990049427353317
1733,40.24018140589569,0.00046108063543215394,0.0004619508080732575
1734,40.263401360544215,0.0004943817621096969,0.0004953147821729776
1735,40.28662131519275,0.0004348619550000876,0.00043568264653822433
1736,40.30984126984127,0.00041714016697369516,0.0004179274131361059
1737,40.333061224489796,0.0005396875785663724,0.0005407061018560605
1738,40.35628117913832,0.0005121801514178514,0.00051314676142233
1739,40.379501133786846,0.0007605236605741084,0.0007619589559031418
1740,40.40272108843537,0.0018577722366899252,0.001861278310138996
1741,40.4259410430839,0.0031315332744270563,0.0031374432484548263
1742,40.44916099773243,0.0031758996192365885,0.0031818933234765436
1743,40.47238095238095,0.0026463759131729603,0.0026513702758521915
1744,40.49560090702948,0.0013126928824931383,0.0013151702570448722
1745,40.518820861678,0.0007379520102404058,0.000739344707309882
1746,40.542040816326534,0.0005862939287908375,0.0005874004097342428
1747,40.56526077097506,0.0007819867460057139,0.0007834625474594922
1748,40.58848072562358,0.0008439955417998135,0.000845588369112978
1749,40.61170068027211,0.001088402234017849,0.0010904563169130688
1750,40.63492063492063,0.0008475054055452347,0.0008491048568351411
1751,40.658140589569165,0.0008525476441718638,0.000854156611407064
1752,40.68136054421769,0.00047744272160343826,0.0004783437735282148
1753,40.704580498866214,0.0008527927566319704,0.0008544021864547104
1754,40.72780045351474,0.0013135127956047654,0.0013159917175343395
1755,40.751020408163264,0.0013263936853036284,0.0013288969166423332
1756,40.77424036281179,0.001267347950488329,0.0012697397479929887
1757,40.79746031746032,0.00051717838505283,0.0005181544279543526
1758,40.820680272108845,0.0006818871479481459,0.000683174036823686
1759,40.84390022675737,0.0005365684046410024,0.0005375810412817964
1760,40.867120181405895,0.0004199068062007427,0.00042069927369230544
1761,40.89034013605442,0.0003422182344365865,0.00034286408447237117
1762,40.91356009070295,0.0005381574155762792,0.0005391730510717984
1763,40.936780045351476,0.0005318621988408267,0.0005328659537129754
1764,40.96,0.00042575638508424163,0.000426559892170867
1765,40.983219954648526,0.0006590611883439124,0.0006603049990157107
1766,41.00643990929705,0.0008292630664072931,0.0008308280899134069
1767,41.029659863945575,0.000691434892360121,0.0006927398001792755
1768,41.05287981859411,0.0009356134687550366,0.000937379201645544
1769,41.07609977324263,0.0006749944295734167,0.0006762683101929348
1770,41.09931972789116,0.00036066502798348665,0.0003613456916588542
1771,41.12253968253968,0.00031606227275915444,0.00031665876005769873
1772,41.145759637188206,0.0003181869105901569,0.00031878740760320825
1773,41.16897959183674,0.0005512781208381057,0.0005523185183337469
1774,41.19219954648526,0.00045148911885917187,0.0004523411899478199
1775,41.21541950113379,0.00037932570558041334,0.0003800415865472078
1776,41.23863945578231,0.0005476550431922078,0.0005486886030486125
1777,41.26185941043084,0.0005556963733397424,0.000556745109165283
1778,41.28507936507936,0.0003986386291217059,0.0003993909583285562
1779,41.308299319727894,0.00035966403083875775,0.0003603428053861459
1780,41.33151927437642,0.0003845669561997056,0.0003852927286964052
1781,41.35473922902494,0.00040574691956862807,0.00040651266386905775
1782,41.37795918367347,0.0005336629110388458,0.0005346700642981069
1783,41.40117913832199,0.00045417656656354666,0.00045503370952745256
1784,41.424399092970525,0.00028503575595095754,0.00028557368857597945
1785,41.44761904761905,0.0005893261986784637,0.000590438402261455
1786,41.470839002267574,0.0004067817353643477,0.0004075494326168747
1787,41.4940589569161,0.00030928512569516897,0.00030986882284919924
1788,41.517278911564624,0.000585404981393367,0.0005865097846742439
1789,41.54049886621315,0.0005838056677021086,0.000584907452684424
1790,41.56371882086168,0.0005974428495392203,0.0005985703712400714
1791,41.586938775510205,0.0006574330618605018,0.0006586737998569083
1792,41.61015873015873,0.0006444750470109284,0.0006456913300440625
1793,41.633378684807255,0.0007419116445817053,0.0007433118144557362
1794,41.65659863945578,0.0008486808510497212,0.0008502825206945975
1795,41.67981859410431,0.000785713258665055,0.0007871960929653978
1796,41.703038548752836,0.000415525195421651,0.00041630939373526316
1797,41.72625850340136,0.0005242343759164214,0.0005252237352093375
1798,41.749478458049886,0.0004518088244367391,0.00045266149888849853
1799,41.77269841269841,0.0003441754961386323,0.0003448250400089737
1800,41.795918367346935,0.00048456297372467816,0.00048547746331765746
1801,41.81913832199547,0.0007134833722375333,0.0007148298909648303
1802,41.84235827664399,0.0008210443775169551,0.0008225938903343336
1803,41.86557823129252,0.0006406678003259003,0.000641876898147493
1804,41.88879818594104,0.00042918737744912505,0.0004299973596627853
1805,41.912018140589566,0.0004962437087669969,0.0004971802427818857
1806,41.9352380952381,0.00041675622924230993,0.0004175427508197261
1807,41.95845804988662,0.0004382376791909337,0.00043906474155145823
1808,41.98167800453515,0.0005152988014742732,0.0005162712971389764
1809,42.00489795918367,0.0005763869266957045,0.0005774747106878261
1810,42.0281179138322,0.0005610539228655398,0.0005621127697056458
1811,42.05133786848072,0.0005668658996000886,0.0005679357150707475
1812,42.074557823129254,0.0003716134815476835,0.0003723148076495809
1813,42.09777777777778,0.000347289809724316,0.00034794523107089436
1814,42.120997732426304,0.0005138864507898688,0.0005148562810012201
1815,42.14421768707483,0.0007269807392731309,0.0007283527308540218
1816,42.16743764172335,0.0007438068278133869,0.0007452105743646221
1817,42.190657596371885,0.0006605979287996888,0.0006618446396789527
1818,42.21387755102041,0.0005169252399355173,0.000517900805089899
1819,42.237097505668935,0.0006888562347739935,0.0006901562760316188
1820,42.26031746031746,0.00031772832153365016,0.000318327953076283
1821,42.283537414965984,0.00035654648672789335,0.0003572193777022484
1822,42.30675736961451,0.0003128891403321177,0.0003134796391487948
1823,42.32997732426304,0.000521221139933914,0.0005222048125089077
1824,42.353197278911566,0.00040110686677508056,0.00040186385415387016
1825,42.37641723356009,0.0005107533652335405,0.000511717282541326
1826,42.399637188208615,0.0004560907545965165,0.0004569515101043642
1827,42.42285714285714,0.0004826176736969501,0.0004835284920299961
1828,42.44607709750567,0.0006034279358573258,0.00060456675288912
1829,42.4692970521542,0.0007601547404192388,0.0007615893395051406
1830,42.49251700680272,0.0006665930850431323,0.0006678511102577668
1831,42.515736961451246,0.0006498363800346851,0.0006510627812227766
1832,42.53895691609977,0.0004900291096419096,0.0004909539151787005
1833,42.5621768707483,0.0005699602188542485,0.0005710358740669198
1834,42.58539682539683,0.0004325256741140038,0.0004333419565150986
1835,42.60861678004535,0.0005634246044792235,0.0005644879253790112
1836,42.63183673469388,0.00036593296681530774,0.0003666235723878061
1837,42.6550566893424,0.00036684624501504004,0.00036753857416827905
1838,42.67827664399093,0.0005081710987724364,0.0005091301427078575
1839,42.70149659863946,0.0005526761524379253,0.0005537191883632816
1840,42.72471655328798,0.0005985306925140321,0.0005996602672423187
1841,42.74793650793651,0.0004658105899579823,0.0004666896891874215
1842,42.77115646258503,0.0005531886708922684,0.00055423267406609
1843,42.79437641723356,0.0005198467988520861,0.0005208278777072029
1844,42.81759637188209,0.0008036826620809734,0.0008051994090682257
1845,42.840816326530614,0.0004489605489652604,0.00044980784802018216
1846,42.86403628117914,0.00041336065623909235,0.0004141407695345265
1847,42.887256235827664,0.0004557390930131078,0.000456599184848996
1848,42.91047619047619,0.0005567459156736732,0.0005577966322439132
1849,42.93369614512471,0.0006474196561612189,0.0006486414963965524
1850,42.956916099773245,0.0006496172863990068,0.000650843274103484
1851,42.98013605442177,0.0003710087912622839,0.0003717089761647853
1852,43.003356009070295,0.0005113760707899928,0.0005123411632964248
1853,43.02657596371882,0.0005609808722510934,0.0005620395812267106
1854,43.049795918367344,0.0006096157594583929,0.0006107662544362812
1855,43.073015873015876,0.0007684394950047135,0.0007698897294615777
1856,43.0962358276644,0.0012669421266764402,0.001269333158291685
1857,43.119455782312926,0.0010340327862650156,0.001035984260630814
1858,43.14267573696145,0.0009086729260161519,0.0009103878154718534
1859,43.165895691609975,0.0006682804669253528,0.0006695416766449007
1860,43.1891156462585,0.0006201480282470584,0.000621318400208373
1861,43.21233560090703,0.00045855570351704955,0.00045942111099018824
1862,43.23555555555556,0.0005573350354097784,0.0005583868637939557
1863,43.25877551020408,0.0009351253393106163,0.0009368901509807227
1864,43.281995464852606,0.000571499636862427,0.0005725781973357642
1865,43.30521541950113,0.0005164055619388819,0.0005173801463329797
1866,43.32843537414966,0.00036525612813420594,0.0003659454563455282
1867,43.35165532879819,0.00035835689050145447,0.00035903319815331025
1868,43.37487528344671,0.00032973490306176245,0.00033035719397882154
1869,43.39809523809524,0.0003262750105932355,0.0003268907718416512
1870,43.42131519274376,0.0003347406454849988,0.0003353723834700334
1871,43.44453514739229,0.0003978218010161072,0.00039857258866728303
1872,43.46775510204082,0.00040145005914382637,0.00040220769421108295
1873,43.490975056689344,0.00031413009855896235,0.0003147229393692405
1874,43.51419501133787,0.0005174808320589364,0.0005184574457523983
1875,43.53741496598639,0.0004698949633166194,0.00047078177076384005
1876,43.56063492063492,0.00040521350456401706,0.0004059782421790479
1877,43.58385487528345,0.000412914901971817,0.00041369417401923895
1878,43.607074829931975,0.0005194309051148593,0.0005204111990761335
1879,43.6302947845805,0.00029928822186775506,0.000299853052403806
1880,43.653514739229024,0.0003210765135008842,0.0003216824639058226
1881,43.67673469387755,0.0003154877049382776,0.0003160831078859302
1882,43.699954648526074,0.00033381930552423,0.0003344493047139967
1883,43.723174603174606,0.00046151253627613187,0.00046238352402042825
1884,43.74639455782313,0.00035883369855582714,0.00035951090606183445
1885,43.769614512471655,0.0002943894360214472,0.00029494502134290765
1886,43.79283446712018,0.00039792241295799613,0.00039867339048866907
1887,43.816054421768705,0.0005214000702835619,0.0005223840805441641
1888,43.83927437641724,0.00033367826836183667,0.0003343080013797656
1889,43.86249433106576,0.00045142805902287364,0.0004522800148765824
1890,43.885714285714286,0.0004100919468328357,0.0004108658912691193
1891,43.90893424036281,0.00039085367461666465,0.0003915913116983162
1892,43.932154195011336,0.0003303792327642441,0.0003310027396900354
1893,43.95537414965986,0.00035266741178929806,0.0003533329819945187
1894,43.97859410430839,0.00027118923026137054,0.000271701031084483
1895,44.00181405895692,0.00023393187439069152,0.00023437336141342467
1896,44.02503401360544,0.0002804948890116066,0.0002810242519031071
1897,44.04825396825397,0.0003184972156304866,0.0003190982982655219
1898,44.07147392290249,0.0003562681085895747,0.00035694047419586783
1899,44.09469387755102,0.0003056708665098995,0.0003062477426672988
1900,44.11791383219955,0.0003830448549706489,0.00038376775488770684
1901,44.14113378684807,0.0002296244929311797,0.00023005785086495782
1902,44.1643537414966,0.0002327550610061735,0.0002331943270924105
1903,44.18757369614512,0.0003142685745842755,0.0003148616767328954
1904,44.210793650793654,0.000313028518576175,0.00031361928043390267
1905,44.23401360544218,0.0002811729209497571,0.0002817035634544034
1906,44.257233560090704,0.0004311603552196175,0.0004319740609279237
1907,44.28045351473923,0.00029835838358849287,0.00029892145929085725
1908,44.30367346938775,0.0004055289609823376,0.00040629429394127054
1909,44.32689342403628,0.00038942875107750297,0.00039016369897773123
1910,44.35011337868481,0.0004228175967000425,0.00042361555756968667
1911,44.373333333333335,0.0004909869749099016,0.0004919135881742048
1912,44.39655328798186,0.0004045036039315164,0.0004052670017893316
1913,44.419773242630384,0.0004457995528355241,0.00044664088631275864
1914,44.44299319727891,0.00039873618516139686,0.0003994886984805048
1915,44.46621315192744,0.0004751689557451755,0.0004760657165141539
1916,44.489433106575966,0.0005099155241623521,0.0005108778602578252
1917,44.51265306122449,0.0005491658230312169,0.0005502022341010137
1918,44.535873015873015,0.0005922007840126753,0.0005933184126456906
1919,44.55909297052154,0.0003175684832967818,0.000318167813185322
1920,44.582312925170065,0.0003358103858772665,0.00033644414272570786
1921,44.6055328798186,0.00030815068748779595,0.0003087322436777188
1922,44.62875283446712,0.0002968379412777722,0.0002973981475312821
1923,44.651972789115646,0.00038069122820161283,0.00038140968624567854
1924,44.67519274376417,0.00045323281665332615,0.000454088178528874
1925,44.698412698412696,0.00027046812465414405,0.00027097856457349576
1926,44.72163265306123,0.00029892666498199105,0.0002994908131712115
1927,44.74485260770975,0.0002984861203003675,0.00029904943707334596
1928,44.76807256235828,0.00026589585468173027,0.0002663976656023082
1929,44.7912925170068,0.00034753684303723276,0.0003481927305964729
1930,44.81451247165533,0.00029109572642482817,0.00029164509570562576
1931,44.83773242630385,0.00027161164325661957,0.0002721242412770191
1932,44.860952380952384,0.00032895628828555346,0.0003295771097648957
1933,44.88417233560091,0.00033559053554199636,0.00033622387747874507
1934,44.90739229024943,0.00033458141842857003,0.0003352128559129599
1935,44.93061224489796,0.0004461485368665308,0.00044699052896252447
1936,44.95383219954648,0.0003179872001055628,0.0003185873202157766
1937,44.977052154195015,0.00020661242888309062,0.00020700235738823703
1938,45.00027210884354,0.0002403870312264189,0.00024084070071885656
1939,45.023492063492064,0.0002187657228205353,0.00021917858758253349
1940,45.04671201814059,0.000346097513101995,0.0003467506842913967
1941,45.069931972789114,0.0003809700137935579,0.0003816889979746508
1942,45.09315192743764,0.00037224250263534486,0.0003729450158548506
1943,45.11637188208617,0.0003831126377917826,0.0003838356656317069
1944,45.139591836734695,0.00035911958548240364,0.00035979733252740445
1945,45.16281179138322,0.00034021673491224647,0.0003408588076258158
1946,45.186031746031745,0.00025539513444527984,0.0002558771279223144
1947,45.20925170068027,0.00032502299291081727,0.00032563639129371723
1948,45.2324716553288,0.0003046935598831624,0.00030526859162242047
1949,45.255691609977326,0.00034332089126110077,0.0003439688222817013
1950,45.27891156462585,0.0002612611569929868,0.0002617542210983255
1951,45.302131519274376,0.0003073903499171138,0.000307970471162905
1952,45.3253514739229,0.00037669448647648096,0.00037740540168522565
1953,45.348571428571425,0.00041985305142588913,0.00042064541746896145
1954,45.37179138321996,0.0004291613295208663,0.00042997126257567493
1955,45.39501133786848,0.00043966842349618673,0.00044049818602335275
1956,45.41823129251701,0.00044131989125162363,0.0004421527705049066
1957,45.44145124716553,0.00040818765410222113,0.0004089580046694339
1958,45.464671201814056,0.0004438782052602619,0.0004447159126817362
1959,45.48789115646259,0.000348635163391009,0.0003492931237510774
1960,45.51111111111111,0.0003202202497050166,0.00032082458412942695
1961,45.53433106575964,0.00043394608655944467,0.0004347650496284186
1962,45.55755102040816,0.0003902126627508551,0.00039094909008534877
1963,45.58077097505669,0.00032847822876647115,0.00032909814802983996
1964,45.60399092970521,0.0003404186572879553,0.00034106111107874514
1965,45.627210884353744,0.0002967682958114892,0.000297328370626863
1966,45.65043083900227,0.00044986404827795923,0.00045071305245845505
1967,45.67365079365079,0.0004306644550524652,0.0004314772248751041
1968,45.69687074829932,0.0003514311392791569,0.0003520943763338772
1969,45.72009070294784,0.0005974770174361765,0.0005986046036202587
1970,45.743310657596375,0.00038176184170879424,0.0003824823202640494
1971,45.7665306122449,0.000342628569342196,0.00034327519378093995
1972,45.789750566893424,0.0003962211776524782,0.00039696894453341837
1973,45.81297052154195,0.0005518230027519166,0.0005528644285738366
1974,45.836190476190474,0.00041814096039161086,0.0004189300952975184
1975,45.859410430839006,0.0005365330725908279,0.0005375456425513473
1976,45.88263038548753,0.0003605178790166974,0.0003611982649857481
1977,45.905850340136055,0.0003062827745452523,0.0003068608055237183
1978,45.92907029478458,0.0003310544416308403,0.0003316792228419466
1979,45.952290249433105,0.0003841846191789955,0.0003849096701116355
1980,45.97551020408163,0.00040239965892396867,0.0004031590861197277
1981,45.99873015873016,0.000476153043564409,0.0004770516615493079
1982,46.021950113378686,0.0004607164300978184,0.0004615859153938171
1983,46.04517006802721,0.00043202631059102714,0.0004328416505702498
1984,46.068390022675736,0.0005423097754828632,0.0005433332475035129
1985,46.09160997732426,0.000504447496496141,0.0005053995130776066
1986,46.11482993197279,0.00042792430031113327,0.0004287318987873632
1987,46.13804988662132,0.00033993672695942223,0.0003405782712290685
1988,46.16126984126984,0.00034315360244363546,0.000343801217749064
1989,46.18448979591837,0.0004047752299811691,0.00040553914046419313
1990,46.20770975056689,0.00042263875366188586,0.00042343637701069986
1991,46.23092970521542,0.0004351674870122224,0.00043598875516446416
1992,46.25414965986395,0.00033432667260058224,0.00033495762931689616
1993,46.27736961451247,0.00038856439641676843,0.00038929771306701525
1994,46.300589569161,0.00037356707616709173,0.0003742720891828584
1995,46.32380952380952,0.00041936873458325863,0.0004201601866012479
1996,46.34702947845805,0.00041893491288647056,0.00041972554617614497
1997,46.37024943310658,0.0003578920441213995,0.0003585674744937273
1998,46.393469387755104,0.0003213001473341137,0.0003219065197911366
1999,46.41668934240363,0.0003136119048576802,0.0003142037677089052
2000,46.439909297052154,0.0003652969899121672,0.0003659863952397215
2001,46.46312925170068,0.00040402618469670415,0.00040478868154692
2002,46.4863492063492,0.0004314903053455055,0.00043230463375090717
2003,46.509569160997735,0.0006007741903886199,0.0006019079991495698
2004,46.53278911564626,0.0005305859376676381,0.0005315872839208372
2005,46.556009070294785,0.00045387548743747175,0.0004547320621909646
2006,46.57922902494331,0.000528467760886997,0.0005294651096192813
2007,46.602448979591834,0.00044089529546909034,0.00044172737340562933
2008,46.625668934240366,0.0003804306616075337,0.0003811486278983052
2009,46.64888888888889,0.00044265485485084355,0.000443490253509002
2010,46.672108843537416,0.0005969914491288364,0.0005981181189260136
2011,46.69532879818594,0.0004321179003454745,0.000432933413177106
2012,46.718548752834465,0.0003664534306153655,0.0003671450184311521
2013,46.74176870748299,0.0002836109197232872,0.0002841461633316641
2014,46.76498866213152,0.0005405121482908726,0.0005415322277465756
2015,46.78820861678005,0.0003224595857318491,0.0003230681463344917
2016,46.81142857142857,0.00043802038999274373,0.00043884704227507165
2017,46.834648526077096,0.000635656644590199,0.0006368562851275633
2018,46.85786848072562,0.0006651668809354305,0.0006664222145518937
2019,46.88108843537415,0.0005366759141907096,0.0005376887537284843
2020,46.90430839002268,0.0004395657451823354,0.0004403953139302518
2021,46.9275283446712,0.0005229317466728389,0.0005239186475837668
2022,46.95074829931973,0.0004904632223770022,0.0004913888471913689
2023,46.97396825396825,0.0004300666623748839,0.0004308783040156103
2024,46.99718820861678,0.00047244952293112874,0.0004733411514610751
2025,47.02040816326531,0.000492330000270158,0.000493259148153864
2026,47.04362811791383,0.0003116459120064974,0.0003122340645453383
2027,47.06684807256236,0.00037734946818090975,0.00037806161950133604
2028,47.09006802721088,0.00034694289206527174,0.00034759765869284343
2029,47.11328798185941,0.00045663953642360866,0.0004575013276178313
2030,47.13650793650794,0.000426564016379416,0.0004273690476650711
2031,47.159727891156464,0.0004962779930792749,0.0004972145917970991
2032,47.18294784580499,0.0004524775722529739,0.00045333150879645604
2033,47.206167800453514,0.0004561723326332867,0.00045703324209896796
2034,47.22938775510204,0.0003881205338984728,0.0003888530128709033
2035,47.25260770975056,0.0005145491450093687,0.0005155202258878157
2036,47.275827664399095,0.0005887506995350122,0.0005898618170094769
2037,47.29904761904762,0.0004993340116925538,0.0005002763778696544
2038,47.322267573696145,0.0004239207482896745,0.0004247207910778781
2039,47.34548752834467,0.0004062590596731752,0.00040702577050803106
2040,47.368707482993194,0.0004778334405273199,0.00047873522983487025
2041,47.391927437641726,0.000607781286817044,0.0006089283196935542
2042,47.41514739229025,0.0005877717048861086,0.0005888809747567188
2043,47.438367346938776,0.0006587200914509594,0.0006599632583889694
2044,47.4615873015873,0.0008042757399380207,0.0008057936062091588
2045,47.484807256235825,0.0005446818540804088,0.0005457098027971926
2046,47.50802721088435,0.000554241705685854,0.0005552876961955061
2047,47.53124716553288,0.0004882622743025422,0.0004891837453861908
2048,47.55446712018141,0.0006505560595542192,0.000651783818954693
2049,47.57768707482993,0.0005935388617217541,0.0005946590156367367
2050,47.600907029478456,0.0005904346471652389,0.0005915489426633381
2051,47.62412698412698,0.0006830206839367747,0.0006843097120737134
2052,47.64734693877551,0.0007295550894923508,0.0007309319395057093
2053,47.67056689342404,0.0007261986029334366,0.0007275691184305535
2054,47.69378684807256,0.0006267215358093381,0.0006279043135973069
2055,47.71700680272109,0.0005924592260271311,0.0005935773424038359
2056,47.74022675736961,0.0004906751564703882,0.0004916011812565507
2057,47.763446712018144,0.0005592137458734214,0.0005602691198466355
2058,47.78666666666667,0.0004397548909764737,0.00044058481668905655
2059,47.809886621315194,0.0005079612601548433,0.0005089199080731471
2060,47.83310657596372,0.0006619656342081726,0.0006632149262841645
2061,47.85632653061224,0.0005343567463569343,0.0005353652090542087
2062,47.87954648526077,0.0005164502072148025,0.0005174248758655243
2063,47.9027664399093,0.0006716587231494486,0.0006729263084699542
2064,47.925986394557825,0.0006813592044636607,0.0006826450969799071
2065,47.94920634920635,0.0007460994529537857,0.000747507526252926
2066,47.972426303854874,0.0006799949333071709,0.000681278251107968
2067,47.9956462585034,0.0008560540154576302,0.0008576696000784414
2068,48.01886621315193,0.0008459099335595965,0.0008475063738011855
2069,48.042086167800456,0.0007137496722862124,0.0007150966935872435
2070,48.06530612244898,0.000642270315438509,0.0006434824376005332
2071,48.088526077097505,0.000552241806872189,0.0005532840230805608
2072,48.11174603174603,0.0007134620100259781,0.0007148084884375242
2073,48.134965986394555,0.0005793870077468455,0.0005804804536302963
2074,48.15818594104309,0.0005315495072863996,0.0005325526720326249
2075,48.18140589569161,0.0005416272324509919,0.0005426494163449517
2076,48.204625850340136,0.0005156646948307753,0.0005166378810262965
2077,48.22784580498866,0.00047630417975597084,0.0004772030829720611
2078,48.251065759637186,0.0004969033179804683,0.0004978410968402873
2079,48.27428571428572,0.0006593615398742259,0.000660605917383285
2080,48.29750566893424,0.0005406608688645065,0.0005416812289925353
2081,48.32072562358277,0.0007242070278152823,0.000725573784719981
2082,48.34394557823129,0.000600414932705462,0.0006015480634587425
2083,48.36716553287982,0.0005554140079766512,0.0005564622109092553
2084,48.39038548752834,0.0004958597128279507,0.0004967955221479928
2085,48.41360544217687,0.0005187151837162673,0.0005196941269351076
2086,48.4368253968254,0.0007441866328008473,0.0007455910961375722
2087,48.46004535147392,0.0006131842965260148,0.0006143415262116448
2088,48.48326530612245,0.0006178843323141336,0.0006190504321240776
2089,48.50648526077097,0.000710501684807241,0.0007118425763564984
2090,48.529705215419504,0.0006989181274548173,0.0007002371579803836
2091,48.55292517006803,0.0006767280865460634,0.0006780052390029798
2092,48.576145124716554,0.0006563589558936656,0.0006575976667877516
2093,48.59936507936508,0.0007681389106437564,0.000769588577823951
2094,48.6225850340136,0.000709348067175597,0.0007106867815644529
2095,48.64580498866213,0.0007590048480778933,0.0007604372770339332
2096,48.66902494331066,0.0007439763867296278,0.0007453804532802701
2097,48.692244897959185,0.0007369026425294578,0.000738293359183791
2098,48.71546485260771,0.0007360655581578612,0.0007374546950279604
2099,48.738684807256234,0.0007630858453921974,0.0007645259761945922
2100,48.76190476190476,0.0008219238952733576,0.000823475067957211
2101,48.78512471655329,0.0007092452142387629,0.0007105837345188126
2102,48.808344671201816,0.0007189959287643433,0.0007203528510425672
2103,48.83156462585034,0.0006674834876321256,0.0006687431932555931
2104,48.854784580498865,0.0009975857101380825,0.0009994683999008057
2105,48.87800453514739,0.0008526089950464666,0.0008542180780658669
2106,48.901224489795915,0.0009704669355414808,0.0009722984455020157
2107,48.92444444444445,0.0008619157015345991,0.0008635423485997269
2108,48.94766439909297,0.000823813839815557,0.0008253685792899183
2109,48.970884353741496,0.0008104745065793395,0.000812004071448782
2110,48.99410430839002,0.0009436444379389286,0.0009454253272448834
2111,49.017324263038546,0.0010082076769322157,0.001010110412960578
2112,49.04054421768708,0.000997353927232325,0.0009992361795636581
2113,49.0637641723356,0.0007902408833615482,0.0007917322624040408
2114,49.08698412698413,0.0006765340804122388,0.0006778108667318315
2115,49.11020408163265,0.0007606163271702826,0.0007620517973839902
2116,49.13342403628118,0.0008695153519511223,0.0008711563414270265
2117,49.1566439909297,0.0008893903577700257,0.0008910688562735844
2118,49.179863945578234,0.0009976293658837676,0.0009995121380356276
2119,49.20308390022676,0.0010354408295825124,0.001037394961272601
2120,49.22630385487528,0.0010070014977827668,0.001008901957454207
2121,49.24952380952381,0.0008641188032925129,0.0008657496081528895
2122,49.27274376417233,0.0009328000014647841,0.0009345604246500589
2123,49.295963718820865,0.0009328877204097807,0.0009346483091422943
2124,49.31918367346939,0.0007412189152091742,0.0007426177777323833
2125,49.342403628117914,0.0007539459620602429,0.000755368843653265
2126,49.36562358276644,0.0007198152015917003,0.0007211736700393905
2127,49.388843537414964,0.0008326307870447636,0.0008342021662685902
2128,49.412063492063496,0.0009747621370479465,0.0009766017531108672
2129,49.43528344671202,0.0009327485458925366,0.0009345088719684822
2130,49.458503401360545,0.0009282345999963582,0.0009299864071454167
2131,49.48172335600907,0.0008284183568321168,0.0008299817861633609
2132,49.504943310657595,0.0009586423984728754,0.0009604515926216843
2133,49.52816326530612,0.0009433660306967795,0.0009451463945797463
2134,49.55138321995465,0.0009501791791990399,0.0009519724011700956
2135,49.574603174603176,0.0009415948297828436,0.0009433718509737544
2136,49.5978231292517,0.000818978005554527,0.000820523618619433
2137,49.621043083900226,0.0007349043735302985,0.0007362913189592125
2138,49.64426303854875,0.0006125352811068296,0.0006136912859406268
2139,49.66748299319728,0.0006515763816423714,0.000652806066641749
2140,49.69070294784581,0.0005622389144264162,0.0005632999976372499
2141,49.71392290249433,0.000572907563764602,0.0005739887813425252
2142,49.73714285714286,0.0007319623837247491,0.000733343776894812
2143,49.76036281179138,0.0006890318472869694,0.0006903322199686289
2144,49.783582766439906,0.0006826432072557509,0.0006839315230012872
2145,49.80680272108844,0.0007348321960307658,0.0007362190052429737
2146,49.83002267573696,0.0007191734039224684,0.0007205306611399963
2147,49.85324263038549,0.0008397782221436501,0.0008413630903366486
2148,49.87646258503401,0.0009578609024174511,0.0009596686216908603
2149,49.89968253968254,0.0010217903181910515,0.0010237186880064548
2150,49.92290249433107,0.0009734315681271255,0.0009752686730790106
2151,49.946122448979594,0.000916855176910758,0.0009185855082877288
2152,49.96934240362812,0.0010601026006042957,0.0010621032751261046
2153,49.99256235827664,0.0012002651346847415,0.0012025303304054296
2154,50.01578231292517,0.001468608621507883,0.001471380247433416
2155,50.03900226757369,0.0011363171506673098,0.0011384616608031575
2156,50.062222222222225,0.0014516377123072743,0.0014543773099502332
2157,50.08544217687075,0.001016395166516304,0.0010183133543526322
2158,50.108662131519274,0.000732423213776201,0.0007338054766459913
2159,50.1318820861678,0.0009197168983519077,0.0009214526305015703
2160,50.155102040816324,0.0007824894855730236,0.0007839662358201005
2161,50.178321995464856,0.0009069282095879316,0.0009086398063343202
2162,50.20154195011338,0.0009154694271273911,0.0009171971432534573
2163,50.224761904761905,0.0007617037044838071,0.0007631412268461326
2164,50.24798185941043,0.0006253682076931,0.0006265484314178297
2165,50.271201814058955,0.000820142449811101,0.0008216902604689144
2166,50.29442176870748,0.0006776495720259845,0.0006789284635527992
2167,50.31764172335601,0.000886301277205348,0.0008879739458535908
2168,50.340861678004536,0.0008895461796782911,0.0008912249722561418
2169,50.36408163265306,0.0008892717305570841,0.0008909500051818952
2170,50.387301587301586,0.0009179404587484896,0.0009196728383193999
2171,50.41052154195011,0.0007421490154229105,0.0007435496332741408
2172,50.43374149659864,0.0008306145900860429,0.0008321821642499782
2173,50.45696145124717,0.0009717923821881413,0.00097362639359272
2174,50.48018140589569,0.00096250104252249,0.0009643175188823174
2175,50.50340136054422,0.0012445017928257585,0.0012468504740079692
2176,50.52662131519274,0.0013327255146577954,0.0013352406957168935
2177,50.54984126984127,0.0015020921127870679,0.001504926930301665
2178,50.5730612244898,0.0017120462143793702,0.0017152772669579751
2179,50.59628117913832,0.0017472312320023775,0.0017505286873690405
2180,50.61950113378685,0.0012721879174932837,0.0012745888492069037
2181,50.64272108843537,0.00112530670594424,0.0011274304366609839
2182,50.6659410430839,0.0011252535041421652,0.0011273771344540143
2183,50.68916099773243,0.0009891963563859463,0.0009910632133733354
2184,50.712380952380954,0.0009098441223613918,0.0009115612221528538
2185,50.73560090702948,0.0009213157463818789,0.0009230544959512854
2186,50.758820861678004,0.0009154416620731354,0.0009171693257997106
2187,50.78204081632653,0.0009249653085134923,0.0009267109457048785
2188,50.80526077097505,0.0008599878055974841,0.0008616108142484812
2189,50.828480725623585,0.0007255416130647063,0.0007269108886602414
2190,50.85170068027211,0.0007605399587191641,0.0007619752848068086
2191,50.874920634920635,0.0007316661067306995,0.0007330469407531543
2192,50.89814058956916,0.0008007389260455966,0.0008022501174784323
2193,50.921360544217684,0.0006543831550516188,0.0006556181371232281
2194,50.944580498866216,0.000807707489002496,0.0008092318318287474
2195,50.96780045351474,0.0008964029257185757,0.0008980946586637999
2196,50.991020408163266,0.0009531050454825163,0.0009549037892833686
2197,51.01424036281179,0.0009130332618951797,0.0009147563803778592
2198,51.037460317460315,0.0010471770074218512,0.0010491532881680532
2199,51.06068027210885,0.0009324908605776727,0.0009342507003380072
2200,51.08390022675737,0.000810280442237854,0.0008118096408601206
2201,51.1071201814059,0.0007192073971964419,0.0007205647185676442
2202,51.13034013605442,0.0005852613830938935,0.0005863659153694366
2203,51.153560090702946,0.0006957854493521154,0.0006970985677430811
2204,51.17678004535147,0.0007802058244124055,0.0007816782648288133
2205,51.2,0.0006434067036025226,0.0006446209704087023
2206,51.22321995464853,0.0007726928452029824,0.0007741511067785134
2207,51.24643990929705,0.000655143114272505,0.0006563795305742068
2208,51.26965986394558,0.0006050094380043447,0.0006061512397199327
2209,51.2928798185941,0.0006150521221570671,0.0006162128768893757
2210,51.316099773242634,0.0005190594238229096,0.0005200390167075562
2211,51.33931972789116,0.0005688499077223241,0.0005699234675046175
2212,51.36253968253968,0.0006223128875717521,0.0006234873451554316
2213,51.38575963718821,0.0005729128606617451,0.0005739940882362168
2214,51.40897959183673,0.0005545547464862466,0.0005556013277809352
2215,51.43219954648526,0.0007082211086526513,0.0007095576961934053
2216,51.45541950113379,0.0004769223160110414,0.0004778223858023819
2217,51.478639455782314,0.00047319039003923535,0.0004740834167677583
2218,51.50185941043084,0.00038085441337898374,0.0003815731793936426
2219,51.525079365079364,0.00045610161032527685,0.0004569623863205566
2220,51.54829931972789,0.0005536351818591356,0.0005546800277090479
2221,51.57151927437642,0.00048714177682995796,0.0004880611332590969
2222,51.594739229024945,0.0006640111096203327,0.0006652642620118636
2223,51.61795918367347,0.0005440409877337515,0.000545067726978008
2224,51.641179138321995,0.0005458787782117724,0.0005469089858189813
2225,51.66439909297052,0.0004857150779571384,0.00048663174185436246
2226,51.687619047619044,0.0005032439366914332,0.0005041936818593249
2227,51.710839002267576,0.0004900425556115806,0.0004909673865242256
2228,51.7340589569161,0.0005207947106100619,0.0005217775784079679
2229,51.757278911564626,0.0005881176912225783,0.0005892276140545601
2230,51.78049886621315,0.0004282828595023602,0.0004290911346680332
2231,51.803718820861675,0.0003883915487676859,0.0003891245392118773
2232,51.82693877551021,0.0003805021697189659,0.0003812202709631434
2233,51.85015873015873,0.000333094852976501,0.0003337234849460065
2234,51.87337868480726,0.0004197316011413932,0.0004205237379778871
2235,51.89659863945578,0.0005336541798897088,0.0005346613166711425
2236,51.919818594104306,0.0004738710995297879,0.000474765410924657
2237,51.94303854875283,0.00042839228990487754,0.00042920077159265335
2238,51.96625850340136,0.00037029979284852743,0.00037099863969652203
2239,51.98947845804989,0.0003208569542039186,0.0003214624902464253
2240,52.01269841269841,0.0002474042703397572,0.000247871183089498
2241,52.03591836734694,0.00029561269911937416,0.0002961705930393722
2242,52.05913832199546,0.00046228026621975005,0.0004631527028594052
2243,52.082358276643994,0.0004030564159620553,0.0004038170826199875
2244,52.10557823129252,0.0004105032712686807,0.00041127799197541065
2245,52.128798185941044,0.000448898907052353,0.0004497460897738137
2246,52.15201814058957,0.0005045776488259435,0.0005055299110368887
2247,52.17523809523809,0.0005909004830755293,0.0005920156577206438
2248,52.19845804988662,0.0005171974189579487,0.0005181734977811349
2249,52.22167800453515,0.0003808432084042579,0.0003815619532723716
2250,52.244897959183675,0.00030770566081628203,0.00030828637713134493
2251,52.2681179138322,0.0002576998667791486,0.00025818620985334226
2252,52.291337868480724,0.00032839589403010905,0.000329015657907566
2253,52.31455782312925,0.0004044456873089075,0.00040520897586380133
2254,52.33777777777778,0.0004881923086941242,0.0004891136477354497
2255,52.360997732426306,0.00037318840622901917,0.00037389270460141374
2256,52.38421768707483,0.0005074723158031702,0.0005084300409631424
2257,52.407437641723355,0.00039889910840429366,0.0003996519291996599
2258,52.43065759637188,0.00031643317197449505,0.00031703035925114515
2259,52.453877551020405,0.0003080882306676358,0.000308669668986167
2260,52.47709750566894,0.0003650561557151377,0.0003657451065292876
2261,52.50031746031746,0.0005513617070391774,0.0005524022622825525
2262,52.523537414965986,0.0005748301045969129,0.000575914950482566
2263,52.54675736961451,0.0005630971863865852,0.0005641598893678473
2264,52.569977324263036,0.00046035952982492745,0.00046122834156227027
2265,52.59319727891157,0.0004012449353467673,0.0004020021832949334
2266,52.61641723356009,0.0005224770866334438,0.0005234631294889756
2267,52.63963718820862,0.0003713501791935414,0.0003720510083790921
2268,52.66285714285714,0.00030204709037207067,0.0003026171275720072
2269,52.68607709750567,0.0004414218128658831,0.0004422548844703373
2270,52.70929705215419,0.0004611732147168368,0.00046204356207783635
2271,52.73251700680272,0.00032615469535812736,0.00032677022954208216
2272,52.75573696145125,0.00030333473114296794,0.00030390719843795575
2273,52.77895691609977,0.00030403619166463614,0.00030460998278827314
2274,52.8021768707483,0.0003799035621341318,0.00038062053365846624
2275,52.82539682539682,0.0005505513399839401,0.0005515903658652329
2276,52.848616780045354,0.00046806628233753145,0.00046894963861366615
2277,52.87183673469388,0.0003464423061814159,0.00034709612808021963
2278,52.895056689342404,0.0003869294305332005,0.0003876596616004241
2279,52.91827664399093,0.00044128266745246947,0.0004421154764552818
2280,52.94149659863945,0.00043776637176051736,0.0004385925446479216
2281,52.964716553287985,0.0003944346681237221,0.00039517906342148237
2282,52.98793650793651,0.0004955556360073388,0.0004964908714595804
2283,53.011156462585035,0.0007626817096024752,0.0007641210777011682
2284,53.03437641723356,0.0005485866568051279,0.0005496219748457106
2285,53.057596371882084,0.0003499469894450158,0.00035060742554371725
2286,53.08081632653061,0.00035654910607263446,0.0003572220019903377
2287,53.10403628117914,0.0003692236787173897,0.0003699204946731636
2288,53.127256235827666,0.00032747420482337475,0.0003280922292464507
2289,53.15047619047619,0.0004412816488184035,0.0004421144558988026
2290,53.173696145124715,0.0003188353148289025,0.0003194370355403388
2291,53.19691609977324,0.0003003943129442632,0.00030096123094640873
2292,53.22013605442177,0.0003286077990196645,0.0003292279628139912
2293,53.2433560090703,0.0005824492545798421,0.0005835484796767528
2294,53.26657596371882,0.0005401286762207747,0.0005411480319703005
2295,53.289795918367346,0.0003769168397411704,0.00037762817458525155
2296,53.31301587301587,0.00038404951919801533,0.0003847743151637402
2297,53.336235827664396,0.0005240011960268021,0.0005249901152518758
2298,53.35945578231293,0.0004334585682954639,0.00043427661129748484
2299,53.38267573696145,0.00037373966188170016,0.00037444500060918745
2300,53.40589569160998,0.0003209388814866543,0.0003215445721461076
2301,53.4291156462585,0.0002680125762708485,0.0002685183819660367
2302,53.45233560090703,0.0004046378890052438,0.00040540154029204364
2303,53.47555555555556,0.00034822762245312333,0.0003488848136831372
2304,53.498775510204084,0.00036057663965038955,0.00036125713651521827
2305,53.52199546485261,0.00038915424374863505,0.00038988867358597147
2306,53.54521541950113,0.0005861620302312076,0.0005872682622495678
2307,53.56843537414966,0.00039566008490510285,0.0003964067928659315
2308,53.59165532879818,0.0002552970836404711,0.0002557788920715045
2309,53.614875283446715,0.0005092290230095387,0.0005101900635083735
2310,53.63809523809524,0.0006869122153148055,0.0006882085877292456
2311,53.661315192743764,0.000446934747742489,0.00044777822361190934
2312,53.68453514739229,0.0004656419041566551,0.0004665206850344699
2313,53.707755102040814,0.0005223981570452452,0.0005233840509412177
2314,53.730975056689346,0.0006427675834856927,0.0006439806441149105
2315,53.75419501133787,0.0006529733072966337,0.0006542056286385349
2316,53.777414965986395,0.00040824347524903715,0.0004090139311644928
2317,53.80063492063492,0.0005298250471241772,0.000530824957389649
2318,53.823854875283445,0.0007129498990252614,0.0007142954109573073
2319,53.84707482993197,0.0011025461135432124,0.0011046268894202153
2320,53.8702947845805,0.0014354371232911944,0.00143814614643536
2321,53.893514739229026,0.001708196708932519,0.001711420496546898
2322,53.91673469387755,0.0010966454865410924,0.0010987151264826686
2323,53.939954648526076,0.001084580784663558,0.001086627655543304
2324,53.9631746031746,0.0007678978145122528,0.0007693470266847082
2325,53.98639455782313,0.0008151683141477406,0.0008167067373873135
2326,54.00961451247166,0.0007082166848704219,0.00070955326406241
2327,54.03283446712018,0.0006612726137973368,0.000662520597973246
2328,54.05605442176871,0.0008012793841771781,0.0008027915955875267
2329,54.07927437641723,0.0007118589710444212,0.000713202424126866
2330,54.102494331065756,0.0009320909157395363,0.000933850000705526
2331,54.12571428571429,0.0009493415709584951,0.0009511332121566471
2332,54.14893424036281,0.0011833356693387032,0.0011855689149915711
2333,54.17215419501134,0.00072531244950369,0.0007266812926111832
2334,54.19537414965986,0.0005645257770083845,0.0005655911760917573
2335,54.21859410430839,0.0005399953224696219,0.000541014426547798
2336,54.24181405895692,0.00044115999480709434,0.0004419925722964324
2337,54.265034013605444,0.0005637991125695407,0.0005648631402582695
2338,54.28825396825397,0.0006465798942372203,0.0006478001496351194
2339,54.31147392290249,0.0006435482646338642,0.0006447627986005514
2340,54.33469387755102,0.0006618521292693913,0.0006631012071336277
2341,54.35791383219954,0.0006202334770932794,0.0006214040103175976
2342,54.381133786848075,0.0008941919659264386,0.0008958795262463693
2343,54.4043537414966,0.0005767304683104157,0.0005778189006501174
2344,54.427573696145124,0.0005767102120444179,0.0005777986061555601
2345,54.45079365079365,0.00043386564357206225,0.0004346844548253202
2346,54.474013605442174,0.00044244175660423934,0.0004432767530935583
2347,54.497233560090706,0.00038451209547929466,0.00038523776444031245
2348,54.52045351473923,0.00040102683124132454,0.00040178366757336346
2349,54.543673469387755,0.00032287443173117936,0.0003234837752503254
2350,54.56689342403628,0.0003746563452295959,0.0003753634139641765
2351,54.590113378684805,0.0004809254314750433,0.0004818330561305187
2352,54.61333333333334,0.00035497007775120437,0.0003556399936538317
2353,54.63655328798186,0.0002222922194050625,0.00022271173953406374
2354,54.659773242630386,0.0002532663056626916,0.00025374428151586203
2355,54.68299319727891,0.00036467923200689256,0.00036536747147323585
2356,54.706213151927436,0.00037454449920915067,0.0003752513568627629
2357,54.72943310657596,0.0004000098560936749,0.00040076477314331035
2358,54.75265306122449,0.0003554752911441028,0.0003561461605087466
2359,54.77587301587302,0.0002460319083184004,0.0002464962310832385
2360,54.79909297052154,0.0003483764885459095,0.0003490339607228797
2361,54.82231292517007,0.0003195420140400529,0.00032014506846683483
2362,54.84553287981859,0.0002917730307672173,0.0002923236782880084
2363,54.868752834467124,0.0003122306661680341,0.0003128199222818986
2364,54.89197278911565,0.0003151282435283065,0.0003157229680838071
2365,54.91519274376417,0.0002995477698277682,0.00030011309019470014
2366,54.9384126984127,0.00024995917920023203,0.0002504309136918115
2367,54.96163265306122,0.000295689475024119,0.0002962475138391456
2368,54.98485260770975,0.00035889618447981775,0.0003595735099121428
2369,55.00807256235828,0.0004179320822004229,0.00041872082290177415
2370,55.031292517006804,0.00047182932030409575,0.0004727197783590394
2371,55.05451247165533,0.00038232823135331273,0.000383049778825228
2372,55.077732426303854,0.00036155941779725254,0.0003622417694063276
2373,55.10095238095238,0.00032932544127106667,0.00032994695943294923
2374,55.12417233560091,0.00036829785676673055,0.00036899292546861847
2375,55.147392290249435,0.000513532490003854,0.0005145016522040846
2376,55.17061224489796,0.0005607302300632,0.0005617884660153201
2377,55.193832199546485,0.0006084988708607852,0.0006096472579949991
2378,55.21705215419501,0.00064448470948264,0.0006457010107512364
2379,55.240272108843534,0.0004860090557485819,0.0004869262744542528
2380,55.263492063492066,0.00033575925044715405,0.00033639291079045323
2381,55.28671201814059,0.00027461827266961336,0.0002751365449397126
2382,55.309931972789116,0.0003460438165348023,0.0003466968863855659
2383,55.33315192743764,0.0002687728847377002,0.0002692801253220939
2384,55.356371882086165,0.0003236423071939498,0.0003242530998830851
2385,55.3795918367347,0.0002529472403693944,0.00025342461406782743
2386,55.40281179138322,0.0003168296243529767,0.0003174275598328406
2387,55.42603174603175,0.00036924704909324646,0.00036994390915467154
2388,55.44925170068027,0.000529229175299406,0.0005302279610080873
2389,55.472471655328796,0.0004867311508860439,0.0004876497323629626
2390,55.49569160997732,0.0004396500007715076,0.00044047972853045793
2391,55.51891156462585,0.0003807074099313468,0.00038142589851431917
2392,55.54213151927438,0.000416621973272413,0.0004174082414757706
2393,55.5653514739229,0.0004542353854048997,0.00045509263937443587
2394,55.58857142857143,0.0006137449527159333,0.0006149032404977836
2395,55.61179138321995,0.00045045302249491215,0.0004513031382147148
2396,55.635011337868484,0.00036148831713944674,0.00036217053456408113
2397,55.65823129251701,0.00028131180442869663,0.00028184270904065
2398,55.68145124716553,0.0003522674669511616,0.00035293228236203753
2399,55.70467120181406,0.00047416568850167096,0.0004750605558584348
2400,55.72789115646258,0.0005670785903930664,0.0005681488072635995
2401,55.75111111111111,0.0005920658586546779,0.0005931832326503346
2402,55.77433106575964,0.0006672680610790849,0.0006685273601396256
2403,55.797551020408164,0.0005774663295596838,0.0005785561506506744
2404,55.82077097505669,0.00046484742779284716,0.00046572470929822545
2405,55.843990929705214,0.0005916731315664947,0.0005927897643894773
2406,55.86721088435374,0.0006950949318706989,0.0006964067470852258
2407,55.89043083900227,0.0003856856201309711,0.0003864135038218367
2408,55.913650793650795,0.00043877834104932845,0.0004396064237718485
2409,55.93687074829932,0.0004838864551857114,0.0004847996680217016
2410,55.960090702947845,0.0006243620882742107,0.0006255404132039689
2411,55.98331065759637,0.00045889950706623495,0.0004597655633812885
2412,56.006530612244894,0.0004741411830764264,0.0004750360041854215
2413,56.029750566893426,0.0006672986783087254,0.000668558035151514
2414,56.05297052154195,0.000587069196626544,0.0005881771406911657
2415,56.076190476190476,0.0005128305056132376,0.0005137983429961494
2416,56.099410430839,0.00044731717207469046,0.0004481613696729487
2417,56.122630385487525,0.00044551081373356283,0.000446351602289047
2418,56.14585034013606,0.0004741620214190334,0.0004750568818551098
2419,56.16907029478458,0.00039196418947540224,0.00039270392237191425
2420,56.19229024943311,0.0003511043032631278,0.0003517669234978443
2421,56.21551020408163,0.00029408017871901393,0.0002946351803958297
2422,56.23873015873016,0.00035901437513530254,0.00035969192362248376
2423,56.26195011337869,0.0004513360618147999,0.0004521878440471345
2424,56.28517006802721,0.00046684336848556995,0.0004677244168222801
2425,56.30839002267574,0.00033828208688646555,0.000338920508443051
2426,56.33160997732426,0.0004751520464196801,0.00047604877527659956
2427,56.35482993197279,0.0003809244080912322,0.00038164330620314024
2428,56.37804988662131,0.00035374873550608754,0.0003544163464352992
2429,56.401269841269844,0.00043052356340922415,0.00043133606733465575
2430,56.42448979591837,0.0004655495868064463,0.0004664281934587
2431,56.447709750566894,0.00036014715442433953,0.000360826840744841
2432,56.47092970521542,0.00035760251921601593,0.00035827740318358884
2433,56.49414965986394,0.0005349108832888305,0.0005359203917788807
2434,56.517369614512475,0.0005609451327472925,0.0005620037742736697
2435,56.540589569161,0.0006002098671160638,0.000601342610860106
2436,56.563809523809525,0.0004785135097336024,0.000479416582499125
2437,56.58702947845805,0.0005446223076432943,0.0005456501439812956
2438,56.610249433106574,0.0006337555823847651,0.0006349516351498547
2439,56.6334693877551,0.0004891736898571253,0.0004900968810062447
2440,56.65668934240363,0.0005371013539843261,0.0005381149964317015
2441,56.679909297052156,0.0004202499403618276,0.0004210430554320051
2442,56.70312925170068,0.0005424158298410475,0.0005434395020123735
2443,56.726349206349205,0.0004957698984071612,0.000496705538225286
2444,56.74956916099773,0.00040269677992910147,0.00040345676786532515
2445,56.77278911564626,0.000643931794911623,0.0006451470526943394
2446,56.79600907029479,0.0005833946634083986,0.0005844956727244546
2447,56.81922902494331,0.0006076365243643522,0.000608783284038485
2448,56.842448979591836,0.0008858765941113234,0.0008875484612780439
2449,56.86566893424036,0.0007133031031116843,0.0007146492816267726
2450,56.888888888888886,0.0008371390867978334,0.0008387189742928854
2451,56.91210884353742,0.0005206510541029274,0.0005216336507856475
2452,56.93532879818594,0.00041192048229277134,0.00041269787762551047
2453,56.95854875283447,0.0005852396716363728,0.0005863441629370519
2454,56.98176870748299,0.0005090330960229039,0.000509993766759293
2455,57.00498866213152,0.00045331206638365984,0.0004541675778229539
2456,57.02820861678005,0.0006862498703412712,0.0006875449927477286
2457,57.05142857142857,0.0005221443134360015,0.000523129728266607
2458,57.0746485260771,0.00047033769078552723,0.00047122533376844667
2459,57.09786848072562,0.0005245922948233783,0.0005255823295973635
2460,57.12108843537415,0.0003528473898768425,0.0003535132997450109
2461,57.14430839002267,0.00037399260327219963,0.0003746984193623452
2462,57.167528344671204,0.0005184470792300999,0.0005194255164697885
2463,57.19074829931973,0.0005295727751217782,0.0005305722092878918
2464,57.213968253968254,0.0005210474482737482,0.0005220307930498298
2465,57.23718820861678,0.0005628472426906228,0.000563909473966614
2466,57.2604081632653,0.0006103909690864384,0.0006115429270756909
2467,57.283628117913835,0.0007051253924146295,0.0007064561375769188
2468,57.30684807256236,0.0011091599008068442,0.0011112531585282114
2469,57.330068027210885,0.0016886675730347633,0.0016918545043631552
2470,57.35328798185941,0.0011925623985007405,0.0011948130572624375
2471,57.376507936507934,0.0008261997718364,0.0008277590141517148
2472,57.39972789115646,0.0009454571409150958,0.0009472414512377126
2473,57.42294784580499,0.000760976632591337,0.0007624127827900531
2474,57.446167800453516,0.0010308382334187627,0.0010327836788770908
2475,57.46938775510204,0.0013093004235997796,0.0013117713957466232
2476,57.492607709750565,0.0010380159365013242,0.001039974928051959
2477,57.51582766439909,0.001139406580477953,0.0011415569211282298
2478,57.53904761904762,0.0008726583328098059,0.0008743052538641469
2479,57.56226757369615,0.0006199353956617415,0.0006211053663330341
2480,57.58548752834467,0.0006517423316836357,0.0006529723298715852
2481,57.608707482993196,0.0006566632655449212,0.0006579025507462165
2482,57.63192743764172,0.000550419616047293,0.0005514583933330971
2483,57.655147392290246,0.00044891025754623115,0.0004497574616888674
2484,57.67836734693878,0.000588752911426127,0.0005898640330749746
2485,57.7015873015873,0.0006552136037498713,0.0006564501530825658
2486,57.72480725623583,0.0011248437222093344,0.00112696657916182
2487,57.74802721088435,0.0009069944499060512,0.0009087061716642232
2488,57.77124716553288,0.0010359036969020963,0.001037858702136739
2489,57.79446712018141,0.0006124942447058856,0.0006136501720938942
2490,57.817687074829934,0.0004270944045856595,0.00042790043684439995
2491,57.84090702947846,0.0003771275805775076,0.00037783931314141486
2492,57.86412698412698,0.0007278839475475252,0.0007292576437047291
2493,57.88734693877551,0.0009756054496392608,0.000977446657240599
2494,57.91056689342403,0.0010189295280724764,0.0010208524988728229
2495,57.933786848072565,0.001030696788802743,0.001032641967320268
2496,57.95700680272109,0.0007238478865474463,0.0007252139656641801
2497,57.980226757369614,0.0006087868823669851,0.0006099358130497971
2498,58.00344671201814,0.000574730453081429,0.0005758151109001461
2499,58.026666666666664,0.0006938332808203995,0.0006951427149888745
2500,58.049886621315196,0.0006165163358673453,0.0006176798539313003
2501,58.07310657596372,0.0005828050780110061,0.0005839049746343073
2502,58.096326530612245,0.0004964139661751688,0.0004973508215076909
2503,58.11954648526077,0.0004919962375424802,0.0004929247555337728
2504,58.142766439909295,0.0007537687197327614,0.0007551912668258882
2505,58.16598639455783,0.0006131406407803297,0.0006142977880768231
2506,58.18920634920635,0.001151146600022912,0.0011533190969795462
2507,58.212426303854876,0.0009807852329686284,0.0009826362160959673
2508,58.2356462585034,0.0006282084505073726,0.0006293940344693389
2509,58.258866213151926,0.0005404712283052504,0.0005414912305348693
2510,58.28208616780045,0.0009653525776229799,0.0009671744355313672
2511,58.30530612244898,0.0011272338451817632,0.0011293612128845593
2512,58.32852607709751,0.0009447925840504467,0.0009465756401906979
2513,58.35174603174603,0.0009304480045102537,0.0009322039888983972
2514,58.37496598639456,0.0008308793185278773,0.0008324473922995378
2515,58.39818594104308,0.0008283916395157576,0.0008299550184248499
2516,58.42140589569161,0.0005478223320096731,0.0005488562075812498
2517,58.44462585034014,0.0007672883803024888,0.0007687364423225953
2518,58.46784580498866,0.0011894782073795795,0.0011917230455135439
2519,58.49106575963719,0.0012161843478679657,0.0012184795870619977
2520,58.51428571428571,0.0010080354986712337,0.0010099379097568406
2521,58.53750566893424,0.0009130246471613646,0.000914747749385921
2522,58.56072562358277,0.0007213944918476045,0.0007227559408047056
2523,58.583945578231294,0.0010134147014468908,0.0010153272644120752
2524,58.60716553287982,0.0012928732903674245,0.0012953132604707814
2525,58.63038548752834,0.0013391185784712434,0.0013416458248152305
2526,58.65360544217687,0.0008344171801581979,0.0008359919307455
2527,58.6768253968254,0.0008873192709870636,0.0008889938608401231
2528,58.700045351473925,0.0008337344042956829,0.0008353078663168864
2529,58.72326530612245,0.00069429911673069,0.0006956094300461801
2530,58.746485260770974,0.0007470700656995177,0.0007484799707837983
2531,58.7697052154195,0.0008134111994877458,0.0008149463066194909
2532,58.792925170068024,0.0006887873751111329,0.0006900872864136266
2533,58.816145124716556,0.0006064015324227512,0.0006075459613631316
2534,58.83936507936508,0.0006783422431908548,0.0006796224419586391
2535,58.862585034013605,0.0008493326022289693,0.000850935501888731
2536,58.88580498866213,0.001380779198370874,0.0013833850685582025
2537,58.909024943310655,0.0021966947242617607,0.0022008404278611267
2538,58.93224489795919,0.0025517812464386225,0.0025565970856999067
2539,58.95546485260771,0.001987890573218465,0.0019916422119935374
2540,58.978684807256236,0.0015320960665121675,0.001534987508872074
2541,59.00190476190476,0.0015634263399988413,0.0015663769102958838
2542,59.025124716553286,0.0028573893941938877,0.0028627819912468446
2543,59.04834467120181,0.004331480246037245,0.004339654815333675
2544,59.07156462585034,0.004027990158647299,0.004035591967453266
2545,59.09478458049887,0.0023516975343227386,0.002356135766374276
2546,59.11800453514739,0.0016403509071096778,0.0016434466529976794
2547,59.14122448979592,0.0014620254514738917,0.001464784653337308
2548,59.16444444444444,0.0013885857770219445,0.0013912063801445578
2549,59.187664399092974,0.002282569417729974,0.0022868771880115574
2550,59.2108843537415,0.002122347941622138,0.0021263533345442917
2551,59.23410430839002,0.0012070985976606607,0.0012093766898078494
2552,59.25732426303855,0.0008633089018985629,0.0008649381782756746
2553,59.28054421768707,0.0007656881934963167,0.0007671332355700789
2554,59.3037641723356,0.0009102030890062451,0.0009119208662561155
2555,59.32698412698413,0.0011752877617254853,0.001177505818995921
2556,59.350204081632654,0.0017720999894663692,0.0017754443782991125
2557,59.37342403628118,0.0020813634619116783,0.00208529150703344
2558,59.396643990929704,0.0018535921117290854,0.0018570902962535348
2559,59.41986394557823,0.0009609622065909207,0.0009627757787886039
2560,59.44308390022676,0.0007166937575675547,0.0007180463350821156
2561,59.466303854875285,0.0005164842586964369,0.0005174589916106853
2562,59.48952380952381,0.0009848806075751781,0.000986739319682361
2563,59.512743764172335,0.0013501211069524288,0.0013526691177756232
2564,59.53596371882086,0.0010107961716130376,0.0010127037927679479
2565,59.559183673469384,0.0010050797136500478,0.0010069765464418364
2566,59.582403628117916,0.000740343879442662,0.0007417410905580142
2567,59.60562358276644,0.0008040416869334877,0.0008055591114890006
2568,59.628843537414966,0.0013296828838065267,0.0013321923226723503
2569,59.65206349206349,0.0014548121253028512,0.0014575577138444254
2570,59.675283446712015,0.0008598949643783271,0.0008615177978150934
2571,59.69850340136055,0.0009002729784697294,0.0009019720151569998
2572,59.72172335600907,0.0007919302443042397,0.00079342481158662
2573,59.7449433106576,0.0006003370508551598,0.0006014700346262204
2574,59.76816326530612,0.00047938854550011456,0.000480293269673494
2575,59.791383219954646,0.00047597350203432143,0.0004768717811801639
2576,59.81460317460318,0.0005416731582954526,0.0005426954288627842
2577,59.8378231292517,0.0004536341584753245,0.00045449027778166946
2578,59.86104308390023,0.0006411164649762213,0.0006423264095384353
2579,59.88426303854875,0.0006150076515041292,0.0006161683223093705
2580,59.90748299319728,0.000917277589906007,0.000919008718480265
2581,59.9307029478458,0.0012076820712536573,0.0012099612645591216
2582,59.953922902494334,0.0010682725114747882,0.0010702886046292037
2583,59.97714285714286,0.0014006432611495256,0.0014032866197122985
